0.014255001124121926,0.013192878436759856,0.012167351435249591,0.011175858978117705,0.010216091711554773,0.009285891,0.008383516,0.007507555,0.006657141,0.00583203,0.005032813,0.004261089,0.003519808,0.002813824,0.00215012,0.014241107780617669,0.013178125,0.012151747832381347,0.011159437,0.010198910533462138,0.009268051,0.008365166,0.007488908,0.006638491,0.005813766,0.005015447,0.00424527,0.003506352,0.00280373,0.002144579,0.014162989163159912,0.013095283775138451,0.012064012,0.011066647630265948,0.010100924,0.009164737,0.008256408,0.0073746,0.006518523,0.005688009,0.004883721,0.004107298,0.003361698,0.002651717,0.001984196,-0.010292325,-0.009608854,-0.008959439,-0.008340957,-0.007750308,-0.007184171,-0.006639262,-0.006112023,-0.005598717,-0.005095518,-0.004598274,-0.004103099,-0.003606425,-0.003105945,-0.002601578,0.014282913115676482,0.013224719307567233,0.012203677414968216,0.011217302373254683,0.010263367149644978,0.009339806,0.008444973,0.007577553,0.00673677,0.005922449,0.005135213,0.004376628,0.003649511,0.002958442,0.002309966,0.014268043,0.013208690752008803,0.012186408962341511,0.011198707353671736,0.010243351634457231,0.009318269,0.008421804,0.007552632,0.006709956,0.005893582,0.005104101,0.004343038,0.003613159,0.002918981,0.002266982,0.014126434146943423,0.013054147253611054,0.012017762736368523,0.011014710953980742,0.010042684931717049,0.009099549,0.008183608,0.00729352,0.00642853,0.00558854,0.004774345,0.003987795,0.003232158,0.002512673,0.001836747,-0.010292325,-0.009608854,-0.008959439,-0.008340957,-0.007750308,-0.007184171,-0.006639262,-0.006112023,-0.005598717,-0.005095518,-0.004598274,-0.004103099,-0.003606425,-0.003105945,-0.002601578,0.00687822,0.007983452,0.009156843,0.010401992452263741,0.011721720535866597,0.013117628233379924,0.014589108006788443,0.016132294,0.017738013,0.019390441881500804,0.021062205663288806,0.022713282,0.024284722,0.025693821085998512,0.026835620071151176
0.013192878436759856,0.012220763928382321,0.011281495,0.010372691476179426,0.009492198,0.008637986,0.007808402,0.007002083,0.006218161,0.005456335,0.00471707,0.004001775,0.003313132,0.002655635,0.002035836,0.013178478158586974,0.012205458951090709,0.011265286206080796,0.010355601814741261,0.009474276,0.008619316,0.007789115,0.00698237,0.006198289,0.005436659,0.004698063,0.003984039,0.003297424,0.002642889,0.002027168,0.013106589679415939,0.012129211088006228,0.011184521705175634,0.010270176,0.009384057,0.008524189,0.007688977,0.006877128,0.006087849,0.005320911,0.004576847,0.003857105,0.003164374,0.002503094,0.001879688,-0.009776765,-0.009129708,-0.008514545,-0.007928366,-0.007368274,-0.006831167,-0.00631397,-0.00581335,-0.005325795,-0.004847706,-0.004375168,-0.00390451,-0.003432357,-0.00295653,-0.002476966,0.013218738868328618,0.012250294766543391,0.011315220196795874,0.010411208277894157,0.009536181,0.008688198,0.007865697,0.007067407,0.006292544,0.005540872,0.004812889,0.004109966,0.003434655,0.002791186,0.002185689,0.013203434834775716,0.012233809254527245,0.011297470416824738,0.010392106444584567,0.009515633,0.008666102,0.007841943,0.007041874,0.006265097,0.005511357,0.004781121,0.004075727,0.003397682,0.00275116,0.002142238,0.013073090010892664,0.012091485105634408,0.011142075,0.010222470443387258,0.009330519,0.00846421,0.007621934,0.006802393,0.006004822,0.005229057,0.004475755,0.003746563,0.003044462,0.002374311,0.001743068,-0.009776765,-0.009129708,-0.008514545,-0.007928365,-0.007368274,-0.006831167,-0.00631397,-0.00581335,-0.005325795,-0.004847706,-0.004375168,-0.00390451,-0.003432357,-0.00295653,-0.002476966,0.006412226,0.007437971,0.008527425,0.009683982,0.010910302946960668,0.012207917,0.013576286,0.015011828554484893,0.016505996533402057,0.018044022807896614,0.019600334394420688,0.021137525708661616,0.022600495480987807,0.023911942,0.024973798370344635
0.012167351435249591,0.011281495,0.010424973313019661,0.009595581,0.008791308,0.008010247,0.007250826,0.006511727,0.005792071,0.005091498,0.004410343,0.003749819,0.003112332,0.002502015,0.001924985,0.012152394679637005,0.011265584,0.010408101,0.009577761,0.008772575,0.007990672,0.007230522,0.006490863,0.005770886,0.005070317,0.004389596,0.003730063,0.003094269,0.002486515,0.00191309,0.012086486,0.011195662760786484,0.010334024314376468,0.009499396,0.008689804,0.00790339,0.00713864,0.0063943,0.005669564,0.004964139,0.004278425,0.003613673,0.002972295,0.002358376,0.001777912,-0.009279187,-0.008667085,-0.008084813,-0.007529661,-0.006998932,-0.006489732,-0.00599919,-0.005524189,-0.005061438,-0.004607558,-0.004158865,-0.003711899,-0.003263474,-0.002811537,-0.002356041,0.012191191,0.011308748840231005,0.010456135,0.009631211,0.008832042,0.008056804,0.007304011,0.006572431,0.005861267,0.00517022,0.00449965,0.003850736,0.003225756,0.002628587,0.002064941,0.012175401,0.011291749218520773,0.010437840996082125,0.009611534,0.008810885,0.008034065,0.00727958,0.006546188,0.00583308,0.005139937,0.004467097,0.003815707,0.003188007,0.002587829,0.00202084,0.012055969,0.011161267209002462,0.010295290566234551,0.009455824,0.008640858,0.007848503,0.007077226,0.006325768,0.005593348,0.004879732,0.004185436,0.003511894,0.002861798,0.002239626,0.001651881,-0.009279187,-0.008667085,-0.008084813,-0.007529661,-0.006998932,-0.006489732,-0.00599919,-0.005524188,-0.005061438,-0.004607558,-0.004158865,-0.003711899,-0.003263474,-0.002811537,-0.002356041,0.005945977,0.006894104,0.007901556,0.00897152,0.010106502434169393,0.011307959,0.012575422911233291,0.013905592233119865,0.015290543475246287,0.016716556711685895,0.018159845429238604,0.019585596055455665,0.020942511278635525,0.022158626,0.023142661709389008
0.011175858978117705,0.010372691476179426,0.009595581,0.008842488,0.00811154,0.007400945,0.006709208,0.00603505,0.00537758,0.004736371,0.004111625,0.003504354,0.002916685,0.002352384,0.001817126,0.011160292122168956,0.010356115724318065,0.009577982,0.008823866,0.00809192,0.007380384,0.0066878,0.006012941,0.005354982,0.004713577,0.004089026,0.003482461,0.002896145,0.002334004,0.001801878,0.01110013,0.010292273531701486,0.009510328,0.008752281,0.008016296,0.007300627,0.006603833,0.005924695,0.00526239,0.004616558,0.003987459,0.003376145,0.002784746,0.002216986,0.00167843,-0.008796279,-0.008217918,-0.007667406,-0.007142229,-0.006639879,-0.006157666,-0.005692916,-0.00524272,-0.004804005,-0.004373605,-0.003948066,-0.00352413,-0.003098801,-0.002670146,-0.002238136,0.0111977,0.010397693958214283,0.009624206,0.00887526,0.008149055,0.007443878,0.006758316,0.00609117,0.005441626,0.004809315,0.004194459,0.003598038,0.003022052,0.00247002,0.001947231,0.011181368884885272,0.010380118692232276,0.0096053,0.008854932,0.008127207,0.007420407,0.00673311,0.006064109,0.005412579,0.004778136,0.00416098,0.003562065,0.00298336,0.002428347,0.00190228,0.011072529789512144,0.010261136143149184,0.009475228,0.008712756,0.007971848,0.007250728,0.006547934,0.005862243,0.005192852,0.004539454,0.003902416,0.003282962,0.002683485,0.002108078,0.001562785,-0.008796279,-0.008217917,-0.007667406,-0.007142229,-0.006639879,-0.006157666,-0.005692916,-0.00524272,-0.004804005,-0.004373605,-0.003948066,-0.00352413,-0.003098801,-0.002670146,-0.002238136,0.005478726,0.006350899,0.007278063,0.008263197,0.009308652,0.010415812836960366,0.011584279658973904,0.012811032225489136,0.014088767,0.015404804892791224,0.016737136851000145,0.018053522914735432,0.019306439,0.020429202,0.021337244616843665
0.010216091711554773,0.009492198,0.008791308,0.00811154,0.007451154,0.00680847,0.006182064,0.005570693,0.004973451,0.004389842,0.003819929,0.003264523,0.002725465,0.002206147,0.001711799,0.010199857682495787,0.009474895,0.008772912,0.008092043,0.007430567,0.006786833,0.006159455,0.005547234,0.004949328,0.004365315,0.003795351,0.003240358,0.002702308,0.002184744,0.001693051,0.010145223804333345,0.0094169,0.008711434,0.008026972,0.007361808,0.006714303,0.006083083,0.005466963,0.004865101,0.004277064,0.003702971,0.003143668,0.002601005,0.002078332,0.001580783,-0.008324517,-0.007778937,-0.007259301,-0.006763278,-0.006288548,-0.005832615,-0.005392997,-0.004966991,-0.004551733,-0.004144271,-0.003741371,-0.003339981,-0.002937287,-0.002531476,-0.002122536,0.010235951293932094,0.009514966,0.008817413,0.00814147,0.007485467,0.006847796,0.00622711,0.005622243,0.005032358,0.004457016,0.003896298,0.003350977,0.002822775,0.002314846,0.00183205,0.010219019068703695,0.00949675,0.008797823,0.008120413,0.007462842,0.006823496,0.006201024,0.005594249,0.005002326,0.004424802,0.00386174,0.003313894,0.002782959,0.00227206,0.001786034,0.010120481300196008,0.009388955,0.008679897,0.007991416,0.007321773,0.006669299,0.006032601,0.005410485,0.004802126,0.004207139,0.003625743,0.003058942,0.002508829,0.001979109,0.001475358,-0.008324517,-0.007778937,-0.007259301,-0.006763278,-0.006288548,-0.005832615,-0.005392997,-0.004966991,-0.004551733,-0.004144271,-0.003741371,-0.003339981,-0.002937287,-0.002531476,-0.002122536,0.005009874,0.005807567,0.00665595,0.007557794,0.008515294,0.009529761,0.010600863213202768,0.011725857857659745,0.012898058824232167,0.014105827204075737,0.015328922311870788,0.016537667534187693,0.017688290591480145,0.018719354076282165,0.019552939227295753
0.009285891,0.008637986,0.008010247,0.007400945,0.00680847,0.006231248,0.005667925,0.005117292,0.004578424,0.00405076,0.00353422,0.00302941,0.002537883,0.002062652,0.001608488,0.009268929,0.008619889,0.007990982,0.007380492,0.006786827,0.006208441,0.005644011,0.00509237,0.004552654,0.004024368,0.003507522,0.003002823,0.00251195,0.002038057,0.001586067,0.00921962,0.008567522,0.007935447,0.007321689,0.006724669,0.006142851,0.00557493,0.005019749,0.004476444,0.003944511,0.003423926,0.002915328,0.002420278,0.001941755,0.001484445,-0.007859818,-0.007346351,-0.006856981,-0.006389558,-0.005941942,-0.005511827,-0.005096919,-0.004694714,-0.004302558,-0.003917704,-0.003537139,-0.003158014,-0.002777696,-0.00239449,-0.002008397,0.009303777,0.008658526,0.008033838,0.007428039,0.006839584,0.006266966,0.005708905,0.005164262,0.004632179,0.004112143,0.003604093,0.003108597,0.00262709,0.002162359,0.001718825,0.009286182,0.0086396,0.008013488,0.007406168,0.006816087,0.006241736,0.005681825,0.00513521,0.004601024,0.004078744,0.003568294,0.003070225,0.002585954,0.002118247,0.001671513,0.00919768,0.008542711,0.007907408,0.007290032,0.006688972,0.006102663,0.005529779,0.004969153,0.004419936,0.003881665,0.003354406,0.002838946,0.002337073,0.001852094,0.001389111,-0.007859818,-0.007346351,-0.006856981,-0.006389558,-0.005941942,-0.005511827,-0.005096919,-0.004694714,-0.004302558,-0.003917704,-0.003537139,-0.003158014,-0.002777696,-0.00239449,-0.002008397,0.004538948,0.005263454,0.006034369,0.006854252,0.007725143,0.008648273,0.009623375,0.010647984207305802,0.011716029267096095,0.012816907856457659,0.013932146,0.015034625276972831,0.016084313,0.017024993866991783,0.017785353
0.008383516,0.007808402,0.007250826,0.006709208,0.006182064,0.005667925,0.005165507,0.004673631,0.004191359,0.003718061,0.003253519,0.002798132,0.002353163,0.001921238,0.001506663,0.008365763,0.007789441,0.007230614,0.006687715,0.006159273,0.005643845,0.005140175,0.004647126,0.00416381,0.003689662,0.003224546,0.002768958,0.002324278,0.001893267,0.001480373,0.008321584,0.007742496,0.0071808,0.006634941,0.00610346,0.005584925,0.005078093,0.004581838,0.004095277,0.003617833,0.00314934,0.002690232,0.002241778,0.001806579,0.001388866,-0.007397867,-0.006916142,-0.006456716,-0.006017616,-0.005596874,-0.005192372,-0.004801999,-0.004423449,-0.004054269,-0.003691921,-0.003333611,-0.002976688,-0.002618701,-0.002258073,-0.001894813,0.00839943,0.007826714,0.007271899,0.006733459,0.006209967,0.005700018,0.005202395,0.004715988,0.004239918,0.0037736,0.003316831,0.002869973,0.002434174,0.002011847,0.001606967,0.008381107,0.007807006,0.00725071,0.006710686,0.006185502,0.005673749,0.005174203,0.004685747,0.004207497,0.003738858,0.003279615,0.00283012,0.002391508,0.001966181,0.00155811,0.008302395,0.007720762,0.0071562,0.006607121,0.006072035,0.005549481,0.005038199,0.004537048,0.004045157,0.003561985,0.003087447,0.002622111,0.002167458,0.001726393,0.001303533,-0.007397867,-0.006916142,-0.006456716,-0.006017616,-0.005596874,-0.005192372,-0.004801999,-0.004423449,-0.004054269,-0.003691922,-0.003333611,-0.002976688,-0.002618701,-0.002258073,-0.001894813,0.004065714,0.004718186,0.005412792,0.006151879,0.006937322,0.007770273,0.008650527,0.009575891,0.010540906284140025,0.011536006283015477,0.012544482828718749,0.013541772749008108,0.014491580332769583,0.015342894387263889,0.016030976
0.007507555,0.007002083,0.006511727,0.00603505,0.005570693,0.005117292,0.004673631,0.004238569,0.003811155,0.003390694,0.002976835,0.002569772,0.002170477,0.001781188,0.001405729,0.007488948,0.006982188,0.00649049,0.006012429,0.005546657,0.005091833,0.004646766,0.004210352,0.003781687,0.003360136,0.002945422,0.002537833,0.002138448,0.001749634,0.001375354,0.007449709,0.00694046,0.006446179,0.00596545,0.005496938,0.00503931,0.00459139,0.004152083,0.00372049,0.003295966,0.002878208,0.002467444,0.002064655,0.001672057,0.001293419,-0.006933719,-0.006483701,-0.00605422,-0.005643475,-0.005249669,-0.004870866,-0.004505134,-0.004150364,-0.003804305,-0.003464622,-0.003128739,-0.002794208,-0.002458757,-0.002120925,-0.001780725,0.007521491,0.007018157,0.006530268,0.006056436,0.005595356,0.005145723,0.004706382,0.004276255,0.003854445,0.0034403,0.003033478,0.002634139,0.002243145,0.00186253,0.001495815,0.007502375,0.006997595,0.006508157,0.006032671,0.005569823,0.005118304,0.004676954,0.004244689,0.003820607,0.003404048,0.002994663,0.002592605,0.00219873,0.001815071,0.001445153,0.007433221,0.006921751,0.006424962,0.005941408,0.005469723,0.005008549,0.004556689,0.004113035,0.003676695,0.003247054,0.00282388,0.002407526,0.001999164,0.001601293,0.001218035,-0.006933719,-0.006483701,-0.00605422,-0.005643475,-0.005249669,-0.004870866,-0.004505134,-0.004150364,-0.003804305,-0.003464622,-0.003128739,-0.002794208,-0.002458757,-0.002120925,-0.001780725,0.003590214,0.004171699,0.00479104,0.005450367,0.006151388,0.006895168,0.007681559,0.008508636,0.009371549,0.010261763926775686,0.011164337253934828,0.012057261,0.012907974630888693,0.013670662789514227,0.014287140870319397
0.006657141,0.006218161,0.005792071,0.00537758,0.004973451,0.004578424,0.004191359,0.003811155,0.003436855,0.003067708,0.002703234,0.002343434,0.001988992,0.00164175,0.001305045,0.006637615,0.00619726,0.005769729,0.005353742,0.004948072,0.004551477,0.004162841,0.003781093,0.003405323,0.00303483,0.002669208,0.002308541,0.001953614,0.001606395,0.001270351,0.006603125,0.006160543,0.0057307,0.00531232,0.004904189,0.004505074,0.004113871,0.003729519,0.003351109,0.002977937,0.002609568,0.002246035,0.001888033,0.001537394,0.001197412,-0.006461934,-0.006043946,-0.005644759,-0.005262739,-0.004896255,-0.004543552,-0.004202877,-0.003872311,-0.003549806,-0.003233233,-0.002920234,-0.002608562,-0.002296128,-0.001981582,-0.001664938,0.006669087,0.006231979,0.005808055,0.005396069,0.004994832,0.004603139,0.004219904,0.003844084,0.003474771,0.003111252,0.002753057,0.002400149,0.00205311,0.001713595,0.001384659,0.006649111,0.006210488,0.005784942,0.00537122,0.004968128,0.004574456,0.004189115,0.003811053,0.003439361,0.00307332,0.002712454,0.002356727,0.002006719,0.001664093,0.001331919,0.006589289,0.006144807,0.005712812,0.005292,0.004881128,0.004478939,0.004084307,0.003696159,0.003313587,0.002935913,0.002562767,0.002194288,0.001831349,0.001476037,0.001131967,-0.006461934,-0.006043946,-0.005644759,-0.005262738,-0.004896255,-0.004543552,-0.004202877,-0.003872311,-0.003549806,-0.003233233,-0.002920234,-0.002608562,-0.002296128,-0.001981582,-0.001664938,0.00311294,0.003624448,0.004169529,0.004750087,0.005367657,0.006023212,0.006716653,0.007446318,0.008207958,0.008994066,0.009791459,0.010580682054615787,0.011332901673461189,0.012007490922632496,0.012552798351106554
0.00583203,0.005456335,0.005091498,0.004736371,0.004389842,0.00405076,0.003718061,0.003390694,0.003067708,0.002748305,0.002431894,0.00211829,0.001807899,0.001502174,0.001203946,0.005811522,0.005434356,0.005067973,0.00471123,0.004363022,0.004022216,0.003687768,0.003358655,0.003033964,0.002712947,0.002395077,0.002080247,0.001768961,0.001462787,0.001164685,0.005781579,0.005402434,0.00503399,0.004675112,0.004324702,0.003981637,0.003644883,0.003313424,0.002986352,0.002662912,0.002342556,0.002025129,0.001711054,0.001401779,0.001100115,-0.005976798,-0.005591536,-0.005223349,-0.004870767,-0.004532329,-0.004206454,-0.003891567,-0.003585942,-0.003287732,-0.002995012,-0.002705647,-0.002417595,-0.002128948,-0.001838469,-0.001546164,0.005841966,0.00546787,0.005104891,0.004751919,0.004407884,0.004071685,0.003742309,0.003418754,0.003100114,0.002785624,0.002474701,0.002167124,0.001863206,0.001564225,0.001272762,0.005821067,0.005445379,0.005080694,0.004725895,0.004379908,0.004041627,0.003710032,0.003384119,0.003062977,0.00274584,0.002432121,0.002121604,0.001814608,0.001512426,0.001217666,0.005770344,0.005389618,0.005019377,0.004658457,0.004305739,0.003960073,0.003620404,0.003285704,0.002955063,0.002627747,0.00230326,0.001981546,0.001663181,0.001349845,0.001044635,-0.005976798,-0.005591536,-0.005223349,-0.004870767,-0.004532329,-0.004206454,-0.003891567,-0.003585942,-0.003287732,-0.002995012,-0.002705647,-0.002417595,-0.002128948,-0.001838469,-0.001546164,0.002634922,0.003077508,0.003549377,0.004052202,0.004587339,0.00515566,0.005757108,0.006390272,0.007051495,0.007734288,0.008427215,0.009113362,0.009767611,0.010354501231291969,0.010828885919453215
0.005032813,0.00471707,0.004410343,0.004111625,0.003819929,0.00353422,0.003253519,0.002976835,0.002703234,0.002431894,0.002162129,0.001893589,0.001626419,0.001361686,0.001101713,0.005011266,0.00469395,0.004385561,0.004085097,0.003791576,0.003503976,0.003221336,0.002942689,0.002667135,0.002393895,0.002122344,0.001852203,0.001583708,0.001318036,0.001057634,0.004985647,0.004666582,0.004356366,0.004054002,0.003758515,0.00346889,0.003184175,0.002903409,0.002625695,0.002350251,0.002076429,0.001803911,0.001532863,0.001264359,0.00100072,-0.005472109,-0.005120656,-0.004784552,-0.004462494,-0.00415318,-0.00385521,-0.003567185,-0.003287569,-0.003014719,-0.002746919,-0.002482259,-0.002218903,-0.00195513,-0.001689814,-0.001422941,0.005040716,0.004726292,0.004421103,0.004124176,0.003834562,0.003551268,0.00327336,0.002999891,0.002729966,0.00246279,0.002197683,0.001934265,0.001672594,0.001413584,0.001159336,0.005018836,0.004702735,0.004395747,0.004096894,0.00380522,0.003519728,0.003239477,0.002963517,0.002690952,0.002420985,0.00215294,0.001886441,0.00162156,0.001359236,0.001101606,0.004976959,0.00465663,0.004344969,0.004040955,0.003743592,0.003451842,0.003164731,0.002881286,0.002600607,0.002321924,0.002044635,0.001768504,0.001493834,0.001221898,0.000955269,-0.005472109,-0.005120656,-0.004784552,-0.004462494,-0.00415318,-0.00385521,-0.003567185,-0.003287569,-0.003014719,-0.002746919,-0.002482259,-0.002218903,-0.00195513,-0.001689814,-0.001422941,0.002158207,0.00253309,0.002932968,0.00335928,0.003813196,0.004295476,0.004806094,0.005343878,0.005905749,0.006486212,0.007075559,0.007659387,0.00821626,0.008715841,0.009119438
0.004261089,0.004001775,0.003749819,0.003504354,0.003264523,0.00302941,0.002798132,0.002569772,0.002343434,0.00211829,0.001893589,0.001668844,0.001443962,0.001219643,0.000997697,0.004238453,0.003977457,0.003723716,0.003476366,0.003234554,0.002997373,0.002763954,0.002533401,0.002304847,0.002077503,0.001850671,0.00162393,0.001397273,0.001171503,0.000948551,0.004216907,0.003954372,0.003699016,0.003449977,0.003206407,0.002967404,0.002732107,0.002499624,0.00226909,0.002039712,0.001810774,0.001581823,0.001352792,0.0011244,0.000898479,-0.004942264,-0.004626046,-0.004323442,-0.004033312,-0.003754518,-0.003485837,-0.003226045,-0.002973802,-0.002727669,-0.002486141,-0.002247537,-0.002010236,-0.001772707,-0.001533931,-0.001293868,0.004266936,0.004008652,0.003757903,0.003513853,0.003275674,0.003042489,0.00281345,0.002587678,0.00236431,0.002142543,0.001921628,0.001701052,0.001480648,0.001260983,0.001043679,0.004244024,0.003983971,0.003731322,0.003485237,0.00324488,0.003009368,0.00277785,0.002549441,0.00232328,0.002098563,0.001874546,0.001650728,0.00142696,0.001203842,0.000983046,0.004210704,0.003947219,0.003690768,0.003440471,0.003195459,0.00295481,0.002717643,0.002483052,0.002250167,0.002018205,0.001786484,0.001554618,0.001322656,0.001091486,0.000863151,-0.004942264,-0.004626046,-0.004323442,-0.004033312,-0.003754518,-0.003485837,-0.003226045,-0.002973802,-0.002727669,-0.002486141,-0.002247537,-0.002010236,-0.001772707,-0.001533931,-0.001293868,0.001686126,0.001994816,0.002324237,0.002675588,0.003049844,0.003447647,0.003868989,0.004312916,0.004776902,0.005256421,0.005743449,0.006226046,0.006686394,0.007099205,0.007432156
0.003519808,0.003313132,0.003112332,0.002916685,0.002725465,0.002537883,0.002353163,0.002170477,0.001988992,0.001807899,0.001626419,0.001443962,0.001260238,0.001075601,0.000891358,0.003496049,0.003287574,0.003084859,0.002887181,0.002693814,0.002503976,0.002316903,0.002131782,0.001947803,0.001764195,0.001580223,0.001395359,0.001209389,0.001022768,0.000836917,0.003478289,0.003268463,0.003064318,0.002865133,0.002670186,0.002478696,0.002289902,0.002102997,0.00191717,0.001731645,0.001545674,0.001358702,0.00117047,0.00098137,0.000792752,-0.004382684,-0.004103394,-0.003835965,-0.003579421,-0.003332789,-0.00309502,-0.002865071,-0.002641795,-0.002423961,-0.002210281,-0.001999309,-0.001789642,-0.001579946,-0.001369311,-0.001157663,0.003523588,0.003317643,0.003117709,0.002923086,0.002733073,0.002546909,0.002363849,0.002183096,0.00200384,0.001825296,0.001646684,0.001467393,0.001287072,0.001105969,0.000925238,0.003499607,0.003291794,0.003089853,0.002893077,0.002700758,0.00251213,0.002326441,0.002142893,0.001960675,0.001779004,0.00159711,0.001414395,0.001230534,0.001045814,0.00086145,0.003474498,0.003264033,0.003059143,0.00285909,0.002663135,0.002470481,0.002280348,0.002091916,0.001904368,0.001716931,0.001528884,0.001339723,0.001149281,0.000958085,0.000767657,-0.004382684,-0.004103394,-0.003835965,-0.003579421,-0.003332789,-0.00309502,-0.002865071,-0.002641795,-0.002423961,-0.002210281,-0.001999309,-0.001789642,-0.001579946,-0.001369311,-0.001157663,0.001224147,0.001468613,0.001729604,0.002008071,0.00230479,0.002620271,0.00295451,0.003306749,0.003674981,0.004055602,0.004442209,0.004825247,0.005190414,0.005517346,0.005779956
0.002813824,0.002655635,0.002502015,0.002352384,0.002206147,0.002062652,0.001921238,0.001781188,0.00164175,0.001502174,0.001361686,0.001219643,0.001075601,0.000929613,0.000782502,0.002788927,0.002628819,0.00247315,0.002321334,0.002172779,0.002026832,0.001882843,0.001740105,0.001597887,0.001455465,0.00131211,0.00116723,0.001020454,0.000871927,0.000722584,0.00277463,0.002613331,0.002456389,0.002303218,0.002153224,0.002005757,0.001860164,0.001715739,0.00157175,0.001427471,0.001282159,0.001135205,0.000986205,0.000835263,0.000683274,-0.003791692,-0.0035511,-0.0033206,-0.003099375,-0.002886617,-0.002681456,-0.002483026,-0.002290377,-0.00210249,-0.001918293,-0.001736584,-0.001556187,-0.00137597,-0.001195137,-0.001013573,0.002815551,0.00265779,0.002504688,0.00235568,0.002210192,0.00206759,0.001927237,0.001788437,0.001650458,0.001512564,0.001373984,0.001234057,0.001092294,0.000948666,0.000803888,0.002790486,0.002630753,0.002475531,0.002324246,0.002176316,0.002031102,0.001887962,0.001746196,0.001605073,0.001463862,0.001321802,0.001178249,0.001032745,0.000885311,0.000736728,0.002773158,0.002611527,0.002454184,0.002300532,0.002149964,0.002001814,0.001855418,0.001710055,0.001564986,0.001419486,0.001272827,0.001124436,0.000973978,0.000821657,0.000668492,-0.003791692,-0.0035511,-0.0033206,-0.003099375,-0.002886617,-0.002681456,-0.002483026,-0.002290377,-0.00210249,-0.001918293,-0.001736584,-0.001556187,-0.00137597,-0.001195137,-0.001013573,0.000780878,0.00096377,0.001159079,0.001367513,0.00158964,0.001825829,0.002076059,0.002339741,0.00261534,0.002900113,0.003189184,0.003475265,0.003747421,0.003990026,0.004183031
0.00215012,0.002035836,0.001924985,0.001817126,0.001711799,0.001608488,0.001506663,0.001405729,0.001305045,0.001203946,0.001101713,0.000997697,0.000891358,0.000782502,0.000671513,0.002124105,0.00200778,0.001894741,0.001784542,0.00167672,0.001570758,0.00146613,0.001362249,0.001258489,0.001154207,0.001048721,0.000941426,0.000831849,0.000719881,0.000606014,0.002112905,0.001995522,0.001881339,0.001769903,0.001660749,0.001553357,0.001447196,0.001341677,0.00123617,0.001130028,0.001022559,0.000913148,0.000801302,0.000686897,0.00057041,-0.003172166,-0.002971838,-0.002779818,-0.002595452,-0.002418095,-0.002247052,-0.002081635,-0.001921092,-0.001764614,-0.001611352,-0.00146035,-0.001310664,-0.001161375,-0.001011809,-0.000861813,0.00214986,0.002035702,0.001925021,0.001817384,0.001712343,0.001609394,0.001508021,0.001407642,0.001307629,0.001207324,0.001106011,0.001003027,0.000897802,0.000790091,0.000680209,0.002123728,0.002007492,0.001894573,0.00178453,0.001676907,0.001571193,0.001466867,0.001363342,0.001259993,0.001156167,0.00105116,0.000944329,0.000835142,0.000723406,0.000609515,0.002113633,0.001996214,0.001881965,0.001770427,0.001661125,0.001553529,0.001447097,0.00134123,0.00123529,0.001128628,0.001020558,0.000910487,0.000797964,0.000682927,0.000565934,-0.003172166,-0.002971838,-0.002779818,-0.002595452,-0.002418095,-0.002247052,-0.002081635,-0.001921092,-0.001764614,-0.001611352,-0.00146035,-0.001310664,-0.001161375,-0.001011809,-0.000861813,0.000368598,0.000493482,0.000626849,0.000769155,0.000920763,0.001081887,0.00125247,0.001432055,0.001619521,0.001812901,0.002008724,0.002201808,0.00238437,0.002545268,0.002670199
0.014241107780617669,0.013178478158586974,0.012152394679637005,0.011160292122168956,0.010199857682495787,0.009268929,0.008365763,0.007488948,0.006637615,0.005811522,0.005011266,0.004238453,0.003496049,0.002788927,0.002124105,0.014245800037583245,0.01318358,0.012157986535300643,0.011166478735562538,0.010206769953226896,0.009276735,0.008374675,0.007499233,0.00664961,0.005825646,0.005028036,0.004258498,0.003520127,0.002817937,0.002159078,0.014160018889985889,0.013092631,0.012061684928280208,0.011064651956025892,0.010099262749962491,0.009163411,0.008255415,0.007373933,0.006518172,0.005687958,0.004883945,0.004107768,0.003362372,0.002652543,0.001985111,-0.010316734,-0.009631945,-0.008981255,-0.008361537,-0.007769684,-0.00720237,-0.006656305,-0.006127927,-0.005613492,-0.005109168,-0.004610798,-0.004114489,-0.003616672,-0.003115041,-0.002609527,0.014269160162984918,0.013210476356670088,0.012188896421698348,0.011201931201343256,0.010247349902678969,0.009323083,0.008427481,0.007559228,0.006717544,0.005902255,0.005113986,0.004354305,0.003626038,0.002933777,0.002284089,0.014272894868648777,0.013214327472496599,0.012192856667812644,0.011205988746661752,0.010251485101183181,0.009327267,0.008431673,0.007563367,0.006721545,0.005905998,0.0051173,0.004356957,0.003627714,0.00293406,0.002282447,0.014122287249871093,0.013050167912391459,0.012013940389209552,0.011011031293495037,0.01003913,0.009096096,0.008180229,0.007290184,0.0064252,0.005585175,0.004770899,0.00398422,0.003228404,0.002508692,0.0018325,-0.010316734,-0.009631945,-0.008981255,-0.008361536,-0.007769684,-0.00720237,-0.006656305,-0.006127927,-0.005613492,-0.005109168,-0.004610798,-0.004114489,-0.003616672,-0.003115041,-0.002609527,0.006950205,0.008048409,0.009214406,0.010451782544145593,0.011763346,0.013150690917314457,0.014613212140497945,0.016147055384132483,0.017743075801794638,0.019385501324259976,0.021047052,0.022687856456781473,0.024249219267530608,0.025648844652341643,0.026782381
0.013178125,0.012205458951090709,0.011265584,0.010356115724318065,0.009474895,0.008619889,0.007789441,0.006982188,0.00619726,0.005434356,0.00469395,0.003977457,0.003287574,0.002628819,0.00200778,0.01318358,0.012211376,0.011272043276397801,0.010363220079999343,0.009482771,0.008628696,0.007799382,0.006993514,0.006210286,0.005449475,0.004711642,0.003998307,0.003312284,0.002658217,0.002042813,0.01310356,0.012126522415442419,0.011182182551014051,0.010268192680428239,0.009382434,0.008522926,0.007688072,0.006876575,0.006087636,0.00532102,0.004577253,0.003857775,0.003165263,0.002504146,0.001880835,-0.009802939,-0.009154467,-0.008537936,-0.007950427,-0.007389041,-0.006850669,-0.006332229,-0.005830382,-0.005341613,-0.004862314,-0.004388564,-0.003916686,-0.003443303,-0.002966239,-0.002485441,0.013204130784498608,0.012235151856639955,0.011299489872530117,0.010394833289130415,0.0095191,0.008670345,0.007847002,0.007047797,0.006271945,0.005519209,0.004790086,0.004085954,0.003409371,0.002764581,0.002157738,0.013208702207762381,0.012239915695581654,0.011304444598648431,0.010399973262230336,0.009524413,0.008675808,0.007852583,0.007053445,0.006277583,0.005524731,0.004795336,0.004090717,0.003413356,0.002767401,0.002158897,0.013068777945366384,0.012087349784485517,0.011138104709929628,0.010218650766957335,0.009326829,0.008460627,0.007618427,0.006798928,0.006001358,0.00522555,0.004472156,0.003742818,0.003040517,0.002370115,0.001738579,-0.009802938,-0.009154467,-0.008537936,-0.007950427,-0.007389041,-0.006850669,-0.006332229,-0.005830382,-0.005341613,-0.004862314,-0.004388564,-0.003916686,-0.003443303,-0.002966239,-0.002485441,0.006486723,0.007504824,0.00858624,0.009734347,0.010951795768147784,0.012240109179489148,0.013598751086887954,0.015024152068202522,0.016507797111969702,0.018034974,0.019580213638448054,0.021106274631464902,0.022558329,0.023859519799750355,0.024912436208474383
0.012151747832381347,0.011265286206080796,0.010408101,0.009577982,0.008772912,0.007990982,0.007230614,0.00649049,0.005769729,0.005067973,0.004385561,0.003723716,0.003084859,0.00247315,0.001894741,0.012157986535300643,0.011272043276397801,0.010415456546525379,0.009586035,0.008781786,0.008000829,0.007241628,0.006502906,0.005783845,0.005084153,0.004404252,0.003745459,0.003110301,0.002503051,0.001929971,0.012083458559651731,0.011192997033439412,0.010331729943069917,0.00949748,0.008688272,0.007902243,0.007137875,0.006393911,0.005669538,0.004964457,0.00427906,0.003614589,0.002973445,0.002359699,0.001779335,-0.009307237,-0.008693617,-0.008109876,-0.007553297,-0.007021177,-0.006510616,-0.006018738,-0.005542419,-0.005078361,-0.00462318,-0.004173184,-0.003724907,-0.00327516,-0.002821892,-0.00236507,0.012175735728860474,0.011292706264416296,0.010439447367749384,0.009613816,0.008813872,0.008037785,0.007284067,0.006551481,0.005839228,0.005147007,0.00447518,0.003824928,0.003198539,0.002599904,0.00203476,0.012181164,0.011298405,0.010445421,0.009620065,0.00882039,0.008044559,0.007291071,0.006558674,0.005846545,0.005154352,0.004482413,0.003831853,0.003204888,0.002605318,0.002038781,0.012051542704390983,0.011157023175684023,0.010291216856428606,0.009451904,0.008637071,0.007844823,0.00707362,0.006322199,0.005589773,0.004876101,0.004181696,0.003507988,0.002857668,0.002235216,0.001647147,-0.009307237,-0.008693617,-0.008109876,-0.007553296,-0.007021177,-0.006510616,-0.006018738,-0.005542419,-0.005078362,-0.00462318,-0.004173184,-0.003724907,-0.00327516,-0.002821892,-0.00236507,0.006022917,0.006962732,0.007961446,0.009022227,0.010147570797937924,0.011338927237639837,0.012595830695969569,0.013914995089902847,0.015288531523157988,0.016702780984144974,0.018134069,0.019547760865415712,0.020892855,0.022097868,0.023072233126189116
0.011159437,0.010355601814741261,0.009577761,0.008823866,0.008092043,0.007380492,0.006687715,0.006012429,0.005353742,0.00471123,0.004085097,0.003476366,0.002887181,0.002321334,0.001784542,0.011166478735562538,0.010363220079999343,0.009586035,0.008832894,0.008101943,0.007391413,0.006699838,0.006025979,0.005368997,0.004728528,0.004104853,0.003499079,0.002913445,0.002351845,0.00182009,0.011097191056066307,0.010289713017128313,0.009508157,0.008750508,0.008014928,0.007299666,0.006603275,0.005924535,0.005262614,0.004617146,0.003988383,0.003377365,0.002786214,0.002218635,0.001680182,-0.008826325,-0.008246335,-0.007694247,-0.007167538,-0.006663694,-0.00618002,-0.005713833,-0.005262221,-0.004822102,-0.004390304,-0.003963364,-0.003538019,-0.00311127,-0.002681185,-0.002247751,0.011181429359148504,0.010380773,0.009606572,0.008856845,0.008129785,0.007423673,0.00673709,0.006068834,0.005418087,0.004784478,0.004168232,0.003570328,0.002992778,0.002439116,0.00191466,0.011187732080359643,0.010387424776611571,0.009613584,0.008864224,0.008137532,0.007431783,0.006745546,0.006077603,0.005427116,0.004793684,0.004177489,0.003579461,0.00300154,0.002447178,0.001921598,0.011068064041754843,0.010256852327712092,0.009471114,0.008708794,0.007968016,0.007246998,0.006544272,0.005858608,0.005189197,0.004535726,0.003898558,0.003278912,0.002679179,0.002103459,0.001557806,-0.008826325,-0.008246335,-0.007694247,-0.007167537,-0.006663694,-0.00618002,-0.005713833,-0.005262221,-0.004822102,-0.004390304,-0.003963364,-0.003538019,-0.00311127,-0.002681185,-0.002247751,0.005558009,0.006421147,0.007338814,0.008313972,0.009348961,0.010445156039347744,0.011602163206138253,0.012816977946379983,0.014082334706295729,0.015385622305900437,0.016704951890967747,0.018008278424561774,0.019248397451787202,0.020359147530703878,0.021256729149303755
0.010198910533462138,0.009474276,0.008772575,0.00809192,0.007430567,0.006786827,0.006159273,0.005546657,0.004948072,0.004363022,0.003791576,0.003234554,0.002693814,0.002172779,0.00167672,0.010206769953226896,0.009482771,0.008781786,0.008101943,0.007441518,0.006798849,0.006172538,0.005561377,0.004964506,0.004381487,0.003812455,0.003258304,0.002720979,0.002203991,0.001712695,0.010142489172313475,0.009414554,0.008709491,0.008025442,0.007360698,0.006713616,0.006082819,0.005467115,0.004865654,0.004277998,0.003704256,0.003145264,0.002602857,0.002080373,0.001582928,-0.008356687,-0.007809361,-0.007288033,-0.006790365,-0.006314031,-0.005856528,-0.005415367,-0.00498784,-0.004571074,-0.00416211,-0.003757706,-0.003354803,-0.002950584,-0.002543238,-0.002132768,0.010218922936971827,0.009497213,0.008798867,0.008122058,0.007465107,0.0068264,0.006204584,0.005598487,0.005007271,0.004430491,0.003868229,0.003321263,0.002791323,0.002281579,0.001796924,0.010226112,0.009504831,0.008806932,0.008130583,0.007474101,0.006835865,0.006214513,0.005608858,0.005018039,0.004441588,0.003879545,0.00333264,0.002802539,0.002292334,0.001806828,0.010116078025980047,0.009384726,0.00867583,0.007987493,0.00731797,0.006665586,0.006028942,0.005406836,0.004798437,0.004203353,0.003621797,0.003054771,0.002504366,0.001974292,0.001470137,-0.008356687,-0.007809361,-0.007288033,-0.006790365,-0.006314031,-0.005856528,-0.005415367,-0.00498784,-0.004571074,-0.00416211,-0.003757706,-0.003354803,-0.002950584,-0.002543238,-0.002132768,0.005091372,0.005879249,0.006717318,0.007608331,0.008554472,0.009557042,0.010615715905464661,0.011727768634805612,0.012886556302361062,0.014080512483614381,0.015289528499080397,0.016484138,0.017620915,0.018638985262454826,0.019461258278880088
0.009268051,0.008619316,0.007990672,0.007380384,0.006786833,0.006208441,0.005643845,0.005091833,0.004551477,0.004022216,0.003503976,0.002997373,0.002503976,0.002026832,0.001570758,0.009276735,0.008628696,0.008000829,0.007391413,0.006798849,0.006221579,0.005658271,0.005107747,0.004569122,0.004041884,0.00352602,0.003022212,0.002532105,0.002058823,0.001607252,0.009217245,0.008565538,0.00793387,0.007320533,0.006723942,0.00614256,0.005575073,0.005020319,0.004477429,0.003945889,0.003425666,0.002917387,0.002422599,0.001944266,0.001487058,-0.007894256,-0.007378915,-0.006887728,-0.006418539,-0.0059692,-0.005537399,-0.005120834,-0.004716996,-0.00432322,-0.003936754,-0.003554574,-0.003173825,-0.00279187,-0.002407016,-0.00201928,0.00928609,0.008640025,0.008014449,0.007407683,0.006818171,0.0062444,0.005685083,0.005139073,0.004605511,0.004083877,0.003574111,0.003076785,0.002593343,0.002126588,0.001680977,0.009294171,0.008648616,0.008023574,0.007417363,0.006828421,0.006255233,0.005696498,0.00515106,0.004618036,0.004096886,0.00358751,0.003090434,0.002607044,0.002140072,0.001693889,0.00919348,0.008538667,0.007903508,0.007286259,0.006685299,0.00609906,0.005526206,0.004965564,0.004416277,0.003877876,0.003350419,0.002834691,0.00233248,0.001847096,0.001383658,-0.007894256,-0.007378915,-0.006887728,-0.006418539,-0.0059692,-0.005537399,-0.005120834,-0.004716996,-0.00432322,-0.003936754,-0.003554574,-0.003173825,-0.00279187,-0.002407016,-0.00201928,0.004622494,0.005336345,0.006096067,0.006904202,0.007762774,0.008673007,0.009634643,0.010645233574874655,0.011698755456393062,0.012784684863355105,0.013884691064444125,0.014971882515161699,0.016006601046398998,0.016933236381822606,0.017681369
0.008365166,0.007789115,0.007230522,0.0066878,0.006159455,0.005644011,0.005140175,0.004646766,0.004162841,0.003687768,0.003221336,0.002763954,0.002316903,0.001882843,0.00146613,0.008374675,0.007799382,0.007241628,0.006699838,0.006172538,0.005658271,0.005155771,0.004663886,0.004181711,0.00370866,0.003244573,0.002789918,0.002346041,0.00191567,0.001503216,0.008319773,0.007741066,0.007179772,0.00663433,0.006103278,0.005585179,0.005078785,0.004582962,0.004096821,0.003619775,0.003151649,0.002692862,0.00224467,0.001809657,0.001392038,-0.007434729,-0.006950991,-0.006489614,-0.006048617,-0.005626025,-0.005219712,-0.004827559,-0.004447254,-0.004076337,-0.003712258,-0.003352214,-0.002993549,-0.002633805,-0.002271408,-0.001906383,0.008381232,0.007807594,0.007251779,0.00671225,0.006187574,0.005676336,0.005177311,0.00468938,0.00421166,0.003743561,0.00328488,0.002835981,0.002398023,0.001973437,0.001566233,0.008390203,0.007817156,0.007261962,0.006723084,0.006199081,0.005688536,0.005190214,0.004702985,0.004225948,0.003758489,0.003300371,0.002851916,0.002414229,0.001989672,0.001582181,0.008298587,0.007717077,0.007152629,0.006603644,0.006068627,0.00554611,0.005034822,0.004533617,0.004041614,0.003558265,0.00308348,0.002617822,0.002162772,0.001721242,0.001297865,-0.007434729,-0.006950991,-0.006489614,-0.006048617,-0.005626025,-0.005219712,-0.004827559,-0.004447254,-0.004076337,-0.003712258,-0.003352214,-0.002993549,-0.002633805,-0.002271408,-0.001906383,0.004151101,0.004792021,0.005474497,0.006200855,0.006972956,0.007791945,0.008657624,0.009567823,0.010517133331142722,0.011496073527879087,0.012488090359332802,0.013468865996081941,0.014402507,0.015238654448879679,0.015913533
0.007488908,0.00698237,0.006490863,0.006012941,0.005547234,0.00509237,0.004647126,0.004210352,0.003781093,0.003358655,0.002942689,0.002533401,0.002131782,0.001740105,0.001362249,0.007499233,0.006993514,0.006502906,0.006025979,0.005561377,0.005107747,0.004663886,0.004228674,0.003801189,0.003380775,0.002967128,0.002560506,0.002161956,0.001773804,0.001399976,0.007448727,0.006939834,0.006445933,0.005965605,0.005497509,0.005040306,0.004592815,0.004153934,0.003722755,0.003298624,0.002881227,0.002470777,0.002068242,0.001675819,0.001297259,-0.006973185,-0.006521003,-0.006089424,-0.005676639,-0.005280844,-0.004900095,-0.004532452,-0.004175797,-0.003827871,-0.003486329,-0.003148587,-0.002812186,-0.00247485,-0.002135118,-0.001793023,0.007502992,0.006998606,0.00650958,0.006034519,0.005572104,0.005121021,0.004680108,0.004248274,0.00382462,0.003408484,0.002999526,0.002597906,0.002204499,0.001821357,0.00145204,0.007512843,0.007009129,0.006520812,0.006046494,0.005584856,0.005134577,0.004694488,0.004263489,0.003840661,0.003425324,0.003017104,0.002616126,0.00222321,0.001840351,0.001471036,0.007430051,0.006918655,0.00642193,0.005938422,0.005466758,0.005005571,0.004553654,0.004109892,0.003673382,0.003243503,0.002820017,0.002403271,0.001994441,0.001596029,0.001212179,-0.006973185,-0.006521003,-0.006089424,-0.005676639,-0.005280844,-0.004900095,-0.004532452,-0.004175797,-0.003827871,-0.003486329,-0.003148587,-0.002812186,-0.00247485,-0.002135118,-0.001793023,0.003677187,0.004246169,0.004852386,0.005497945,0.006184541,0.006913231,0.007683876,0.008494574,0.009340533,0.010213308456155057,0.011098124947972092,0.011973238262267441,0.012806518286219887,0.013552851746367296,0.014155086574921203
0.006638491,0.006198289,0.005770886,0.005354982,0.004949328,0.004552654,0.00416381,0.003781687,0.003405323,0.003033964,0.002667135,0.002304847,0.001947803,0.001597887,0.001258489,0.00664961,0.006210286,0.005783845,0.005368997,0.004964506,0.004569122,0.004181711,0.003801189,0.003426624,0.003057295,0.002692765,0.002333088,0.001979014,0.00163247,0.001296882,0.006603314,0.006161043,0.00573154,0.005313525,0.004905778,0.004507062,0.004116262,0.003732314,0.003354298,0.002981499,0.002613473,0.002250236,0.001892468,0.001541981,0.001202052,-0.006504216,-0.006083898,-0.005682451,-0.005298235,-0.00492961,-0.004574813,-0.004232082,-0.00389949,-0.00357498,-0.00325641,-0.002941414,-0.002627735,-0.002313277,-0.001996691,-0.00167801,0.006650578,0.00621226,0.005787037,0.005373651,0.004970901,0.004577571,0.004192565,0.003814827,0.003443444,0.003077694,0.002717105,0.002361644,0.002011901,0.001669555,0.0013377,0.006661286,0.006223719,0.005799291,0.005386742,0.00498487,0.004592455,0.004208393,0.003831621,0.003461209,0.003096418,0.002736746,0.002382125,0.002033101,0.001691295,0.001359738,0.00658708,0.006142599,0.005710596,0.00528976,0.004878838,0.004476566,0.004081804,0.003693473,0.003310654,0.002932662,0.002559118,0.00219016,0.00182666,0.001470715,0.001125962,-0.006504216,-0.006083898,-0.005682451,-0.005298235,-0.00492961,-0.004574813,-0.004232082,-0.00389949,-0.00357498,-0.00325641,-0.002941414,-0.002627735,-0.002313277,-0.001996691,-0.00167801,0.003201186,0.003699193,0.004230106,0.004795807,0.005397817,0.0060371,0.006713569,0.007425587,0.008168966,0.008936297,0.009714577,0.010484632866433198,0.011218092842758673,0.011875079646661698,0.012405047137184993
0.005813766,0.005436659,0.005070317,0.004713577,0.004365315,0.004024368,0.003689662,0.003360136,0.00303483,0.002712947,0.002393895,0.002077503,0.001764195,0.001455465,0.001154207,0.005825646,0.005449475,0.005084153,0.004728528,0.004381487,0.004041884,0.00370866,0.003380775,0.003057295,0.002737448,0.002420678,0.002106846,0.001796417,0.001490916,0.001193262,0.005783373,0.005404466,0.005036297,0.004677723,0.004327643,0.003984926,0.003648531,0.003317433,0.002990715,0.002667612,0.002347562,0.002030397,0.001716521,0.001407362,0.001105712,-0.006022147,-0.005634367,-0.005263741,-0.00490879,-0.004568043,-0.004239911,-0.00392281,-0.003615004,-0.003314636,-0.003019771,-0.002728261,-0.002438052,-0.00214723,-0.001854558,-0.001560061,0.005823833,0.005448337,0.005083863,0.004729288,0.004383529,0.004045473,0.003714092,0.003388374,0.003067402,0.002750405,0.002436794,0.002126352,0.001819401,0.001517243,0.001222501,0.005835364,0.005460695,0.005097099,0.004743452,0.004398671,0.004061638,0.003731321,0.0034067,0.003086844,0.002770965,0.00245845,0.00214905,0.001843047,0.001541692,0.001247551,0.005769506,0.005388678,0.005018329,0.004657287,0.004304422,0.003958573,0.003618677,0.003283694,0.002952703,0.002624963,0.00229997,0.001977664,0.001658624,0.00134454,0.001038534,-0.006022147,-0.005634367,-0.005263741,-0.00490879,-0.004568043,-0.004239911,-0.00392281,-0.003615004,-0.003314636,-0.003019771,-0.002728261,-0.002438052,-0.00214723,-0.001854558,-0.001560061,0.002724056,0.003152108,0.003608729,0.004095572,0.004613976,0.005164806,0.005748017,0.006362225,0.00700384,0.007666477,0.008338893,0.009004473,0.009638591,0.010206583969733353,0.010664484035257417
0.005015447,0.004698063,0.004389596,0.004089026,0.003795351,0.003507522,0.003224546,0.002945422,0.002669208,0.002395077,0.002122344,0.001850671,0.001580223,0.00131211,0.001048721,0.005028036,0.004711642,0.004404252,0.004104853,0.003812455,0.00352602,0.003244573,0.002967128,0.002692765,0.002420678,0.002150211,0.001881052,0.001613396,0.001348377,0.001088397,0.004989591,0.004670658,0.004360618,0.004058467,0.003763226,0.003473871,0.003189441,0.002908968,0.002631545,0.002356377,0.002082803,0.001810491,0.001539587,0.001271144,0.001007462,-0.005520827,-0.005166645,-0.0048279,-0.004503277,-0.004191468,-0.00389106,-0.003600644,-0.003318677,-0.003043503,-0.002773394,-0.002506424,-0.002240749,-0.001974636,-0.001706959,-0.001437725,0.005023468,0.004707412,0.004400492,0.00410172,0.003810132,0.00352472,0.003244536,0.002968617,0.002696058,0.002426056,0.002157925,0.001891285,0.001626206,0.001363625,0.001105689,0.005035768,0.004720613,0.004414651,0.004116895,0.003826381,0.003542097,0.003263093,0.002988398,0.002717098,0.002448374,0.002181518,0.001916124,0.001652225,0.001390714,0.001133689,0.004978012,0.00465744,0.004345535,0.004041265,0.003743623,0.003451559,0.00316409,0.002880229,0.002599065,0.002319821,0.002041887,0.001765023,0.001489535,0.001216709,0.000949147,-0.005520826,-0.005166645,-0.0048279,-0.004503277,-0.004191468,-0.00389106,-0.003600644,-0.003318677,-0.003043503,-0.002773394,-0.002506424,-0.002240748,-0.001974636,-0.001706959,-0.001437725,0.002247738,0.002607038,0.002990576,0.003399766,0.00383576,0.004299316,0.004790419,0.005307927,0.005848829,0.006407745,0.006975168,0.007537013,0.008072364,0.008551729,0.008937666
0.00424527,0.003984039,0.003730063,0.003482461,0.003240358,0.003002823,0.002768958,0.002537833,0.002308541,0.002080247,0.001852203,0.00162393,0.001395359,0.00116723,0.000941426,0.004258498,0.003998307,0.003745459,0.003499079,0.003258304,0.003022212,0.002789918,0.002560506,0.002333088,0.002106846,0.001881052,0.001655249,0.001429387,0.001204224,0.000981645,0.004223676,0.003961123,0.003705802,0.003456847,0.0032134,0.002974554,0.002739436,0.002507145,0.002276806,0.002047614,0.001818839,0.001590011,0.001361043,0.001132634,0.000906591,-0.00499472,-0.004675532,-0.004370057,-0.004077141,-0.003795639,-0.003524316,-0.003261938,-0.003007153,-0.00275851,-0.00251449,-0.002273397,-0.002033596,-0.001793544,-0.001552222,-0.001309609,0.004251219,0.003991023,0.00373826,0.003492075,0.003251626,0.003016016,0.002784382,0.002555828,0.002329478,0.002104518,0.001880192,0.001655988,0.001431749,0.001208066,0.00098661,0.004264218,0.004004991,0.003753261,0.003508175,0.00326889,0.003034509,0.002804166,0.002576961,0.002352009,0.002128483,0.001905611,0.001682856,0.001460031,0.00123769,0.001017459,0.004214293,0.003950379,0.003693502,0.003442771,0.003197305,0.00295617,0.002718473,0.002483293,0.002249751,0.002017053,0.00178451,0.001551734,0.001318776,0.001086541,0.000857104,-0.00499472,-0.004675532,-0.004370057,-0.004077141,-0.003795639,-0.003524316,-0.003261938,-0.003007153,-0.00275851,-0.00251449,-0.002273397,-0.002033596,-0.001793544,-0.001552222,-0.001309609,0.001775426,0.002067498,0.0023795,0.002712607,0.003067775,0.003445643,0.003846213,0.004268569,0.004710254,0.005166861,0.005630578,0.006089798,0.006527251,0.006918534,0.007232642
0.003506352,0.003297424,0.003094269,0.002896145,0.002702308,0.00251195,0.002324278,0.002138448,0.001953614,0.001768961,0.001583708,0.001397273,0.001209389,0.001020454,0.000831849,0.003520127,0.003312284,0.003110301,0.002913445,0.002720979,0.002532105,0.002346041,0.002161956,0.001979014,0.001796417,0.001613396,0.001429387,0.001244133,0.001058041,0.000872485,0.003488703,0.003278657,0.003074359,0.002875079,0.002680087,0.002488595,0.002299831,0.002112977,0.001927212,0.001741746,0.001555817,0.001368853,0.001180574,0.000991348,0.000802503,-0.004439327,-0.004156788,-0.003886221,-0.003626639,-0.003377055,-0.003136413,-0.002903655,-0.002677622,-0.00245707,-0.002240693,-0.00202703,-0.001814662,-0.00160224,-0.001388853,-0.001174444,0.003510212,0.003302018,0.00309973,0.002902629,0.002709994,0.002521046,0.002335018,0.002151097,0.001968456,0.001786298,0.001603835,0.001420453,0.001235812,0.001050185,0.000864778,0.003523817,0.003316654,0.003115467,0.00291954,0.002728153,0.002540527,0.002355896,0.002173442,0.001992333,0.001811761,0.001630925,0.001449194,0.001266201,0.001082187,0.000898323,0.003481414,0.003270275,0.003064723,0.002864005,0.00266737,0.002474006,0.002283122,0.002093881,0.001905455,0.001717062,0.001527972,0.001337679,0.001146022,0.000953546,0.000761808,-0.004439327,-0.004156788,-0.003886221,-0.003626639,-0.003377055,-0.003136413,-0.002903654,-0.002677622,-0.00245707,-0.002240693,-0.00202703,-0.001814662,-0.00160224,-0.001388853,-0.001174444,0.001312373,0.001539243,0.001781797,0.002040961,0.002317493,0.0026119,0.002924189,0.00325364,0.003598321,0.003954749,0.004316742,0.004675089,0.005016056,0.005320204,0.005562819
0.00280373,0.002642889,0.002486515,0.002334004,0.002184744,0.002038057,0.001893267,0.001749634,0.001606395,0.001462787,0.001318036,0.001171503,0.001022768,0.000871927,0.000719881,0.002817937,0.002658217,0.002503051,0.002351845,0.002203991,0.002058823,0.00191567,0.001773804,0.00163247,0.001490916,0.001348377,0.001204224,0.001058041,0.000909923,0.00076076,0.002789674,0.00262789,0.002470543,0.002317041,0.002166779,0.002019097,0.001873334,0.00172877,0.001584664,0.001440274,0.001294842,0.001147741,0.000998545,0.000847336,0.000694981,-0.003853059,-0.003608893,-0.003374946,-0.003150389,-0.002934402,-0.002726101,-0.002524607,-0.002328956,-0.002138114,-0.001950991,-0.001766364,-0.001583039,-0.001399867,-0.00121605,-0.00103149,0.002805511,0.002645096,0.002489235,0.002337341,0.002188818,0.002043009,0.001899256,0.001756841,0.001615015,0.001473026,0.001330093,0.001185551,0.001038919,0.000890197,0.000740152,0.002819604,0.002660273,0.002505572,0.002354919,0.002207718,0.002063316,0.001921056,0.001780217,0.001640047,0.001499789,0.00135865,0.001215954,0.001071199,0.00092436,0.000776174,0.002784351,0.002621734,0.002463426,0.002308815,0.002157278,0.002008135,0.001860706,0.001714257,0.001568035,0.001421303,0.001273328,0.001123534,0.000971593,0.000817729,0.000663004,-0.003853059,-0.003608893,-0.003374946,-0.003150389,-0.002934402,-0.002726101,-0.002524607,-0.002328956,-0.002138114,-0.001950991,-0.001766364,-0.001583039,-0.001399867,-0.00121605,-0.00103149,0.000866856,0.001031286,0.001207261,0.00139546,0.001596435,0.001810553,0.002037804,0.002277637,0.002528594,0.002788055,0.00305137,0.003311603,0.003558399,0.003777085,0.003949029
0.002144579,0.002027168,0.00191309,0.001801878,0.001693051,0.001586067,0.001480373,0.001375354,0.001270351,0.001164685,0.001057634,0.000948551,0.000836917,0.000722584,0.000606014,0.002159078,0.002042813,0.001929971,0.00182009,0.001712695,0.001607252,0.001503216,0.001399976,0.001296882,0.001193262,0.001088397,0.000981645,0.000872485,0.00076076,0.000646912,0.002133728,0.00201552,0.00190061,0.001788536,0.001678825,0.001570944,0.001464352,0.001358449,0.00125259,0.001146115,0.001038316,0.000928558,0.000816327,0.000701471,0.000584444,-0.003238879,-0.003034598,-0.002838772,-0.002650735,-0.002469825,-0.002295336,-0.002126563,-0.001962739,-0.001803036,-0.001646586,-0.001492409,-0.00133954,-0.001187039,-0.001034227,-0.000880968,0.002144337,0.002027045,0.001913126,0.001802122,0.001693562,0.001586916,0.001481643,0.001377137,0.001272748,0.001167802,0.001061568,0.000953378,0.000842671,0.000729226,0.000613416,0.002158775,0.002042609,0.001929899,0.001820191,0.001713017,0.00160785,0.001504152,0.001401319,0.001298699,0.001195615,0.001091332,0.000985173,0.000876562,0.00076526,0.000651617,0.002130214,0.002011419,0.001895826,0.001782958,0.001672326,0.001563383,0.00145557,0.001348272,0.001240839,0.001132608,0.001022889,0.000911085,0.000796755,0.000679861,0.000561007,-0.003238879,-0.003034598,-0.002838772,-0.002650735,-0.002469825,-0.002295336,-0.002126563,-0.001962739,-0.001803036,-0.001646586,-0.001492409,-0.00133954,-0.001187039,-0.001034227,-0.000880968,0.000450654,0.000556398,0.000669726,0.000791073,0.000920782,0.001059065,0.001205878,0.001360802,0.001522791,0.001690003,0.00185919,0.002025524,0.002181805,0.002317857,0.002420822
0.014162989163159912,0.013106589679415939,0.012086486,0.01110013,0.010145223804333345,0.00921962,0.008321584,0.007449709,0.006603125,0.005781579,0.004985647,0.004216907,0.003478289,0.00277463,0.002112905,0.014160018889985889,0.01310356,0.012083458559651731,0.011097191056066307,0.010142489172313475,0.009217245,0.008319773,0.007448727,0.006603314,0.005783373,0.004989591,0.004223676,0.003488703,0.002789674,0.002133728,0.014110994974385638,0.013052200765793184,0.012029772071209794,0.011041206731435427,0.010084257,0.009156833,0.008257267,0.007384216,0.006536877,0.005715049,0.004919338,0.004151308,0.003413806,0.002711491,0.002051043,-0.010289787,-0.009607449,-0.008959053,-0.008341481,-0.007751635,-0.007186197,-0.006641886,-0.006115147,-0.005602246,-0.005099359,-0.00460234,-0.004107309,-0.003610712,-0.003110265,-0.002605917,0.014192869542926341,0.013140610034390415,0.012125220729393675,0.011144230503441674,0.010195424036904332,0.009276744,0.008386552,0.00752353,0.006686895,0.005876455,0.005092806,0.004337473,0.003613228,0.002924601,0.002278093,0.014188943,0.013136331999130184,0.012120564423539263,0.011139166257467404,0.010189916781996922,0.009270754,0.008380028,0.007516414,0.006679106,0.00586789,0.005083324,0.004326889,0.003601295,0.002910996,0.002262409,0.014071172607610831,0.013007445111061975,0.01197952,0.010984849295501078,0.010021145811275233,0.00908629,0.008178596,0.007296726,0.006439916,0.005608049,0.004801886,0.004023223,0.003275262,0.002563155,0.001894214,-0.010289787,-0.009607448,-0.008959053,-0.008341481,-0.007751635,-0.007186197,-0.006641886,-0.006115147,-0.005602246,-0.005099359,-0.00460234,-0.004107309,-0.003610712,-0.003110265,-0.002605917,0.006630977,0.00771899,0.008874414,0.010100853588871974,0.011401150103399213,0.012776948063352547,0.014227710060084239,0.015749681,0.017333854696937667,0.018964642929117106,0.020615029,0.022245485344835055,0.023797793233933304,0.025190327602539073,0.026319643759364766
0.013095283775138451,0.012129211088006228,0.011195662760786484,0.010292273531701486,0.0094169,0.008567522,0.007742496,0.00694046,0.006160543,0.005402434,0.004666582,0.003954372,0.003268463,0.002613331,0.001995522,0.013092631,0.012126522415442419,0.011192997033439412,0.010289713017128313,0.009414554,0.008565538,0.007741066,0.006939834,0.006161043,0.005404466,0.004670658,0.003961123,0.003278657,0.00262789,0.00201552,0.013052200765793184,0.012084331401211698,0.011149086192164953,0.010244144729628202,0.009367412,0.008516927,0.007691104,0.00688865,0.006108752,0.005351148,0.00461631,0.003905603,0.003221597,0.002568584,0.00195281,-0.009774909,-0.009129018,-0.008514902,-0.007929653,-0.00737038,-0.00683398,-0.006317383,-0.005817257,-0.005330094,-0.004852296,-0.004379954,-0.003909402,-0.00343728,-0.002961434,-0.002481835,0.013123317056480142,0.012161150144629868,0.011232052940953639,0.010333733116420394,0.009464125,0.008621297,0.007803693,0.007010039,0.006239543,0.005491952,0.004767728,0.004068203,0.003395878,0.002754927,0.002151433,0.013119782913811434,0.012157309813105208,0.011227884,0.010329210441920764,0.009459219,0.008615974,0.007797909,0.007003744,0.006232667,0.005484403,0.004759384,0.004058899,0.003385393,0.002742973,0.002137649,0.013015119763780735,0.012042635187521526,0.011102243583653065,0.010191581065397406,0.009308514,0.008451051,0.007617591,0.006806842,0.006018029,0.005250967,0.004506276,0.003785547,0.003091686,0.002429465,0.001805736,-0.009774909,-0.009129018,-0.008514902,-0.007929653,-0.00737038,-0.00683398,-0.006317383,-0.005817257,-0.005330094,-0.004852296,-0.004379954,-0.003909402,-0.00343728,-0.002961434,-0.002481835,0.006148373,0.007155521,0.008225579,0.009361945,0.010567304399415372,0.011843234299841698,0.013189272641830693,0.014601955963305378,0.016072917,0.01758764,0.019120932527193397,0.020635919,0.022078274234539334,0.023371852879484983,0.024420206027869467
0.012064012,0.011184521705175634,0.010334024314376468,0.009510328,0.008711434,0.007935447,0.0071808,0.006446179,0.0057307,0.00503399,0.004356366,0.003699016,0.003064318,0.002456389,0.001881339,0.012061684928280208,0.011182182551014051,0.010331729943069917,0.009508157,0.008709491,0.00793387,0.007179772,0.006445933,0.00573154,0.005036297,0.004360618,0.003705802,0.003074359,0.002470543,0.00190061,0.012029772071209794,0.011149086192164953,0.010297523703890607,0.009472937,0.008673377,0.007897002,0.007142306,0.006408035,0.005693364,0.004997964,0.004322168,0.003667136,0.003035154,0.002430145,0.001857916,-0.009278309,-0.00866739,-0.008086176,-0.007531961,-0.007002051,-0.006493552,-0.006003598,-0.005529071,-0.005066685,-0.004613061,-0.00416452,-0.003717607,-0.003269153,-0.002817129,-0.002361526,0.012090245259160439,0.011214432140174561,0.010368128165908572,0.009549211,0.008755757,0.007985952,0.007238315,0.006511613,0.005805037,0.005118267,0.004451629,0.003806253,0.003184363,0.002589776,0.002028154,0.012087108760782825,0.011211035138964603,0.010364452473009345,0.009545236,0.00875146,0.007981303,0.007233281,0.006506149,0.005799085,0.005111749,0.004444437,0.003798244,0.003175344,0.002579493,0.00201629,0.011995335223847452,0.011110341061341383,0.010253970081079145,0.009424033,0.008618543,0.007835629,0.007073768,0.006331707,0.005608655,0.004904356,0.004219283,0.003554814,0.002913559,0.002299901,0.001720233,-0.009278309,-0.00866739,-0.008086176,-0.007531961,-0.007002051,-0.006493552,-0.006003598,-0.005529071,-0.005066685,-0.004613061,-0.00416452,-0.003717607,-0.003269153,-0.002817129,-0.002361526,0.005664448,0.006592515,0.007579051,0.008627251,0.009739649,0.010917753575605904,0.012161179,0.013466751931603484,0.014826742335001798,0.016227698,0.017646240738041715,0.019048119294988935,0.020382865371710624,0.021579746,0.022549213616716725
0.011066647630265948,0.010270176,0.009499396,0.008752281,0.008026972,0.007321689,0.006634941,0.00596545,0.00531232,0.004675112,0.004054002,0.003449977,0.002865133,0.002303218,0.001769903,0.011064651956025892,0.010268192680428239,0.00949748,0.008750508,0.008025442,0.007320533,0.00663433,0.005965605,0.005313525,0.004677723,0.004058467,0.003456847,0.002875079,0.002317041,0.001788536,0.011041206731435427,0.010244144729628202,0.009472937,0.008725602,0.008000328,0.007295388,0.006609351,0.005940997,0.005289483,0.004654408,0.004035964,0.0034351,0.002853814,0.002295654,0.001765979,-0.008796754,-0.008219571,-0.00767011,-0.007145855,-0.006644305,-0.006162768,-0.005698574,-0.005248815,-0.004810419,-0.004380222,-0.003954771,-0.003530817,-0.003105379,-0.002676549,-0.002244341,0.011091122,0.010298102294587316,0.009531262,0.008788642,0.008068452,0.00736899,0.006688845,0.006026818,0.005382081,0.004754241,0.004143483,0.003550731,0.002977928,0.002428527,0.001907762,0.011088386231834302,0.010295152210635908,0.009528084,0.00878522,0.008064768,0.007365022,0.006684566,0.006022193,0.005377062,0.004748763,0.004137455,0.003544032,0.00297039,0.002419932,0.001897837,0.011009323378712048,0.010208249697790266,0.00943256,0.008680233,0.007949419,0.007238364,0.006545618,0.00586996,0.00521058,0.004567145,0.003939979,0.003330241,0.00274024,0.002173967,0.001637348,-0.008796754,-0.008219571,-0.00767011,-0.007145855,-0.006644305,-0.006162768,-0.005698574,-0.005248815,-0.004810419,-0.004380222,-0.003954771,-0.003530817,-0.003105379,-0.002676549,-0.002244341,0.005178342,0.006028903,0.006933542,0.007895249,0.008916406,0.009998454,0.011141083209761902,0.012341412,0.013592344186221718,0.014881487396066628,0.016187265983944224,0.017478040091949417,0.018707168,0.019809279449083388,0.020701655
0.010100924,0.009384057,0.008689804,0.008016296,0.007361808,0.006724669,0.00610346,0.005496938,0.004904189,0.004324702,0.003758515,0.003206407,0.002670186,0.002153224,0.001660749,0.010099262749962491,0.009382434,0.008688272,0.008014928,0.007360698,0.006723942,0.006103278,0.005497509,0.004905778,0.004327643,0.003763226,0.0032134,0.002680087,0.002166779,0.001678825,0.010084257,0.009367412,0.008673377,0.008000328,0.007346587,0.006710536,0.006090814,0.005486232,0.004895927,0.004319425,0.003756768,0.003208695,0.002676908,0.002164572,0.001676595,-0.008326815,-0.00778238,-0.007263756,-0.006768616,-0.00629464,-0.005839334,-0.005400216,-0.004974585,-0.004559578,-0.004152241,-0.003749344,-0.003347841,-0.002944933,-0.002538837,-0.002129583,0.010123671,0.009410036,0.008719473,0.008050177,0.007400491,0.006768816,0.006153809,0.005554299,0.004969436,0.004398753,0.003842287,0.003300757,0.002775814,0.002270545,0.001789751,0.010121338297715169,0.009407534,0.008716793,0.008047309,0.007397422,0.00676553,0.006150287,0.005550515,0.004965354,0.00439432,0.003837431,0.003295375,0.002769768,0.002263652,0.00178178,0.010054842357892568,0.009334273,0.008636072,0.007958377,0.007299474,0.006657718,0.006031727,0.005420313,0.00482264,0.004238296,0.003667453,0.003111047,0.002571081,0.002051148,0.001556702,-0.008326815,-0.00778238,-0.007263756,-0.006768616,-0.00629464,-0.005839334,-0.005400216,-0.004974585,-0.004559578,-0.004152241,-0.003749344,-0.003347841,-0.002944933,-0.002538837,-0.002129583,0.004689297,0.00546374,0.006287902,0.007164568,0.008095968,0.009083475,0.010126854,0.011223515041097136,0.012366991759711824,0.013545952,0.014740617950435781,0.015921950675517774,0.017047116277869298,0.018056075,0.018872876491891958
0.009164737,0.008524189,0.00790339,0.007300627,0.006714303,0.006142851,0.005584925,0.00503931,0.004505074,0.003981637,0.00346889,0.002967404,0.002478696,0.002005757,0.001553357,0.009163411,0.008522926,0.007902243,0.007299666,0.006713616,0.00614256,0.005585179,0.005040306,0.004507062,0.003984926,0.003473871,0.002974554,0.002488595,0.002019097,0.001570944,0.009156833,0.008516927,0.007897002,0.007295388,0.006710536,0.006140934,0.005585287,0.005042437,0.004511499,0.003991922,0.003483601,0.00298706,0.002503699,0.002036297,0.0015893,-0.007864522,-0.007352129,-0.006863698,-0.006397082,-0.005950142,-0.005520572,-0.005106078,-0.004704157,-0.004312151,-0.003927316,-0.00354664,-0.003167277,-0.002786612,-0.002402981,-0.002016429,0.009185781,0.008548245,0.007930889,0.007332059,0.00675022,0.006183877,0.005631751,0.005092698,0.004565844,0.004050645,0.003546992,0.00305539,0.0025772,0.002115133,0.001673549,0.00918385,0.00854619,0.007928706,0.007329743,0.006747764,0.006181273,0.005628987,0.005089757,0.0045627,0.004047261,0.00354331,0.00305133,0.002572653,0.00210995,0.001667546,0.00912981,0.008486457,0.007862672,0.007256749,0.006667102,0.006092191,0.005530703,0.004981477,0.004443652,0.003916737,0.003400746,0.002896393,0.00240537,0.001930867,0.001477855,-0.007864522,-0.007352129,-0.006863698,-0.006397082,-0.005950142,-0.005520572,-0.005106078,-0.004704157,-0.004312152,-0.003927316,-0.00354664,-0.003167277,-0.002786612,-0.002402981,-0.002016429,0.004196616,0.004896153,0.005641068,0.006433941,0.007276846,0.008171088,0.009116506,0.010110797846691725,0.011148129404001991,0.012218226,0.013303106978048285,0.014376330870902367,0.015398863075508747,0.016315972197309667,0.017058438768688244
0.008256408,0.007688977,0.00713864,0.006603833,0.006083083,0.00557493,0.005078093,0.00459139,0.004113871,0.003644883,0.003184175,0.002732107,0.002289902,0.001860164,0.001447196,0.008255415,0.007688072,0.007137875,0.006603275,0.006082819,0.005575073,0.005078785,0.004592815,0.004116262,0.003648531,0.003189441,0.002739436,0.002299831,0.001873334,0.001464352,0.008257267,0.007691104,0.007142306,0.006609351,0.006090814,0.005585287,0.005091542,0.004608451,0.004135108,0.003670886,0.003215532,0.002769355,0.002333454,0.001910211,0.001503603,-0.007405689,-0.006924917,-0.006466312,-0.0060279,-0.005607714,-0.005203635,-0.00481355,-0.004435152,-0.004065989,-0.003703517,-0.003344944,-0.002987625,-0.002629124,-0.002267895,-0.001903998,0.008275765,0.007711126,0.007163984,0.006632829,0.006116249,0.005612848,0.00512141,0.004640816,0.004170171,0.003708853,0.003256607,0.002813725,0.002381276,0.001961589,0.001558572,0.008274231,0.007709513,0.007162293,0.00663106,0.006114401,0.005610919,0.005119396,0.004638711,0.004167959,0.003706511,0.003254096,0.002810987,0.002378229,0.001958121,0.001554545,0.008232561,0.007663223,0.007110863,0.006573924,0.006050948,0.005540499,0.005041329,0.004552305,0.004072541,0.003601469,0.003138947,0.002685464,0.002242398,0.001812531,0.001400341,-0.007405689,-0.006924917,-0.006466312,-0.0060279,-0.005607714,-0.005203635,-0.00481355,-0.004435152,-0.004065989,-0.003703517,-0.003344944,-0.002987625,-0.002629124,-0.002267895,-0.001903998,0.003699759,0.004325466,0.004992218,0.005702385,0.006457886,0.007259952,0.008108495,0.009001499,0.009933761,0.010896063750282875,0.011872223928942986,0.012838398803664606,0.013759351,0.014585644926727653,0.015254767693673415
0.0073746,0.006877128,0.0063943,0.005924695,0.005466963,0.005019749,0.004581838,0.004152083,0.003729519,0.003313424,0.002903409,0.002499624,0.002102997,0.001715739,0.001341677,0.007373933,0.006876575,0.006393911,0.005924535,0.005467115,0.005020319,0.004582962,0.004153934,0.003732314,0.003317433,0.002908968,0.002507145,0.002112977,0.00172877,0.001358449,0.007384216,0.00688865,0.006408035,0.005940997,0.005486232,0.005042437,0.004608451,0.004183178,0.003765693,0.003355301,0.002951603,0.002554693,0.002165372,0.00178562,0.00141893,-0.006945514,-0.00649627,-0.006067434,-0.005657203,-0.00526378,-0.004885227,-0.004519611,-0.004164817,-0.003818592,-0.0034786,-0.003142262,-0.002807134,-0.00247096,-0.002132311,-0.001791256,0.007392273,0.006897373,0.006417489,0.005951254,0.005497373,0.005054549,0.00462163,0.004197526,0.003781321,0.003372321,0.002970126,0.002574821,0.002187179,0.001809145,0.001444166,0.007391129,0.006896194,0.006416281,0.005950021,0.005496121,0.005053284,0.004620356,0.004196246,0.00378003,0.003371012,0.002968778,0.002573398,0.002185628,0.001807392,0.001442119,0.007361762,0.006863284,0.006379397,0.005908693,0.005449837,0.005001496,0.004562489,0.004131715,0.003708267,0.003291499,0.002881119,0.002477395,0.00208139,0.001695471,0.001323614,-0.006945514,-0.00649627,-0.006067434,-0.005657203,-0.00526378,-0.004885227,-0.004519611,-0.004164817,-0.003818592,-0.0034786,-0.003142262,-0.002807133,-0.00247096,-0.002132311,-0.001791256,0.003198336,0.003751192,0.004340758,0.004969193,0.005638254,0.006349097,0.007101703,0.007894338,0.008722428,0.009577813,0.010446109,0.011306074850073006,0.012126269094210034,0.012862549874217347,0.013459091
0.006518523,0.006087849,0.005669564,0.00526239,0.004865101,0.004476444,0.004095277,0.00372049,0.003351109,0.002986352,0.002625695,0.00226909,0.00191717,0.00157175,0.00123617,0.006518172,0.006087636,0.005669538,0.005262614,0.004865654,0.004477429,0.004096821,0.003722755,0.003354298,0.002990715,0.002631545,0.002276806,0.001927212,0.001584664,0.00125259,0.006536877,0.006108752,0.005693364,0.005289483,0.004895927,0.004511499,0.004135108,0.003765693,0.003402321,0.003044231,0.00269089,0.002342185,0.001998618,0.001661769,0.001334636,-0.006478715,-0.006061249,-0.00566246,-0.005280713,-0.004914376,-0.004561689,-0.004220896,-0.003890074,-0.00356717,-0.003250049,-0.002936351,-0.002623832,-0.002310419,-0.001994795,-0.001677033,0.006534504,0.006106177,0.005690582,0.00528649,0.004892725,0.00450809,0.004131498,0.003761894,0.003398344,0.003040092,0.002686602,0.002337754,0.001994034,0.001656999,0.001329627,0.006533737,0.006105418,0.005689841,0.005285779,0.004892054,0.004507472,0.004130945,0.003761419,0.003397957,0.003039798,0.002686399,0.002337631,0.001993967,0.001656954,0.001329557,0.006516614,0.006085834,0.005667458,0.005260221,0.004862914,0.004474308,0.004093293,0.003718801,0.003349912,0.002985911,0.002626365,0.002271323,0.001921541,0.001578965,0.001247059,-0.006478715,-0.006061249,-0.00566246,-0.005280713,-0.004914376,-0.004561689,-0.004220896,-0.003890074,-0.00356717,-0.003250049,-0.002936351,-0.002623832,-0.002310419,-0.001994795,-0.001677033,0.002692215,0.003173173,0.003686502,0.004234144,0.004817693,0.005438222,0.006095776,0.006788901,0.007513647,0.00826291,0.009024102,0.009778583,0.010498707368149588,0.011145619834342355,0.011670165678752589
0.005688009,0.005320911,0.004964139,0.004616558,0.004277064,0.003944511,0.003617833,0.003295966,0.002977937,0.002662912,0.002350251,0.002039712,0.001731645,0.001427471,0.001130028,0.005687958,0.00532102,0.004964457,0.004617146,0.004277998,0.003945889,0.003619775,0.003298624,0.002981499,0.002667612,0.002356377,0.002047614,0.001741746,0.001440274,0.001146115,0.005715049,0.005351148,0.004997964,0.004654408,0.004319425,0.003991922,0.003670886,0.003355301,0.003044231,0.002736866,0.002432548,0.002130973,0.001832354,0.001537871,0.001250017,-0.005999724,-0.005614642,-0.005246522,-0.004893895,-0.004555291,-0.004229126,-0.003913821,-0.003607641,-0.003308734,-0.003015168,-0.002724804,-0.0024356,-0.002145665,-0.001853796,-0.00156006,0.005702276,0.005337293,0.004982951,0.004638155,0.004301849,0.003972937,0.003650404,0.003333235,0.003020491,0.002711363,0.00240519,0.002101665,0.001800992,0.001504347,0.001214225,0.005701868,0.005336936,0.004982657,0.004637942,0.004301734,0.00397294,0.003650546,0.003333539,0.003020979,0.002712056,0.002406107,0.002102818,0.001802389,0.001505992,0.001216123,0.005696924,0.005330619,0.004974724,0.004628119,0.004289717,0.003958399,0.003633129,0.003312884,0.002996737,0.00268392,0.002373866,0.002066423,0.001762045,0.001462261,0.001170008,-0.005999724,-0.005614642,-0.005246522,-0.004893895,-0.004555291,-0.004229126,-0.003913821,-0.003607641,-0.003308734,-0.003015168,-0.002724804,-0.0024356,-0.002145665,-0.001853796,-0.00156006,0.002181573,0.002591643,0.003029744,0.003497596,0.003996624,0.004527814,0.005091269,0.005685808,0.0063081,0.006952086,0.007606971,0.008256706,0.008877433,0.009435568,0.009888602
0.004883721,0.004576847,0.004278425,0.003987459,0.003702971,0.003423926,0.00314934,0.002878208,0.002609568,0.002342556,0.002076429,0.001810774,0.001545674,0.001282159,0.001022559,0.004883945,0.004577253,0.00427906,0.003988383,0.003704256,0.003425666,0.003151649,0.002881227,0.002613473,0.002347562,0.002082803,0.001818839,0.001555817,0.001294842,0.001038316,0.004919338,0.00461631,0.004322168,0.004035964,0.003756768,0.003483601,0.003215532,0.002951603,0.00269089,0.002432548,0.00217582,0.001920227,0.001665712,0.001413064,0.001164265,-0.005502469,-0.00515075,-0.004814287,-0.004491769,-0.00418189,-0.003883241,-0.003594417,-0.003313873,-0.003039959,-0.002770948,-0.002504924,-0.002240053,-0.001974628,-0.001707556,-0.00143889,0.004896233,0.004591237,0.004294972,0.004006484,0.003724833,0.003449032,0.003178142,0.0029112,0.002647275,0.002385521,0.002125176,0.001865762,0.001607221,0.001350354,0.001097172,0.004896162,0.004591254,0.004295097,0.004006738,0.003725241,0.003449621,0.003178943,0.002912245,0.002648601,0.002387164,0.002127175,0.001868155,0.00161005,0.001353663,0.001101016,0.004903305,0.004598121,0.004301541,0.004012588,0.003730303,0.003453679,0.003181764,0.002913587,0.002648235,0.002384897,0.002122898,0.001861901,0.001602075,0.001344538,0.001091693,-0.005502468,-0.00515075,-0.004814287,-0.004491769,-0.00418189,-0.003883241,-0.003594417,-0.003313873,-0.003039959,-0.002770948,-0.002504924,-0.002240053,-0.001974628,-0.001707556,-0.00143889,0.001667157,0.002007528,0.002371601,0.002760868,0.003176582,0.003619636,0.004090185,0.004587308,0.005108283,0.005648084,0.006197688,0.006743618,0.007265778,0.007735816,0.008117826
0.004107298,0.003857105,0.003613673,0.003376145,0.003143668,0.002915328,0.002690232,0.002467444,0.002246035,0.002025129,0.001803911,0.001581823,0.001358702,0.001135205,0.000913148,0.004107768,0.003857775,0.003614589,0.003377365,0.003145264,0.002917387,0.002692862,0.002470777,0.002250236,0.002030397,0.001810491,0.001590011,0.001368853,0.001147741,0.000928558,0.004151308,0.003905603,0.003667136,0.0034351,0.003208695,0.00298706,0.002769355,0.002554693,0.002342185,0.002130973,0.001920227,0.001709323,0.001497961,0.001286558,0.001076583,-0.004981422,-0.004664377,-0.004360876,-0.004069769,-0.003789911,-0.00352007,-0.003259012,-0.003005387,-0.002757744,-0.00251457,-0.002274173,-0.002034933,-0.001795331,-0.001554384,-0.001312118,0.004118002,0.003869437,0.003627878,0.003392502,0.003162495,0.00293698,0.002715106,0.002495971,0.002278675,0.002062355,0.001846175,0.001629514,0.001412082,0.001194322,0.000977759,0.004118234,0.003869794,0.003628383,0.003393184,0.003163383,0.00293811,0.002716517,0.002497707,0.002280786,0.002064896,0.001849205,0.001633099,0.001416296,0.001199252,0.000983512,0.00413733,0.003889713,0.003649079,0.003414593,0.003185426,0.00296069,0.002739525,0.00252103,0.00230432,0.002088568,0.001873017,0.001657173,0.001440943,0.001225053,0.001011365,-0.004981422,-0.004664377,-0.004360876,-0.004069769,-0.003789911,-0.00352007,-0.003259012,-0.003005387,-0.002757745,-0.00251457,-0.002274173,-0.002034933,-0.001795331,-0.001554384,-0.001312119,0.001150518,0.001422688,0.00171426,0.002026499,0.002360481,0.002717,0.003096253,0.00349757,0.003918817,0.004355978,0.004801772,0.005245252,0.00567003,0.006052923,0.006364545
0.003361698,0.003164374,0.002972295,0.002784746,0.002601005,0.002420278,0.002241778,0.002064655,0.001888033,0.001711054,0.001532863,0.001352792,0.00117047,0.000986205,0.000801302,0.003362372,0.003165263,0.002973445,0.002786214,0.002602857,0.002422599,0.00224467,0.002068242,0.001892468,0.001716521,0.001539587,0.001361043,0.001180574,0.000998545,0.000816327,0.003413806,0.003221597,0.003035154,0.002853814,0.002676908,0.002503699,0.002333454,0.002165372,0.001998618,0.001832354,0.001665712,0.001497961,0.001328599,0.001157697,0.00098622,-0.004432001,-0.004151195,-0.003882212,-0.003624063,-0.003375763,-0.003136255,-0.002904481,-0.002679282,-0.002459417,-0.002243583,-0.002030324,-0.001818237,-0.001605999,-0.001392736,-0.001178438,0.003370526,0.003174566,0.00298406,0.002798321,0.002616658,0.002438313,0.00226253,0.002088491,0.001915342,0.001742234,0.001568292,0.001392791,0.001215243,0.001035767,0.000855409,0.003371019,0.003175217,0.002984897,0.002799377,0.00261797,0.002439923,0.002264489,0.002090852,0.001918171,0.001745603,0.001572283,0.001397496,0.001220774,0.001042252,0.00086301,0.003401857,0.003207979,0.003019638,0.002836146,0.002656804,0.002480852,0.002307534,0.002136034,0.001965521,0.001795179,0.001624203,0.00145198,0.001278193,0.001103196,0.000928321,-0.004432001,-0.004151195,-0.003882212,-0.003624063,-0.003375763,-0.003136255,-0.00290448,-0.002679282,-0.002459417,-0.002243583,-0.002030324,-0.001818237,-0.001605999,-0.001392736,-0.001178438,0.00063448,0.000840421,0.001061529,0.001298843,0.001553257,0.001825461,0.002115684,0.002423491,0.00274731,0.003084103,0.003428276,0.003771346,0.004100549,0.004397758,0.004639986
0.002651717,0.002503094,0.002358376,0.002216986,0.002078332,0.001941755,0.001806579,0.001672057,0.001537394,0.001401779,0.001264359,0.0011244,0.00098137,0.000835263,0.000686897,0.002652543,0.002504146,0.002359699,0.002218635,0.002080373,0.001944266,0.001809657,0.001675819,0.001541981,0.001407362,0.001271144,0.001132634,0.000991348,0.000847336,0.000701471,0.002711491,0.002568584,0.002430145,0.002295654,0.002164572,0.002036297,0.001910211,0.00178562,0.001661769,0.001537871,0.001413064,0.001286558,0.001157697,0.001026251,0.000892704,-0.003852426,-0.003609498,-0.003376661,-0.003153086,-0.00293795,-0.002730369,-0.002529463,-0.002334269,-0.002143751,-0.001956827,-0.001772281,-0.001588936,-0.00140567,-0.001221724,-0.001037042,0.002658593,0.002511058,0.002367595,0.002227653,0.002090664,0.001955997,0.001823003,0.001690959,0.001559088,0.001426585,0.001292577,0.00115628,0.001017061,0.000874753,0.000729952,0.002659294,0.002511945,0.002368701,0.002229015,0.002092327,0.001958011,0.001825426,0.00169386,0.001562546,0.001430689,0.001297433,0.00116201,0.001023811,0.000882697,0.000739306,0.002701556,0.002557222,0.002417154,0.002280806,0.002147617,0.002016959,0.001888191,0.001760604,0.001633443,0.001505936,0.001377275,0.001246769,0.001113929,0.000978775,0.000842126,-0.003852426,-0.003609498,-0.003376661,-0.003153086,-0.00293795,-0.002730369,-0.002529463,-0.002334269,-0.002143751,-0.001956827,-0.001772281,-0.001588936,-0.00140567,-0.001221724,-0.001037042,0.00012375,0.000266117,0.000419532,0.000584807,0.000762656,0.00095366,0.001158069,0.001375663,0.001605399,0.001845165,0.002090981,0.002336732,0.002573144,0.002786987,0.002961487
0.001984196,0.001879688,0.001777912,0.00167843,0.001580783,0.001484445,0.001388866,0.001293419,0.001197412,0.001100115,0.00100072,0.000898479,0.000792752,0.000683274,0.00057041,0.001985111,0.001880835,0.001779335,0.001680182,0.001582928,0.001487058,0.001392038,0.001297259,0.001202052,0.001105712,0.001007462,0.000906591,0.000802503,0.000694981,0.000584444,0.002051043,0.00195281,0.001857916,0.001765979,0.001676595,0.0015893,0.001503603,0.00141893,0.001334636,0.001250017,0.001164265,0.001076583,0.00098622,0.000892704,0.000796081,-0.003245371,-0.003041754,-0.002846493,-0.002658918,-0.002478366,-0.002304127,-0.002135497,-0.001971707,-0.001811933,-0.001655313,-0.001500878,-0.001347683,-0.001194819,-0.001041644,-0.000888062,0.001989055,0.001885344,0.001784491,0.001686077,0.00158966,0.001494736,0.001400775,0.001307168,0.001213235,0.001118248,0.001021382,0.000921847,0.000818922,0.00071221,0.000601899,0.001989899,0.001886396,0.001785789,0.001687663,0.001591585,0.001497059,0.001403564,0.001310502,0.001217208,0.001122969,0.001026981,0.000928474,0.000826759,0.000721477,0.000612866,0.002043112,0.001943693,0.001847438,0.001753943,0.001662781,0.001573464,0.001485478,0.001398237,0.001311087,0.001223337,0.001134219,0.001043018,0.000949124,0.000852283,0.000752837,-0.003245371,-0.003041754,-0.002846493,-0.002658918,-0.002478366,-0.002304127,-0.002135497,-0.001971707,-0.001811933,-0.001655313,-0.001500878,-0.001347683,-0.001194819,-0.001041644,-0.000888062,-0.000374821,-0.000292457,-0.000202984,-0.000105809,-3.93E-07,0.000113729,0.000236822,0.000368854,0.000509271,0.00065682,0.000809037,0.000962038,0.00110986,0.001243941,0.001353461
-0.010292325,-0.009776765,-0.009279187,-0.008796279,-0.008324517,-0.007859818,-0.007397867,-0.006933719,-0.006461934,-0.005976798,-0.005472109,-0.004942264,-0.004382684,-0.003791692,-0.003172166,-0.010316734,-0.009802939,-0.009307237,-0.008826325,-0.008356687,-0.007894256,-0.007434729,-0.006973185,-0.006504216,-0.006022147,-0.005520827,-0.00499472,-0.004439327,-0.003853059,-0.003238879,-0.010289787,-0.009774909,-0.009278309,-0.008796754,-0.008326815,-0.007864522,-0.007405689,-0.006945514,-0.006478715,-0.005999724,-0.005502469,-0.004981422,-0.004432001,-0.003852426,-0.003245371,0.031043240388728018,0.028702760090293947,0.026468285879876253,0.024333172684923066,0.022291269,0.020336538077468724,0.018463591764439572,0.016667224525211393,0.014942676990628732,0.013285750991481118,0.011692685653373839,0.010160875978165887,0.008689176,0.007279245,0.005936608,-0.010303343,-0.009790632,-0.009296501,-0.008817746,-0.008350967,-0.00789222,-0.007437339,-0.006981535,-0.006519518,-0.006045702,-0.005553955,-0.005038662,-0.004495101,-0.003921309,-0.003319763,-0.010327429,-0.009816363,-0.009323944,-0.008846962,-0.008382002,-0.007925106,-0.007472084,-0.007018118,-0.006557881,-0.00608574,-0.005595501,-0.005081478,-0.004538862,-0.003965584,-0.003363995,-0.010290498,-0.009774423,-0.009276225,-0.008792575,-0.008319931,-0.007854194,-0.00739104,-0.006925513,-0.006452188,-0.005965381,-0.005458953,-0.004927411,-0.004366336,-0.00377427,-0.003154325,0.03104324,0.028702760097873207,0.026468285984559744,0.024333172,0.022291269,0.020336538,0.018463591611826737,0.016667224487990913,0.014942677305306528,0.013285751094457274,0.011692685643266316,0.010160875847511436,0.008689176,0.007279245,0.005936608,0.009678521,0.009537385,0.009367892,0.009164746,0.008921871,0.008631688,0.008285708,0.007873704,0.007383873,0.006803289,0.006117166,0.005311093,0.00437142,0.003289054,0.002063981
-0.009608854,-0.009129708,-0.008667085,-0.008217918,-0.007778937,-0.007346351,-0.006916142,-0.006483701,-0.006043946,-0.005591536,-0.005120656,-0.004626046,-0.004103394,-0.0035511,-0.002971838,-0.009631945,-0.009154467,-0.008693617,-0.008246335,-0.007809361,-0.007378915,-0.006950991,-0.006521003,-0.006083898,-0.005634367,-0.005166645,-0.004675532,-0.004156788,-0.003608893,-0.003034598,-0.009607449,-0.009129018,-0.00866739,-0.008219571,-0.00778238,-0.007352129,-0.006924917,-0.00649627,-0.006061249,-0.005614642,-0.00515075,-0.004664377,-0.004151195,-0.003609498,-0.003041754,0.028702760090293947,0.026552922,0.024499516,0.022536448039400688,0.020658067437244847,0.018858818,0.017133727,0.015477976931064306,0.013887143729383183,0.012357306570932385,0.010884930036679447,0.00946754,0.008104014,0.006795854,0.005548208,-0.009619505,-0.00914306,-0.008683699,-0.008238459,-0.007804184,-0.007377212,-0.006953663,-0.006529074,-0.006098502,-0.005656718,-0.00519797,-0.004716977,-0.00420928,-0.003673001,-0.003110415,-0.009642295,-0.009167407,-0.008709668,-0.008266105,-0.007833552,-0.007408332,-0.006986545,-0.006563697,-0.006134812,-0.005694616,-0.005237299,-0.004757514,-0.004250723,-0.003714945,-0.003152344,-0.009607976,-0.009128404,-0.008665258,-0.008215451,-0.0077757,-0.007342192,-0.0069109,-0.006477204,-0.006036031,-0.005582063,-0.005109544,-0.004613309,-0.004089194,-0.003535803,-0.002956022,0.02870276,0.026552922,0.024499516462616583,0.022536447840009174,0.020658067,0.018858817573149066,0.017133727,0.015477977,0.013887144022237057,0.012357306667332143,0.010884930027419939,0.00946754,0.008104014,0.006795854,0.005548208,0.009058093,0.00891792,0.008750798,0.008551777,0.008315194,0.008034009,0.007700365,0.007304833,0.006836589,0.006283845,0.005633222,0.004871819,0.00398763,0.002973065,0.001829058
-0.008959439,-0.008514545,-0.008084813,-0.007667406,-0.007259301,-0.006856981,-0.006456716,-0.00605422,-0.005644759,-0.005223349,-0.004784552,-0.004323442,-0.003835965,-0.0033206,-0.002779818,-0.008981255,-0.008537936,-0.008109876,-0.007694247,-0.007288033,-0.006887728,-0.006489614,-0.006089424,-0.005682451,-0.005263741,-0.0048279,-0.004370057,-0.003886221,-0.003374946,-0.002838772,-0.008959053,-0.008514902,-0.008086176,-0.00767011,-0.007263756,-0.006863698,-0.006466312,-0.006067434,-0.00566246,-0.005246522,-0.004814287,-0.004360876,-0.003882212,-0.003376661,-0.002846493,0.026468285879876253,0.024499516,0.022618194067060074,0.020818742820212278,0.019095983,0.017444809803068954,0.015860639866426877,0.014339016914741045,0.012875829234443376,0.011467412464889613,0.010110436661431776,0.008802543,0.007542615,0.006331994,0.005175445,-0.00896974,-0.008527407,-0.008100761,-0.007687065,-0.0072834,-0.006886371,-0.006492376,-0.006097262,-0.005696424,-0.005284978,-0.00485754,-0.004409156,-0.003935623,-0.003435143,-0.002909801,-0.008991277,-0.008550414,-0.0081253,-0.007713189,-0.007311151,-0.006915776,-0.006523446,-0.006129978,-0.005730735,-0.005320791,-0.00489471,-0.004447472,-0.003974804,-0.003474812,-0.002949478,-0.008959367,-0.008514126,-0.008083955,-0.007666001,-0.007257222,-0.006854084,-0.006452844,-0.006049205,-0.005638437,-0.005215576,-0.004775233,-0.00431257,-0.003823667,-0.003307188,-0.002765807,0.026468285550879687,0.024499516382261936,0.022618194,0.020818742632928433,0.019095983434827723,0.017444809805830692,0.015860639739035422,0.014339016880742466,0.012875829506265953,0.011467412555015936,0.010110436652905671,0.008802542,0.007542615,0.006331994,0.005175445,0.008446917,0.008307448,0.008142344,0.007946984,0.007716099,0.007443165,0.00712093,0.006740736,0.006292704,0.005766149,0.005149064,0.004430032,0.003598675,0.00264892,0.001582711
-0.008340957,-0.007928366,-0.007529661,-0.007142229,-0.006763278,-0.006389558,-0.006017616,-0.005643475,-0.005262739,-0.004870767,-0.004462494,-0.004033312,-0.003579421,-0.003099375,-0.002595452,-0.008361537,-0.007950427,-0.007553297,-0.007167538,-0.006790365,-0.006418539,-0.006048617,-0.005676639,-0.005298235,-0.00490879,-0.004503277,-0.004077141,-0.003626639,-0.003150389,-0.002650735,-0.008341481,-0.007929653,-0.007531961,-0.007145855,-0.006768616,-0.006397082,-0.0060279,-0.005657203,-0.005280713,-0.004893895,-0.004491769,-0.004069769,-0.003624063,-0.003153086,-0.002658918,0.024333172684923066,0.022536448039400688,0.020818742820212278,0.019174967921382898,0.017600386759492534,0.016090316552090887,0.014640540691910026,0.013246940979345196,0.011905696568902576,0.010613380329619603,0.00936685,0.008163845,0.007003246,0.005886221,0.004817153,-0.008350918,-0.007940751,-0.007544964,-0.007161035,-0.00678627,-0.006417531,-0.006051483,-0.005684273,-0.005311622,-0.004928982,-0.004531327,-0.004114018,-0.003673106,-0.003206869,-0.00271721,-0.008371238,-0.007962456,-0.007568112,-0.007185677,-0.006812445,-0.006445265,-0.006080786,-0.005715128,-0.005343982,-0.004962759,-0.004566385,-0.004150162,-0.003710073,-0.00324431,-0.002754681,-0.008341557,-0.007928687,-0.007529616,-0.007141716,-0.006762178,-0.006387733,-0.006014913,-0.00563973,-0.005257789,-0.004864466,-0.004454735,-0.00402407,-0.003568793,-0.00308763,-0.002583047,0.024333172384395023,0.022536448053269795,0.020818742890845118,0.019174967745834652,0.017600386731858608,0.016090316556518002,0.014640540576201639,0.013246940946774081,0.011905696820427409,0.010613380413755678,0.00936685,0.008163844,0.007003246,0.005886221,0.004817154,0.007844805,0.007705883,0.007542554,0.007350514,0.00712487,0.006859591,0.006548009,0.006182207,0.00575322,0.005251434,0.004666178,0.003987493,0.003206612,0.002318987,0.001327622
-0.007750308,-0.007368274,-0.006998932,-0.006639879,-0.006288548,-0.005941942,-0.005596874,-0.005249669,-0.004896255,-0.004532329,-0.00415318,-0.003754518,-0.003332789,-0.002886617,-0.002418095,-0.007769684,-0.007389041,-0.007021177,-0.006663694,-0.006314031,-0.0059692,-0.005626025,-0.005280844,-0.00492961,-0.004568043,-0.004191468,-0.003795639,-0.003377055,-0.002934402,-0.002469825,-0.007751635,-0.00737038,-0.007002051,-0.006644305,-0.00629464,-0.005950142,-0.005607714,-0.00526378,-0.004914376,-0.004555291,-0.00418189,-0.003789911,-0.003375763,-0.00293795,-0.002478366,0.022291269,0.020658067437244847,0.019095983,0.017600386759492534,0.016166957313607563,0.014791410629328528,0.013469873390682391,0.012198544822231813,0.010973875756883383,0.009792659,0.008651923,0.007549495,0.006484238,0.005457139,0.0044722,-0.00775993,-0.007380188,-0.0070136,-0.006657849,-0.006310456,-0.005968531,-0.005628995,-0.005288287,-0.00494244,-0.004587234,-0.004217992,-0.003830384,-0.003420708,-0.002987318,-0.002531937,-0.007779063,-0.007400623,-0.007035391,-0.006681044,-0.006335092,-0.005994633,-0.005656571,-0.005317321,-0.004972889,-0.004619017,-0.004250982,-0.0038644,-0.003455505,-0.003022573,-0.002567241,-0.007751457,-0.007369201,-0.006999556,-0.006640105,-0.006288262,-0.005941012,-0.005595153,-0.005246998,-0.004892473,-0.004527287,-0.004146766,-0.003746692,-0.003323621,-0.00287634,-0.002407115,0.022291268975895968,0.020658067,0.019095983524917072,0.017600386595386146,0.016166957,0.014791410635468053,0.013469873286078049,0.012198545,0.010973875988788713,0.009792659,0.008651923,0.007549494,0.006484238,0.005457139,0.0044722,0.007251671,0.007113249,0.006951578,0.006762656,0.006541949,0.006283902,0.005982405,0.005630259,0.00521938,0.004741195,0.004186335,0.003546269,0.00281382,0.001985968,0.001066814
-0.007184171,-0.006831167,-0.006489732,-0.006157666,-0.005832615,-0.005511827,-0.005192372,-0.004870866,-0.004543552,-0.004206454,-0.00385521,-0.003485837,-0.00309502,-0.002681456,-0.002247052,-0.00720237,-0.006850669,-0.006510616,-0.00618002,-0.005856528,-0.005537399,-0.005219712,-0.004900095,-0.004574813,-0.004239911,-0.00389106,-0.003524316,-0.003136413,-0.002726101,-0.002295336,-0.007186197,-0.00683398,-0.006493552,-0.006162768,-0.005839334,-0.005520572,-0.005203635,-0.004885227,-0.004561689,-0.004229126,-0.003883241,-0.00352007,-0.003136255,-0.002730369,-0.002304127,0.020336538077468724,0.018858818,0.017444809803068954,0.016090316552090887,0.014791410629328528,0.013544183052303125,0.012345083977626936,0.011190611292831248,0.010077470680999883,0.00900266,0.007963366,0.006957488,0.005983866,0.005043298,0.004139399,-0.007193443,-0.006842601,-0.006503761,-0.006174799,-0.005853446,-0.005537046,-0.005222771,-0.004907338,-0.004587089,-0.004258119,-0.003916094,-0.003556985,-0.00317733,-0.00277556,-0.002353223,-0.007211416,-0.006861794,-0.006524223,-0.006196576,-0.005876572,-0.005561546,-0.005248651,-0.004934585,-0.004615661,-0.004287942,-0.00394705,-0.003588906,-0.003209991,-0.002808665,-0.002386396,-0.007185754,-0.006832577,-0.006490893,-0.006158488,-0.00583299,-0.00551163,-0.005191463,-0.004869089,-0.004540751,-0.00420248,-0.003849948,-0.003479234,-0.003087128,-0.002672474,-0.002237344,0.020336537829797458,0.018858817588589087,0.017444809855248388,0.016090316399216303,0.014791411,0.013544183060198823,0.012345084,0.011190611,0.010077470893908088,0.00900266,0.007963366,0.006957487,0.005983866,0.005043298,0.004139399,0.006667537,0.006529708,0.006369732,0.006183896,0.005968012,0.005716982,0.005425236,0.005086264,0.004692838,0.004237392,0.003711823,0.003108997,0.0024233,0.00165323,0.000804005
-0.006639262,-0.00631397,-0.00599919,-0.005692916,-0.005392997,-0.005096919,-0.004801999,-0.004505134,-0.004202877,-0.003891567,-0.003567185,-0.003226045,-0.002865071,-0.002483026,-0.002081635,-0.006656305,-0.006332229,-0.006018738,-0.005713833,-0.005415367,-0.005120834,-0.004827559,-0.004532452,-0.004232082,-0.00392281,-0.003600644,-0.003261938,-0.002903655,-0.002524607,-0.002126563,-0.006641886,-0.006317383,-0.006003598,-0.005698574,-0.005400216,-0.005106078,-0.00481355,-0.004519611,-0.004220896,-0.003913821,-0.003594417,-0.003259012,-0.002904481,-0.002529463,-0.002135497,0.018463591764439572,0.017133727,0.015860639866426877,0.014640540691910026,0.013469873390682391,0.012345083977626936,0.011262928,0.010220187,0.009213806,0.008240976,0.007299029,0.00638593,0.005500488,0.004643304,0.003817606,-0.006648164,-0.006324905,-0.006012561,-0.005709195,-0.005412737,-0.005120759,-0.004830672,-0.004539467,-0.004243783,-0.003940024,-0.003624189,-0.003292547,-0.002941872,-0.00257067,-0.002180316,-0.006664997,-0.006342877,-0.006031717,-0.005729579,-0.005434379,-0.005143683,-0.004854884,-0.004564954,-0.004270507,-0.003967916,-0.003653141,-0.003322405,-0.002972428,-0.002601653,-0.002211384,-0.006641176,-0.006315752,-0.006000768,-0.005694206,-0.005393898,-0.005097311,-0.004801749,-0.004504094,-0.004200893,-0.003888495,-0.003562906,-0.0032205,-0.002858296,-0.002475194,-0.002073076,0.018463592,0.017133726938235908,0.015860639910574188,0.014640540550137967,0.013469873364568086,0.012345083987311616,0.011262928389251995,0.010220187009064425,0.009213806,0.008240976,0.007299029,0.00638593,0.005500488,0.004643304,0.003817606,0.00609258,0.005955594,0.005797526,0.005614939,0.005403982,0.005159995,0.00487793,0.004551942,0.004175631,0.003742405,0.003245392,0.002678812,0.002038578,0.001324685,0.000543464
-0.006112023,-0.00581335,-0.005524189,-0.00524272,-0.004966991,-0.004694714,-0.004423449,-0.004150364,-0.003872311,-0.003585942,-0.003287569,-0.002973802,-0.002641795,-0.002290377,-0.001921092,-0.006127927,-0.005830382,-0.005542419,-0.005262221,-0.00498784,-0.004716996,-0.004447254,-0.004175797,-0.00389949,-0.003615004,-0.003318677,-0.003007153,-0.002677622,-0.002328956,-0.001962739,-0.006115147,-0.005817257,-0.005529071,-0.005248815,-0.004974585,-0.004704157,-0.004435152,-0.004164817,-0.003890074,-0.003607641,-0.003313873,-0.003005387,-0.002679282,-0.002334269,-0.001971707,0.016667224525211393,0.015477976931064306,0.014339016914741045,0.013246940979345196,0.012198544822231813,0.011190611292831248,0.010220187,0.009284321,0.008380187,0.007505161,0.006656712,0.005832866,0.005032391,0.004255693,0.003505607,-0.006120522,-0.005823752,-0.005536866,-0.005258111,-0.004985606,-0.004717143,-0.004450366,-0.004182531,-0.003910566,-0.003631178,-0.003340695,-0.003035675,-0.002713127,-0.002371629,-0.002012387,-0.006136231,-0.005840519,-0.005554734,-0.005277118,-0.005005782,-0.004738509,-0.004472929,-0.004206278,-0.003935462,-0.003657162,-0.003367665,-0.003063492,-0.002741601,-0.002400514,-0.002041374,-0.00611418,-0.005815407,-0.005526081,-0.005244368,-0.0049683,-0.004695573,-0.004423729,-0.004149925,-0.003871006,-0.00358363,-0.003284134,-0.002969181,-0.002636012,-0.002283586,-0.001913593,0.016667224325360348,0.015477976949267497,0.014339016951626957,0.013246940848628565,0.012198545,0.011190611304318029,0.010220186963336526,0.009284321,0.008380188,0.007505162,0.006656712,0.005832866,0.005032391,0.004255693,0.003505607,0.005527141,0.005391449,0.005235723,0.005056796,0.004851141,0.004614524,0.004342403,0.004029575,0.003670438,0.003259341,0.002790597,0.002259736,0.001664148,0.001005272,0.000290528
-0.005598717,-0.005325795,-0.005061438,-0.004804005,-0.004551733,-0.004302558,-0.004054269,-0.003804305,-0.003549806,-0.003287732,-0.003014719,-0.002727669,-0.002423961,-0.00210249,-0.001764614,-0.005613492,-0.005341613,-0.005078361,-0.004822102,-0.004571074,-0.00432322,-0.004076337,-0.003827871,-0.00357498,-0.003314636,-0.003043503,-0.00275851,-0.00245707,-0.002138114,-0.001803036,-0.005602246,-0.005330094,-0.005066685,-0.004810419,-0.004559578,-0.004312151,-0.004065989,-0.003818592,-0.00356717,-0.003308734,-0.003039959,-0.002757744,-0.002459417,-0.002143751,-0.001811933,0.014942676990628732,0.013887143729383183,0.012875829234443376,0.011905696568902576,0.010973875756883383,0.010077470680999883,0.009213806,0.008380187,0.007574011,0.006792828,0.006034243,0.005296337,0.004577842,0.003878965,0.003202145,-0.005606767,-0.005335615,-0.00507337,-0.004818453,-0.004569165,-0.004323515,-0.004079369,-0.003834243,-0.003585347,-0.003329688,-0.003063913,-0.002784869,-0.002489796,-0.002177344,-0.001848549,-0.005621362,-0.005351187,-0.00508996,-0.004836095,-0.004587887,-0.004343336,-0.004100295,-0.003856263,-0.003608431,-0.003353777,-0.003088917,-0.002810661,-0.002516204,-0.002204146,-0.001875467,-0.005601045,-0.00532805,-0.005063561,-0.004805922,-0.004553357,-0.004303783,-0.004054977,-0.003804361,-0.003549073,-0.003286075,-0.003012027,-0.002723877,-0.002419088,-0.002096674,-0.001758132,0.014942676812929014,0.013887143747981258,0.012875829264821842,0.011905696449270494,0.010973875729827791,0.010077470694269893,0.009213806,0.008380187,0.007574011,0.006792828,0.006034243,0.005296337,0.004577842,0.003878965,0.003202145,0.004971784,0.004838084,0.004685409,0.004510858,0.004311222,0.004082681,0.00382118,0.003522139,0.003180724,0.002792188,0.002351977,0.00185687,0.001305659,0.000701156,5.179544074064693e-05
-0.005095518,-0.004847706,-0.004607558,-0.004373605,-0.004144271,-0.003917704,-0.003691921,-0.003464622,-0.003233233,-0.002995012,-0.002746919,-0.002486141,-0.002210281,-0.001918293,-0.001611352,-0.005109168,-0.004862314,-0.00462318,-0.004390304,-0.00416211,-0.003936754,-0.003712258,-0.003486329,-0.00325641,-0.003019771,-0.002773394,-0.00251449,-0.002240693,-0.001950991,-0.001646586,-0.005099359,-0.004852296,-0.004613061,-0.004380222,-0.004152241,-0.003927316,-0.003703517,-0.0034786,-0.003250049,-0.003015168,-0.002770948,-0.00251457,-0.002243583,-0.001956827,-0.001655313,0.013285750991481118,0.012357306570932385,0.011467412464889613,0.010613380329619603,0.009792659,0.00900266,0.008240976,0.007505161,0.006792828,0.006101703,0.005429523,0.004774432,0.004135125,0.003511615,0.002905946,-0.005103059,-0.004856878,-0.004618673,-0.004387032,-0.004160435,-0.003937097,-0.003715106,-0.003492228,-0.003265952,-0.003033577,-0.002792069,-0.002538559,-0.002270516,-0.001986663,-0.001687866,-0.005116544,-0.00487126,-0.004633989,-0.004403314,-0.004177708,-0.003955379,-0.003734402,-0.003512528,-0.003287229,-0.003055779,-0.002815113,-0.002562332,-0.002294865,-0.002011389,-0.001712722,-0.005097962,-0.004850102,-0.00460985,-0.004375728,-0.004146142,-0.003919226,-0.003692984,-0.003465102,-0.003233002,-0.002993945,-0.002744911,-0.002483131,-0.002206284,-0.001913437,-0.001605897,0.013285750834819109,0.012357306589628188,0.011467412489496696,0.010613380221164023,0.009792659,0.00900266,0.008240976,0.007505161,0.006792828,0.006101703,0.005429523,0.004774432,0.004135125,0.003511615,0.002905946,0.004427311,0.004296601,0.004148023,0.003978938,0.003786448,0.003567141,0.003317436,0.003033355,0.002710797,0.002345878,0.001935113,0.001476452,0.000969988,0.000419782,-0.000164826
-0.004598274,-0.004375168,-0.004158865,-0.003948066,-0.003741371,-0.003537139,-0.003333611,-0.003128739,-0.002920234,-0.002705647,-0.002482259,-0.002247537,-0.001999309,-0.001736584,-0.00146035,-0.004610798,-0.004388564,-0.004173184,-0.003963364,-0.003757706,-0.003554574,-0.003352214,-0.003148587,-0.002941414,-0.002728261,-0.002506424,-0.002273397,-0.00202703,-0.001766364,-0.001492409,-0.00460234,-0.004379954,-0.00416452,-0.003954771,-0.003749344,-0.00354664,-0.003344944,-0.003142262,-0.002936351,-0.002724804,-0.002504924,-0.002274173,-0.002030324,-0.001772281,-0.001500878,0.011692685653373839,0.010884930036679447,0.010110436661431776,0.00936685,0.008651923,0.007963366,0.007299029,0.006656712,0.006034243,0.005429523,0.004840433,0.004265183,0.003702443,0.003152041,0.002615631,-0.004605229,-0.004383606,-0.004169069,-0.003960366,-0.003756151,-0.003554844,-0.003354743,-0.003153864,-0.002949971,-0.00274065,-0.002523183,-0.002294986,-0.002053756,-0.001798289,-0.00152928,-0.004617603,-0.004396797,-0.004183109,-0.003975286,-0.003771974,-0.003571584,-0.003372406,-0.003172442,-0.002969438,-0.002760962,-0.002544266,-0.002316739,-0.002076044,-0.001820936,-0.001552069,-0.004600806,-0.004377674,-0.004161296,-0.00395036,-0.003743455,-0.003538926,-0.003335,-0.003129618,-0.002920485,-0.002705157,-0.002480932,-0.00224532,-0.001996217,-0.00173274,-0.001455998,0.011692685516674671,0.010884930055149202,0.010110437,0.00936685,0.008651923,0.007963366,0.007299029,0.006656712,0.006034243,0.005429523,0.004840433,0.004265183,0.003702443,0.003152041,0.002615631,0.003894937,0.003768613,0.003625618,0.003463576,0.003279902,0.003071582,0.002835501,0.002568259,0.002266456,0.001927014,0.00154744,0.001126746,0.000666184,0.000170895,-0.00034907
-0.004103099,-0.00390451,-0.003711899,-0.00352413,-0.003339981,-0.003158014,-0.002976688,-0.002794208,-0.002608562,-0.002417595,-0.002218903,-0.002010236,-0.001789642,-0.001556187,-0.001310664,-0.004114489,-0.003916686,-0.003724907,-0.003538019,-0.003354803,-0.003173825,-0.002993549,-0.002812186,-0.002627735,-0.002438052,-0.002240749,-0.002033596,-0.001814662,-0.001583039,-0.00133954,-0.004107309,-0.003909402,-0.003717607,-0.003530817,-0.003347841,-0.003167277,-0.002987625,-0.002807134,-0.002623832,-0.0024356,-0.002240053,-0.002034933,-0.001818237,-0.001588936,-0.001347683,0.010160875978165887,0.00946754,0.008802543,0.008163845,0.007549495,0.006957488,0.00638593,0.005832866,0.005296337,0.004774432,0.004265183,0.003766884,0.003278199,0.002798786,0.002329913,-0.004109373,-0.003912109,-0.003721073,-0.003535174,-0.003353234,-0.003173869,-0.00299559,-0.002816657,-0.002635103,-0.002448803,-0.002255352,-0.002052451,-0.001838029,-0.001610952,-0.001371745,-0.004120628,-0.003924101,-0.003733832,-0.003548725,-0.003367598,-0.00318906,-0.003011614,-0.002833505,-0.002652754,-0.002467217,-0.002274466,-0.002072176,-0.001858246,-0.001631509,-0.001392455,-0.004105719,-0.003907127,-0.00371447,-0.003526603,-0.003342289,-0.00316008,-0.002978424,-0.002795514,-0.002609334,-0.002417732,-0.002218323,-0.002008895,-0.00178756,-0.001553483,-0.001307572,0.010160875860381308,0.00946754,0.008802543,0.008163844,0.007549495,0.006957488,0.00638593,0.005832866,0.005296337,0.004774432,0.004265183,0.003766884,0.003278199,0.002798786,0.002329913,0.003376422,0.003256349,0.003120939,0.00296809,0.00279553,0.002600642,0.002380765,0.002133055,0.001854771,0.001543578,0.001197873,0.000817589,0.000404946,-3.41E-05,-0.000488999
-0.003606425,-0.003432357,-0.003263474,-0.003098801,-0.002937287,-0.002777696,-0.002618701,-0.002458757,-0.002296128,-0.002128948,-0.00195513,-0.001772707,-0.001579946,-0.00137597,-0.001161375,-0.003616672,-0.003443303,-0.00327516,-0.00311127,-0.002950584,-0.00279187,-0.002633805,-0.00247485,-0.002313277,-0.00214723,-0.001974636,-0.001793544,-0.00160224,-0.001399867,-0.001187039,-0.003610712,-0.00343728,-0.003269153,-0.003105379,-0.002944933,-0.002786612,-0.002629124,-0.00247096,-0.002310419,-0.002145665,-0.001974628,-0.001795331,-0.001605999,-0.00140567,-0.001194819,0.008689176,0.008104014,0.007542615,0.007003246,0.006484238,0.005983866,0.005500488,0.005032391,0.004577842,0.004135125,0.003702443,0.003278199,0.002861077,0.002450588,0.002047637,-0.003611908,-0.003438993,-0.003271481,-0.003108433,-0.002948839,-0.002791507,-0.002635158,-0.00247829,-0.002319208,-0.00215607,-0.001986787,-0.001809347,-0.00162191,-0.001423422,-0.001214234,-0.003622036,-0.003449778,-0.003282948,-0.003120606,-0.002961735,-0.002805139,-0.002649531,-0.002493397,-0.00233503,-0.002172574,-0.002003919,-0.00182703,-0.001640043,-0.001441875,-0.001232847,-0.003609173,-0.00343513,-0.003266237,-0.003101508,-0.002939882,-0.002780114,-0.002620867,-0.002460586,-0.002297531,-0.002129841,-0.001955446,-0.001772413,-0.001579069,-0.001374627,-0.001159791,0.008689176,0.008104014,0.007542615,0.007003246,0.006484238,0.005983866,0.005500488,0.005032391,0.004577842,0.004135125,0.003702443,0.003278199,0.002861077,0.002450588,0.002047637,0.002874562,0.002763174,0.002637982,0.002497162,0.002338765,0.002160572,0.001960366,0.001735833,0.001484841,0.001205723,0.000897629,0.000561236,0.000199476,-0.000181173,-0.000570148
-0.003105945,-0.00295653,-0.002811537,-0.002670146,-0.002531476,-0.00239449,-0.002258073,-0.002120925,-0.001981582,-0.001838469,-0.001689814,-0.001533931,-0.001369311,-0.001195137,-0.001011809,-0.003115041,-0.002966239,-0.002821892,-0.002681185,-0.002543238,-0.002407016,-0.002271408,-0.002135118,-0.001996691,-0.001854558,-0.001706959,-0.001552222,-0.001388853,-0.00121605,-0.001034227,-0.003110265,-0.002961434,-0.002817129,-0.002676549,-0.002538837,-0.002402981,-0.002267895,-0.002132311,-0.001994795,-0.001853796,-0.001707556,-0.001554384,-0.001392736,-0.001221724,-0.001041644,0.007279245,0.006795854,0.006331994,0.005886221,0.005457139,0.005043298,0.004643304,0.004255693,0.003878965,0.003511615,0.003152041,0.002798786,0.002450588,0.002106854,0.001768149,-0.003110515,-0.002962066,-0.002818222,-0.002678193,-0.002541133,-0.00240604,-0.00227184,-0.002137269,-0.002000898,-0.00186117,-0.00171631,-0.001564594,-0.001404424,-0.001234824,-0.001055984,-0.003119509,-0.002971637,-0.002828391,-0.002688981,-0.002552554,-0.002418107,-0.002284555,-0.002150629,-0.002014885,-0.001875757,-0.001731452,-0.001580228,-0.001420463,-0.001251162,-0.001072486,-0.003108906,-0.002959554,-0.002814594,-0.002673202,-0.002534487,-0.002397403,-0.002260827,-0.002123452,-0.001983812,-0.001840336,-0.001691267,-0.001534951,-0.001369935,-0.001195481,-0.001012085,0.007279245,0.006795854,0.006331994,0.005886221,0.005457139,0.005043298,0.004643304,0.004255693,0.003878965,0.003511615,0.003152041,0.002798786,0.002450588,0.002106854,0.001768149,0.002393961,0.002294317,0.002182652,0.002057435,0.001917048,0.001759671,0.00158352,0.001386783,0.001167878,0.000925702,0.000660003,0.000371971,6.492395589547637e-05,-0.00025458,-0.000576402
-0.002601578,-0.002476966,-0.002356041,-0.002238136,-0.002122536,-0.002008397,-0.001894813,-0.001780725,-0.001664938,-0.001546164,-0.001422941,-0.001293868,-0.001157663,-0.001013573,-0.000861813,-0.002609527,-0.002485441,-0.00236507,-0.002247751,-0.002132768,-0.00201928,-0.001906383,-0.001793023,-0.00167801,-0.001560061,-0.001437725,-0.001309609,-0.001174444,-0.00103149,-0.000880968,-0.002605917,-0.002481835,-0.002361526,-0.002244341,-0.002129583,-0.002016429,-0.001903998,-0.001791256,-0.001677033,-0.00156006,-0.00143889,-0.001312118,-0.001178438,-0.001037042,-0.000888062,0.005936608,0.005548208,0.005175445,0.004817153,0.0044722,0.004139399,0.003817606,0.003505607,0.003202145,0.002905946,0.002615631,0.002329913,0.002047637,0.001768149,0.001491725,-0.00260511,-0.002481262,-0.002361246,-0.002244421,-0.002130098,-0.002017463,-0.00190564,-0.001793601,-0.001680177,-0.001564095,-0.001443892,-0.001318134,-0.001185465,-0.001045005,-0.000896789,-0.002612976,-0.002489625,-0.002370124,-0.002253832,-0.002140054,-0.002027973,-0.001916709,-0.001805224,-0.001692343,-0.00157678,-0.00145706,-0.001331733,-0.001199427,-0.001059242,-0.000911194,-0.002604885,-0.002480385,-0.002359553,-0.002241717,-0.002126154,-0.002012015,-0.001898386,-0.001784204,-0.001668273,-0.001549307,-0.001425862,-0.001296562,-0.001160175,-0.001016018,-0.000864387,0.005936608,0.005548208,0.005175445,0.004817153,0.0044722,0.004139399,0.003817606,0.003505607,0.003202145,0.002905946,0.002615631,0.002329913,0.002047637,0.001768149,0.001491725,0.001941548,0.001857268,0.001763035,0.00165763,0.001539771,0.001408041,0.001261073,0.001097519,0.000916275,0.000716688,0.000498909,0.000264367,1.638622472626649e-05,-0.000238912,-0.00049241
0.014282913115676482,0.013218738868328618,0.012191191,0.0111977,0.010235951293932094,0.009303777,0.00839943,0.007521491,0.006669087,0.005841966,0.005040716,0.004266936,0.003523588,0.002815551,0.00214986,0.014269160162984918,0.013204130784498608,0.012175735728860474,0.011181429359148504,0.010218922936971827,0.00928609,0.008381232,0.007502992,0.006650578,0.005823833,0.005023468,0.004251219,0.003510212,0.002805511,0.002144337,0.014192869542926341,0.013123317056480142,0.012090245259160439,0.011091122,0.010123671,0.009185781,0.008275765,0.007392273,0.006534504,0.005702276,0.004896233,0.004118002,0.003370526,0.002658593,0.001989055,-0.010303343,-0.009619505,-0.00896974,-0.008350918,-0.00775993,-0.007193443,-0.006648164,-0.006120522,-0.005606767,-0.005103059,-0.004605229,-0.004109373,-0.003611908,-0.003110515,-0.00260511,0.014313912,0.013254029005065834,0.012231366981430122,0.011243436610290149,0.010288006308335547,0.009363004,0.00846678,0.00759801,0.006755909,0.005940289,0.005151761,0.004391875,0.003663433,0.002971004,0.00232113,0.014299165813307509,0.013238123704949152,0.012214219,0.011224955752198855,0.010268094931441592,0.009341557,0.008443679,0.007573127,0.006729093,0.005911368,0.005120526,0.004358073,0.003626755,0.00293107,0.00227749,0.014155230225611905,0.013081003832902078,0.012042721564187241,0.011037806966760906,0.010063946093731405,0.009118996,0.008201252,0.007309364,0.006442568,0.005600753,0.004784705,0.003996265,0.003238696,0.002517242,0.001839333,-0.010303343,-0.009619505,-0.00896974,-0.008350918,-0.00775993,-0.007193443,-0.006648164,-0.006120522,-0.005606768,-0.005103059,-0.004605229,-0.004109373,-0.003611908,-0.003110515,-0.00260511,0.007060576,0.008170547,0.009348953,0.010599377342854977,0.011924612517794227,0.013326216238126335,0.014803519815168857,0.016352568913752544,0.017964065247767183,0.019622021954341724,0.021298830821744275,0.022954171569636927,0.024528699636930364,0.025939199190673196,0.027080115206061135
0.013224719307567233,0.012250294766543391,0.011308748840231005,0.010397693958214283,0.009514966,0.008658526,0.007826714,0.007018157,0.006231979,0.00546787,0.004726292,0.004008652,0.003317643,0.00265779,0.002035702,0.013210476356670088,0.012235151856639955,0.011292706264416296,0.010380773,0.009497213,0.008640025,0.007807594,0.006998606,0.00621226,0.005448337,0.004707412,0.003991023,0.003302018,0.002645096,0.002027045,0.013140610034390415,0.012161150144629868,0.011214432140174561,0.010298102294587316,0.009410036,0.008548245,0.007711126,0.006897373,0.006106177,0.005337293,0.004591237,0.003869437,0.003174566,0.002511058,0.001885344,-0.009790632,-0.00914306,-0.008527407,-0.007940751,-0.007380188,-0.006842601,-0.006324905,-0.005823752,-0.005335615,-0.004856878,-0.004383606,-0.003912109,-0.003438993,-0.002962066,-0.002481262,0.013254029005065834,0.012283683,0.011346784,0.010441019813868076,0.009564308,0.008714701,0.00789063,0.007090815,0.00631446,0.005561319,0.004831869,0.004127466,0.003450645,0.002805621,0.002198525,0.013238863456115984,0.012267335,0.011329167478450869,0.010422044080469952,0.009543874,0.008692701,0.007866947,0.007065319,0.006287005,0.005531733,0.004799952,0.004092976,0.003413289,0.002765046,0.002154313,0.013105930470398517,0.012122142685749054,0.011170596,0.010248893206880027,0.009354873,0.008486518,0.007642206,0.006820631,0.006021013,0.005243178,0.00448777,0.003756423,0.003052112,0.002379704,0.00174618,-0.009790632,-0.00914306,-0.008527407,-0.007940751,-0.007380188,-0.006842601,-0.006324905,-0.005823752,-0.005335615,-0.004856878,-0.004383606,-0.003912109,-0.003438993,-0.002962066,-0.002481262,0.006619678,0.00765087,0.008746088,0.009908706,0.011141358109345998,0.012445523071695932,0.013820595,0.015262892378876245,0.016763728,0.018308150674070534,0.019870324,0.021412505825865243,0.022879147190264588,0.024192368601961285,0.025253423
0.012203677414968216,0.011315220196795874,0.010456135,0.009624206,0.008817413,0.008033838,0.007271899,0.006530268,0.005808055,0.005104891,0.004421103,0.003757903,0.003117709,0.002504688,0.001925021,0.012188896421698348,0.011299489872530117,0.010439447367749384,0.009606572,0.008798867,0.008014449,0.007251779,0.00650958,0.005787037,0.005083863,0.004400492,0.00373826,0.00309973,0.002489235,0.001913126,0.012125220729393675,0.011232052940953639,0.010368128165908572,0.009531262,0.008719473,0.007930889,0.007163984,0.006417489,0.005690582,0.004982951,0.004294972,0.003627878,0.00298406,0.002367595,0.001784491,-0.009296501,-0.008683699,-0.008100761,-0.007544964,-0.0070136,-0.006503761,-0.006012561,-0.005536866,-0.00507337,-0.004618673,-0.004169069,-0.003721073,-0.003271481,-0.002818222,-0.002361246,0.012231366981430122,0.011346784,0.010492115329844499,0.009665218,0.008864151,0.008087081,0.007332517,0.006599214,0.005886364,0.005193651,0.004521418,0.00387082,0.003244118,0.002645172,0.002079695,0.012215731364992708,0.011329936606075135,0.010473968950244505,0.009645679,0.008843118,0.008064446,0.00730816,0.006573006,0.005858157,0.005163279,0.004488684,0.003835493,0.003205921,0.002603775,0.002034713,0.012093422110451727,0.011196264027836038,0.010327882169681935,0.009486052,0.008668756,0.007874092,0.007100516,0.006346758,0.005612021,0.004896056,0.004199363,0.003523364,0.002870741,0.002245981,0.001655613,-0.0092965,-0.008683699,-0.008100761,-0.007544964,-0.0070136,-0.006503761,-0.00601256,-0.005536866,-0.00507337,-0.004618673,-0.004169069,-0.003721073,-0.003271481,-0.002818222,-0.002361246,0.006181851,0.007136244,0.008150326,0.009227264,0.010369531,0.011578530312873859,0.012853717576637294,0.014191680913352158,0.015584339616961103,0.017017766696513746,0.018467879204957682,0.019899485,0.021260779037100823,0.022479141,0.023462519055290162
0.011217302373254683,0.010411208277894157,0.009631211,0.00887526,0.00814147,0.007428039,0.006733459,0.006056436,0.005396069,0.004751919,0.004124176,0.003513853,0.002923086,0.00235568,0.001817384,0.011201931201343256,0.010394833289130415,0.009613816,0.008856845,0.008122058,0.007407683,0.00671225,0.006034519,0.005373651,0.004729288,0.00410172,0.003492075,0.002902629,0.002337341,0.001802122,0.011144230503441674,0.010333733116420394,0.009549211,0.008788642,0.008050177,0.007332059,0.006632829,0.005951254,0.00528649,0.004638155,0.004006484,0.003392502,0.002798321,0.002227653,0.001686077,-0.008817746,-0.008238459,-0.007687065,-0.007161035,-0.006657849,-0.006174799,-0.005709195,-0.005258111,-0.004818453,-0.004387032,-0.003960366,-0.003535174,-0.003108433,-0.002678193,-0.002244421,0.011243436610290149,0.010441019813868076,0.009665218,0.00891405,0.008185706,0.007478464,0.006790903,0.006121812,0.00547036,0.004836162,0.004219419,0.003621082,0.003043132,0.00248907,0.001964184,0.011227276,0.010423612988890855,0.009646475,0.008893873,0.008163992,0.007455103,0.006765772,0.00609478,0.00544128,0.004804869,0.00418572,0.003584755,0.003003913,0.002446651,0.001918212,0.011115240888700114,0.010301083379442787,0.009512468,0.008747335,0.0080038,0.007280076,0.006574687,0.005886394,0.005214379,0.004558315,0.003918551,0.003296295,0.002693928,0.002115553,0.001567243,-0.008817746,-0.008238459,-0.007687065,-0.007161035,-0.006657849,-0.006174799,-0.005709195,-0.005258111,-0.004818453,-0.004387032,-0.003960366,-0.003535174,-0.003108433,-0.002678193,-0.002244421,0.005746719,0.006626106,0.007560902,0.008554064,0.009607911,0.010723765,0.011901142245146053,0.013136899195834082,0.014423555959498202,0.015748202455879934,0.017088494700903272,0.018411766193810193,0.019669918852427828,0.020795527160608132,0.021703141209620153
0.010263367149644978,0.009536181,0.008832042,0.008149055,0.007485467,0.006839584,0.006209967,0.005595356,0.004994832,0.004407884,0.003834562,0.003275674,0.002733073,0.002210192,0.001712343,0.010247349902678969,0.0095191,0.008813872,0.008129785,0.007465107,0.006818171,0.006187574,0.005572104,0.004970901,0.004383529,0.003810132,0.003251626,0.002709994,0.002188818,0.001693562,0.010195424036904332,0.009464125,0.008755757,0.008068452,0.007400491,0.00675022,0.006116249,0.005497373,0.004892725,0.004301849,0.003724833,0.003162495,0.002616658,0.002090664,0.00158966,-0.008350967,-0.007804184,-0.0072834,-0.00678627,-0.006310456,-0.005853446,-0.005412737,-0.004985606,-0.004569165,-0.004160435,-0.003756151,-0.003353234,-0.002948839,-0.002541133,-0.002130098,0.010288006308335547,0.009564308,0.008864151,0.008185706,0.007527292,0.006887293,0.006264352,0.005657287,0.005065246,0.004487766,0.003924904,0.003377406,0.002846964,0.002336716,0.00185152,0.010271262607003853,0.009546277,0.008844738,0.008164812,0.00750481,0.006863108,0.006238339,0.005629313,0.005035161,0.004455406,0.00389008,0.0033399,0.002806528,0.002293059,0.001804318,0.010169177511139983,0.009434542,0.008722438,0.008030961,0.007358357,0.006702946,0.006063318,0.005438261,0.004826929,0.004228918,0.003644421,0.003074424,0.002521009,0.001987884,0.001480664,-0.008350966,-0.007804184,-0.0072834,-0.00678627,-0.006310456,-0.005853446,-0.005412737,-0.004985606,-0.004569165,-0.004160435,-0.003756151,-0.003353234,-0.002948839,-0.002541133,-0.002130098,0.00531405,0.006120054,0.006977229,0.007888326,0.008855501,0.009879997,0.010961391,0.012096801953667267,0.013279347363534238,0.014497128,0.015729528,0.016946390087980868,0.018103293,0.019137957699176103,0.019971457808770823
0.009339806,0.008688198,0.008056804,0.007443878,0.006847796,0.006266966,0.005700018,0.005145723,0.004603139,0.004071685,0.003551268,0.003042489,0.002546909,0.00206759,0.001609394,0.009323083,0.008670345,0.008037785,0.007423673,0.0068264,0.0062444,0.005676336,0.005121021,0.004577571,0.004045473,0.00352472,0.003016016,0.002521046,0.002043009,0.001586916,0.009276744,0.008621297,0.007985952,0.00736899,0.006768816,0.006183877,0.005612848,0.005054549,0.00450809,0.003972937,0.003449032,0.00293698,0.002438313,0.001955997,0.001494736,-0.00789222,-0.007377212,-0.006886371,-0.006417531,-0.005968531,-0.005537046,-0.005120759,-0.004717143,-0.004323515,-0.003937097,-0.003554844,-0.003173869,-0.002791507,-0.00240604,-0.002017463,0.009363004,0.008714701,0.008087081,0.007478464,0.006887293,0.006312052,0.005751447,0.005204321,0.004669799,0.004147342,0.00363686,0.003138887,0.002654829,0.002187449,0.00174117,0.009345615,0.008695976,0.008066923,0.007456768,0.006863947,0.006286938,0.005724435,0.005175275,0.004638566,0.004113757,0.003600734,0.00310001,0.00261296,0.002142317,0.001692476,0.009253181,0.008594715,0.007955985,0.007335236,0.006730841,0.006141221,0.005565028,0.005001077,0.004448494,0.003906791,0.003376006,0.002856903,0.002351254,0.001862373,0.001395402,-0.00789222,-0.007377212,-0.006886371,-0.00641753,-0.005968531,-0.005537046,-0.005120759,-0.004717143,-0.004323515,-0.003937097,-0.003554844,-0.003173869,-0.002791507,-0.00240604,-0.002017463,0.004883747,0.005617833,0.006398884,0.007229439,0.008111492,0.009046204,0.010033207006924103,0.011069880958194687,0.012149936468311964,0.013262480063345315,0.014388617414902095,0.015500687794459487,0.016557927744696218,0.017503164094087944,0.018263935268428632
0.008444973,0.007865697,0.007304011,0.006758316,0.00622711,0.005708905,0.005202395,0.004706382,0.004219904,0.003742309,0.00327336,0.00281345,0.002363849,0.001927237,0.001508021,0.008427481,0.007847002,0.007284067,0.00673709,0.006204584,0.005685083,0.005177311,0.004680108,0.004192565,0.003714092,0.003244536,0.002784382,0.002335018,0.001899256,0.001481643,0.008386552,0.007803693,0.007238315,0.006688845,0.006153809,0.005631751,0.00512141,0.00462163,0.004131498,0.003650404,0.003178142,0.002715106,0.00226253,0.001823003,0.001400775,-0.007437339,-0.006953663,-0.006492376,-0.006051483,-0.005628995,-0.005222771,-0.004830672,-0.004450366,-0.004079369,-0.003715106,-0.003354743,-0.00299559,-0.002635158,-0.00227184,-0.00190564,0.00846678,0.00789063,0.007332517,0.006790903,0.006264352,0.005751447,0.005250953,0.004761743,0.004282915,0.003813855,0.003354326,0.002904654,0.002465949,0.002040599,0.001632583,0.008448681,0.007871139,0.007311531,0.006768314,0.006240043,0.005725291,0.005222819,0.004731487,0.004250381,0.003778875,0.003316711,0.002864196,0.002422417,0.001993738,0.001582117,0.008365614,0.00778005,0.007211633,0.006658757,0.006119916,0.005593629,0.005078613,0.004573704,0.004078002,0.003590937,0.003112391,0.002642903,0.002183936,0.001738401,0.00131096,-0.007437339,-0.006953663,-0.006492376,-0.006051483,-0.005628995,-0.005222771,-0.004830672,-0.004450366,-0.004079369,-0.003715106,-0.003354743,-0.00299559,-0.002635158,-0.00227184,-0.00190564,0.004455896,0.005119416,0.005825714,0.006577114,0.007375446,0.008221784,0.00911581,0.010055164,0.011034142299721687,0.012042854295482259,0.013064120830113152,0.01407277,0.015031680420270019,0.015888757,0.016577951603905117
0.007577553,0.007067407,0.006572431,0.00609117,0.005622243,0.005164262,0.004715988,0.004276255,0.003844084,0.003418754,0.002999891,0.002587678,0.002183096,0.001788437,0.001407642,0.007559228,0.007047797,0.006551481,0.006068834,0.005598487,0.005139073,0.00468938,0.004248274,0.003814827,0.003388374,0.002968617,0.002555828,0.002151097,0.001756841,0.001377137,0.00752353,0.007010039,0.006511613,0.006026818,0.005554299,0.005092698,0.004640816,0.004197526,0.003761894,0.003333235,0.0029112,0.002495971,0.002088491,0.001690959,0.001307168,-0.006981535,-0.006529074,-0.006097262,-0.005684273,-0.005288287,-0.004907338,-0.004539467,-0.004182531,-0.003834243,-0.003492228,-0.003153864,-0.002816657,-0.00247829,-0.002137269,-0.001793601,0.00759801,0.007090815,0.006599214,0.006121812,0.005657287,0.005204321,0.004761743,0.004328451,0.003903524,0.003486276,0.003076325,0.00267379,0.00227949,0.001895432,0.001525137,0.007579133,0.007070482,0.006577317,0.006098235,0.005631908,0.005177008,0.004732355,0.004296839,0.003869527,0.00344972,0.00303702,0.002631529,0.002234048,0.001846567,0.001472596,0.007505166,0.006989278,0.006488155,0.00600033,0.005524418,0.005059037,0.004602965,0.004155066,0.003714413,0.003280359,0.002852632,0.00243155,0.002018264,0.001615277,0.001226761,-0.006981535,-0.006529074,-0.006097262,-0.005684273,-0.005288287,-0.004907338,-0.004539467,-0.004182531,-0.003834243,-0.003492228,-0.003153864,-0.002816657,-0.00247829,-0.002137269,-0.001793601,0.004030804,0.004625033,0.005257865,0.005931405,0.006647315,0.007406576,0.008208919,0.009052231,0.009931395,0.010837515626794853,0.011755123,0.012661527553118746,0.013523236988056282,0.014293209872357812,0.014911767580547193
0.00673677,0.006292544,0.005861267,0.005441626,0.005032358,0.004632179,0.004239918,0.003854445,0.003474771,0.003100114,0.002729966,0.00236431,0.00200384,0.001650458,0.001307629,0.006717544,0.006271945,0.005839228,0.005418087,0.005007271,0.004605511,0.00421166,0.00382462,0.003443444,0.003067402,0.002696058,0.002329478,0.001968456,0.001615015,0.001272748,0.006686895,0.006239543,0.005805037,0.005382081,0.004969436,0.004565844,0.004170171,0.003781321,0.003398344,0.003020491,0.002647275,0.002278675,0.001915342,0.001559088,0.001213235,-0.006519518,-0.006098502,-0.005696424,-0.005311622,-0.00494244,-0.004587089,-0.004243783,-0.003910566,-0.003585347,-0.003265952,-0.002949971,-0.002635103,-0.002319208,-0.002000898,-0.001680177,0.006755909,0.00631446,0.005886364,0.00547036,0.005065246,0.004669799,0.004282915,0.003903524,0.00353069,0.003163662,0.002801923,0.00244539,0.002094596,0.001751166,0.001418154,0.006736184,0.006293208,0.005863469,0.005445699,0.005038688,0.004641205,0.004252137,0.003870404,0.003495059,0.00312534,0.002760717,0.002401091,0.002046983,0.001700007,0.001363215,0.006671053,0.00622161,0.005784745,0.005359131,0.004943503,0.004536577,0.004137196,0.003744255,0.003356809,0.002974137,0.002595823,0.002221967,0.001853414,0.001492255,0.001142162,-0.006519518,-0.006098502,-0.005696424,-0.005311622,-0.00494244,-0.004587089,-0.004243783,-0.003910566,-0.003585347,-0.003265952,-0.002949971,-0.002635103,-0.002319208,-0.002000898,-0.001680177,0.003609053,0.00413526,0.004695904,0.005292869,0.005927642,0.006601106,0.00731303,0.008061548,0.008842118,0.009646833,0.010461923821159992,0.011267172113523707,0.012032700338180205,0.012716493,0.013265197
0.005922449,0.005540872,0.00517022,0.004809315,0.004457016,0.004112143,0.0037736,0.0034403,0.003111252,0.002785624,0.00246279,0.002142543,0.001825296,0.001512564,0.001207324,0.005902255,0.005519209,0.005147007,0.004784478,0.004430491,0.004083877,0.003743561,0.003408484,0.003077694,0.002750405,0.002426056,0.002104518,0.001786298,0.001473026,0.001167802,0.005876455,0.005491952,0.005118267,0.004754241,0.004398753,0.004050645,0.003708853,0.003372321,0.003040092,0.002711363,0.002385521,0.002062355,0.001742234,0.001426585,0.001118248,-0.006045702,-0.005656718,-0.005284978,-0.004928982,-0.004587234,-0.004258119,-0.003940024,-0.003631178,-0.003329688,-0.003033577,-0.00274065,-0.002448803,-0.00215607,-0.00186117,-0.001564095,0.005940289,0.005561319,0.005193651,0.004836162,0.004487766,0.004147342,0.003813855,0.003486276,0.003163662,0.002845209,0.002530279,0.0022186,0.001910427,0.001607006,0.001310917,0.005919648,0.005539069,0.005169669,0.004810317,0.004459918,0.004117343,0.003781546,0.00345149,0.003126221,0.002804924,0.002486951,0.002172017,0.00186037,0.00155325,0.001253244,0.005863085,0.005476793,0.005101084,0.004734771,0.004376707,0.004025711,0.003680694,0.00334059,0.003004444,0.002671475,0.002341134,0.002013315,0.001688564,0.001368562,0.001056467,-0.006045702,-0.005656718,-0.005284978,-0.004928982,-0.004587234,-0.004258119,-0.003940024,-0.003631178,-0.003329688,-0.003033577,-0.00274065,-0.002448803,-0.00215607,-0.00186117,-0.001564095,0.003191568,0.003651098,0.004140914,0.004662672,0.005217678,0.005806712,0.006429575,0.007084636,0.007767917,0.008472488,0.009186267,0.009891488,0.010561864068646887,0.011160367228715776,0.011639914154821702
0.005135213,0.004812889,0.00449965,0.004194459,0.003896298,0.003604093,0.003316831,0.003033478,0.002753057,0.002474701,0.002197683,0.001921628,0.001646684,0.001373984,0.001106011,0.005113986,0.004790086,0.00447518,0.004168232,0.003868229,0.003574111,0.00328488,0.002999526,0.002717105,0.002436794,0.002157925,0.001880192,0.001603835,0.001330093,0.001061568,0.005092806,0.004767728,0.004451629,0.004143483,0.003842287,0.003546992,0.003256607,0.002970126,0.002686602,0.00240519,0.002125176,0.001846175,0.001568292,0.001292577,0.001021382,-0.005553955,-0.00519797,-0.00485754,-0.004531327,-0.004217992,-0.003916094,-0.003624189,-0.003340695,-0.003063913,-0.002792069,-0.002523183,-0.002255352,-0.001986787,-0.00171631,-0.001443892,0.005151761,0.004831869,0.004521418,0.004219419,0.003924904,0.00363686,0.003354326,0.003076325,0.002801923,0.002530279,0.002260654,0.001992606,0.001726133,0.001462108,0.001202635,0.005130136,0.004808544,0.004496261,0.00419229,0.003895654,0.003605329,0.003320345,0.003039714,0.002762494,0.002487832,0.00221498,0.001943488,0.00167335,0.00140544,0.001141876,0.005081857,0.004755291,0.0044375,0.004127436,0.003824072,0.003526333,0.003233208,0.002943679,0.002656795,0.002371732,0.002087825,0.001804784,0.001522869,0.001243358,0.000968888,-0.005553955,-0.00519797,-0.00485754,-0.004531327,-0.004217992,-0.003916094,-0.003624189,-0.003340695,-0.003063913,-0.002792069,-0.002523183,-0.002255352,-0.001986787,-0.00171631,-0.001443892,0.002779883,0.003174275,0.003594828,0.004042966,0.004519809,0.005026026,0.005561441,0.006124647,0.006712214,0.00731817,0.007932094,0.008538641,0.00911507,0.009629284,0.010040389969444435
0.004376628,0.004109966,0.003850736,0.003598038,0.003350977,0.003108597,0.002869973,0.002634139,0.002400149,0.002167124,0.001934265,0.001701052,0.001467393,0.001234057,0.001003027,0.004354305,0.004085954,0.003824928,0.003570328,0.003321263,0.003076785,0.002835981,0.002597906,0.002361644,0.002126352,0.001891285,0.001655988,0.001420453,0.001185551,0.000953378,0.004337473,0.004068203,0.003806253,0.003550731,0.003300757,0.00305539,0.002813725,0.002574821,0.002337754,0.002101665,0.001865762,0.001629514,0.001392791,0.00115628,0.000921847,-0.005038662,-0.004716977,-0.004409156,-0.004114018,-0.003830384,-0.003556985,-0.003292547,-0.003035675,-0.002784869,-0.002538559,-0.002294986,-0.002052451,-0.001809347,-0.001564594,-0.001318134,0.004391875,0.004127466,0.00387082,0.003621082,0.003377406,0.003138887,0.002904654,0.00267379,0.00244539,0.0022186,0.001992606,0.001766826,0.001541029,0.001315734,0.001092565,0.004369201,0.004102993,0.003844406,0.003592576,0.003346646,0.003105702,0.002868861,0.002635197,0.002403795,0.00217379,0.001944362,0.001714922,0.001485237,0.001255836,0.001028363,0.004328894,0.004058433,0.003795123,0.003538051,0.003286315,0.003038951,0.002795036,0.002553612,0.002313752,0.002074609,0.001835432,0.001595771,0.001355628,0.001115887,0.000878664,-0.005038662,-0.004716977,-0.004409156,-0.004114018,-0.003830384,-0.003556985,-0.003292547,-0.003035675,-0.002784869,-0.002538559,-0.002294986,-0.002052451,-0.001809347,-0.001564594,-0.001318134,0.002376283,0.002707391,0.003060582,0.003437046,0.003837714,0.004263134,0.004713143,0.005186543,0.005680432,0.006189766,0.006705744,0.007215393,0.007699449,0.008130653,0.008474193
0.003649511,0.003434655,0.003225756,0.003022052,0.002822775,0.00262709,0.002434174,0.002243145,0.00205311,0.001863206,0.001672594,0.001480648,0.001287072,0.001092294,0.000897802,0.003626038,0.003409371,0.003198539,0.002992778,0.002791323,0.002593343,0.002398023,0.002204499,0.002011901,0.001819401,0.001626206,0.001431749,0.001235812,0.001038919,0.000842671,0.003613228,0.003395878,0.003184363,0.002977928,0.002775814,0.0025772,0.002381276,0.002187179,0.001994034,0.001800992,0.001607221,0.001412082,0.001215243,0.001017061,0.000818922,-0.004495101,-0.00420928,-0.003935623,-0.003673106,-0.003420708,-0.00317733,-0.002941872,-0.002713127,-0.002489796,-0.002270516,-0.002053756,-0.001838029,-0.00162191,-0.001404424,-0.001185465,0.003663433,0.003450645,0.003244118,0.003043132,0.002846964,0.002654829,0.002465949,0.00227949,0.002094596,0.001910427,0.001726133,0.001541029,0.00135469,0.001167315,0.000980058,0.003639653,0.003424957,0.003216369,0.00301316,0.002814594,0.002619875,0.002428214,0.002238767,0.002050667,0.001863064,0.001675102,0.001486092,0.001295612,0.001103872,0.000912055,0.003606966,0.003388718,0.003176172,0.002968554,0.002765086,0.002564924,0.002367243,0.002171162,0.001975801,0.001780316,0.001583907,0.001385999,0.001186369,0.000985537,0.000785099,-0.004495101,-0.00420928,-0.003935623,-0.003673106,-0.003420708,-0.00317733,-0.002941872,-0.002713127,-0.002489796,-0.002270516,-0.002053756,-0.001838029,-0.00162191,-0.001404424,-0.001185465,0.0019843,0.002254448,0.002542682,0.002849956,0.003177009,0.003524262,0.003891553,0.004277874,0.004680823,0.005096243,0.005516895,0.005932099,0.006325966,0.006675944,0.006953142
0.002958442,0.002791186,0.002628587,0.00247002,0.002314846,0.002162359,0.002011847,0.00186253,0.001713595,0.001564225,0.001413584,0.001260983,0.001105969,0.000948666,0.000790091,0.002933777,0.002764581,0.002599904,0.002439116,0.002281579,0.002126588,0.001973437,0.001821357,0.001669555,0.001517243,0.001363625,0.001208066,0.001050185,0.000890197,0.000729226,0.002924601,0.002754927,0.002589776,0.002428527,0.002270545,0.002115133,0.001961589,0.001809145,0.001656999,0.001504347,0.001350354,0.001194322,0.001035767,0.000874753,0.00071221,-0.003921309,-0.003673001,-0.003435143,-0.003206869,-0.002987318,-0.00277556,-0.00257067,-0.002371629,-0.002177344,-0.001986663,-0.001798289,-0.001610952,-0.001423422,-0.001234824,-0.001045005,0.002971004,0.002805621,0.002645172,0.00248907,0.002336716,0.002187449,0.002040599,0.001895432,0.001751166,0.001607006,0.001462108,0.001315734,0.001167315,0.00101677,0.000864811,0.002946072,0.002778665,0.002616028,0.00245756,0.002302652,0.002150629,0.002000811,0.00185245,0.001704754,0.001556919,0.001408094,0.001257538,0.00110469,0.000949484,0.000792662,0.002920592,0.002750312,0.002584456,0.002422389,0.00226346,0.002106951,0.001952146,0.001798261,0.001644486,0.001490015,0.001334037,0.001175898,0.001015199,0.000852131,0.000687788,-0.003921309,-0.003673001,-0.003435143,-0.003206869,-0.002987318,-0.00277556,-0.00257067,-0.002371629,-0.002177344,-0.001986663,-0.001798289,-0.001610952,-0.001423422,-0.001234824,-0.001045005,0.001609216,0.001821379,0.002047761,0.00228908,0.00254588,0.002818452,0.003106622,0.003409549,0.003725292,0.004050531,0.004379504,0.004703719,0.005010517,0.005281865,0.005494583
0.002309966,0.002185689,0.002064941,0.001947231,0.00183205,0.001718825,0.001606967,0.001495815,0.001384659,0.001272762,0.001159336,0.001043679,0.000925238,0.000803888,0.000680209,0.002284089,0.002157738,0.00203476,0.00191466,0.001796924,0.001680977,0.001566233,0.00145204,0.0013377,0.001222501,0.001105689,0.00098661,0.000864778,0.000740152,0.000613416,0.002278093,0.002151433,0.002028154,0.001907762,0.001789751,0.001673549,0.001558572,0.001444166,0.001329627,0.001214225,0.001097172,0.000977759,0.000855409,0.000729952,0.000601899,-0.003319763,-0.003110415,-0.002909801,-0.00271721,-0.002531937,-0.002353223,-0.002180316,-0.002012387,-0.001848549,-0.001687866,-0.00152928,-0.001371745,-0.001214234,-0.001055984,-0.000896789,0.00232113,0.002198525,0.002079695,0.001964184,0.00185152,0.00174117,0.001632583,0.001525137,0.001418154,0.001310917,0.001202635,0.001092565,0.000980058,0.000864811,0.000747132,0.002295024,0.002170272,0.002049118,0.001931091,0.001815707,0.001702418,0.00159066,0.001479799,0.001369144,0.00125797,0.001145478,0.001030923,0.000913665,0.000793418,0.000670529,0.002276261,0.002149281,0.002025617,0.001904768,0.001786211,0.001669362,0.00155362,0.001438319,0.001322742,0.001206156,0.001087784,0.000966943,0.000843112,0.000716211,0.000586868,-0.003319763,-0.003110415,-0.002909801,-0.00271721,-0.002531937,-0.002353223,-0.002180316,-0.002012387,-0.001848549,-0.001687866,-0.00152928,-0.001371745,-0.001214234,-0.001055984,-0.000896789,0.001258253,0.001416258,0.001584804,0.00176438,0.00195534,0.002157837,0.002371676,0.002596155,0.002829752,0.00306991,0.003312244,0.003550302,0.003774464,0.003970977,0.004122081
0.014268043,0.013203434834775716,0.012175401,0.011181368884885272,0.010219019068703695,0.009286182,0.008381107,0.007502375,0.006649111,0.005821067,0.005018836,0.004244024,0.003499607,0.002790486,0.002123728,0.014272894868648777,0.013208702207762381,0.012181164,0.011187732080359643,0.010226112,0.009294171,0.008390203,0.007512843,0.006661286,0.005835364,0.005035768,0.004264218,0.003523817,0.002819604,0.002158775,0.014188943,0.013119782913811434,0.012087108760782825,0.011088386231834302,0.010121338297715169,0.00918385,0.008274231,0.007391129,0.006533737,0.005701868,0.004896162,0.004118234,0.003371019,0.002659294,0.001989899,-0.010327429,-0.009642295,-0.008991277,-0.008371238,-0.007779063,-0.007211416,-0.006664997,-0.006136231,-0.005621362,-0.005116544,-0.004617603,-0.004120628,-0.003622036,-0.003119509,-0.002612976,0.014299165813307509,0.013238863456115984,0.012215731364992708,0.011227276,0.010271262607003853,0.009345615,0.008448681,0.007579133,0.006736184,0.005919648,0.005130136,0.004369201,0.003639653,0.002946072,0.002295024,0.014303045234308346,0.013242861,0.012219837545095012,0.011231476486534617,0.010275534,0.009349925,0.00845298,0.007583355,0.006740234,0.005923393,0.005133391,0.004371714,0.003641085,0.002945977,0.002292833,0.014150147339116433,0.013076165,0.012038114878254241,0.011033415931766904,0.010059750842640432,0.009114972,0.008197371,0.007305595,0.006438871,0.005597087,0.004781024,0.003992519,0.003234835,0.002513216,0.001835101,-0.010327429,-0.009642295,-0.008991277,-0.008371238,-0.007779063,-0.007211416,-0.006664997,-0.006136231,-0.005621363,-0.005116544,-0.004617603,-0.004120628,-0.003622036,-0.003119509,-0.002612976,0.007129567,0.008232295,0.009403078,0.010645487329572968,0.011962302906880913,0.013355076424168902,0.014823141056311705,0.016362555033899693,0.017964050675136345,0.019611694811212235,0.021277978,0.022922739082322674,0.024486894358979956,0.025887653228063877,0.027020086507209738
0.013208690752008803,0.012233809254527245,0.011291749218520773,0.010380118692232276,0.00949675,0.0086396,0.007807006,0.006997595,0.006210488,0.005445379,0.004702735,0.003983971,0.003291794,0.002630753,0.002007492,0.013214327472496599,0.012239915695581654,0.011298405,0.010387424776611571,0.009504831,0.008648616,0.007817156,0.007009129,0.006223719,0.005460695,0.004720613,0.004004991,0.003316654,0.002660273,0.002042609,0.013136331999130184,0.012157309813105208,0.011211035138964603,0.010295152210635908,0.009407534,0.00854619,0.007709513,0.006896194,0.006105418,0.005336936,0.004591254,0.003869794,0.003175217,0.002511945,0.001886396,-0.009816363,-0.009167407,-0.008550414,-0.007962456,-0.007400623,-0.006861794,-0.006342877,-0.005840519,-0.005351187,-0.00487126,-0.004396797,-0.003924101,-0.003449778,-0.002971637,-0.002489625,0.013238123704949152,0.012267335,0.011329936606075135,0.010423612988890855,0.009546277,0.008695976,0.007871139,0.007070482,0.006293208,0.005539069,0.004808544,0.004102993,0.003424957,0.002778665,0.002170272,0.013242861,0.012272266248272498,0.011335059,0.010428916611243504,0.009551745,0.008701583,0.007876843,0.007076225,0.006298904,0.005544595,0.004813729,0.0041076,0.003428668,0.00278106,0.002170812,0.013100396190166544,0.012116885137607262,0.011165600804845193,0.010244143600265758,0.009350347,0.008482189,0.007638043,0.006816597,0.006017068,0.005239276,0.00448386,0.003752452,0.003048025,0.002375448,0.001741711,-0.009816363,-0.009167407,-0.008550414,-0.007962456,-0.007400623,-0.006861794,-0.006342877,-0.005840519,-0.005351187,-0.00487126,-0.004396797,-0.003924101,-0.003449778,-0.002971637,-0.002489625,0.006690292,0.007713559,0.008800439,0.009954293,0.011177740467897062,0.012472255,0.013837234047397003,0.015269008915573404,0.016758927334390394,0.018292096695719438,0.019842789,0.021373438,0.022828777845745413,0.024131393,0.025183219322399426
0.012186408962341511,0.011297470416824738,0.010437840996082125,0.0096053,0.008797823,0.008013488,0.00725071,0.006508157,0.005784942,0.005080694,0.004395747,0.003731322,0.003089853,0.002475531,0.001894573,0.012192856667812644,0.011304444598648431,0.010445421,0.009613584,0.008806932,0.008023574,0.007261962,0.006520812,0.005799291,0.005097099,0.004414651,0.003753261,0.003115467,0.002505572,0.001929899,0.012120564423539263,0.011227884,0.010364452473009345,0.009528084,0.008716793,0.007928706,0.007162293,0.006416281,0.005689841,0.004982657,0.004295097,0.003628383,0.002984897,0.002368701,0.001785789,-0.009323944,-0.008709668,-0.0081253,-0.007568112,-0.007035391,-0.006524223,-0.006031717,-0.005554734,-0.00508996,-0.004633989,-0.004183109,-0.003733832,-0.003282948,-0.002828391,-0.002370124,0.012214219,0.011329167478450869,0.010473968950244505,0.009646475,0.008844738,0.008066923,0.007311531,0.006577317,0.005863469,0.005169669,0.004496261,0.003844406,0.003216369,0.002616028,0.002049118,0.012219837545095012,0.011335059,0.010480134058097012,0.009652911,0.008851435,0.008073861,0.007318678,0.006584621,0.005870853,0.005177023,0.004503424,0.003851159,0.003222413,0.002620965,0.002052442,0.012087401,0.011190554950037452,0.010322469974430353,0.009480918,0.008663875,0.007869436,0.007096051,0.006342444,0.005607814,0.004891906,0.004195215,0.003519161,0.002866423,0.002241491,0.001650903,-0.009323944,-0.008709668,-0.0081253,-0.007568112,-0.007035391,-0.006524223,-0.006031717,-0.005554734,-0.00508996,-0.004633989,-0.004183109,-0.003733832,-0.003282948,-0.002828391,-0.002370124,0.006253758,0.007199471,0.008204425,0.009271768,0.010403963318816305,0.011602405936021918,0.012866555,0.014193015480166162,0.015573744,0.016994879,0.018432457130857893,0.019851476486867827,0.021200444307651646,0.022407245937262826,0.023380573098194152
0.011198707353671736,0.010392106444584567,0.009611534,0.008854932,0.008120413,0.007406168,0.006710686,0.006032671,0.00537122,0.004725895,0.004096894,0.003485237,0.002893077,0.002324246,0.00178453,0.011205988746661752,0.010399973262230336,0.009620065,0.008864224,0.008130583,0.007417363,0.006723084,0.006046494,0.005386742,0.004743452,0.004116895,0.003508175,0.00291954,0.002354919,0.001820191,0.011139166257467404,0.010329210441920764,0.009545236,0.00878522,0.008047309,0.007329743,0.00663106,0.005950021,0.005285779,0.004637942,0.004006738,0.003393184,0.002799377,0.002229015,0.001687663,-0.008846962,-0.008266105,-0.007713189,-0.007185677,-0.006681044,-0.006196576,-0.005729579,-0.005277118,-0.004836095,-0.004403314,-0.003975286,-0.003548725,-0.003120606,-0.002688981,-0.002253832,0.011224955752198855,0.010422044080469952,0.009645679,0.008893873,0.008164812,0.007456768,0.006768314,0.006098235,0.005445699,0.004810317,0.00419229,0.003592576,0.00301316,0.00245756,0.001931091,0.011231476486534617,0.010428916611243504,0.009652911,0.008901468,0.008172765,0.007465068,0.006776935,0.006107135,0.005454809,0.004819537,0.004201474,0.003601519,0.003021582,0.002465089,0.001937249,0.011108693733980253,0.010294887121144422,0.009506606,0.008741786,0.007998538,0.00727507,0.0065699,0.005881784,0.005209896,0.004553906,0.003914157,0.003291853,0.002689374,0.002110826,0.001562293,-0.008846962,-0.008266105,-0.007713189,-0.007185676,-0.006681044,-0.006196576,-0.005729579,-0.005277118,-0.004836095,-0.004403314,-0.003975286,-0.003548725,-0.003120606,-0.002688981,-0.002253832,0.005819486,0.006689357,0.007614148,0.008596799,0.009639612,0.010743905214199571,0.011909199224852842,0.013132367895996986,0.014405973821485047,0.015717179287523298,0.017043771686938172,0.018353293179867083,0.019597987045436437,0.020710980211654254,0.021607633744726042
0.010243351634457231,0.009515633,0.008810885,0.008127207,0.007462842,0.006816087,0.006185502,0.005569823,0.004968128,0.004379908,0.00380522,0.00324488,0.002700758,0.002176316,0.001676907,0.010251485101183181,0.009524413,0.00882039,0.008137532,0.007474101,0.006828421,0.006199081,0.005584856,0.00498487,0.004398671,0.003826381,0.00326889,0.002728153,0.002207718,0.001713017,0.010189916781996922,0.009459219,0.00875146,0.008064768,0.007397422,0.006747764,0.006114401,0.005496121,0.004892054,0.004301734,0.003725241,0.003163383,0.00261797,0.002092327,0.001591585,-0.008382002,-0.007833552,-0.007311151,-0.006812445,-0.006335092,-0.005876572,-0.005434379,-0.005005782,-0.004587887,-0.004177708,-0.003771974,-0.003367598,-0.002961735,-0.002552554,-0.002140054,0.010268094931441592,0.009543874,0.008843118,0.008163992,0.00750481,0.006863947,0.006240043,0.005631908,0.005038688,0.004459918,0.003895654,0.003346646,0.002814594,0.002302652,0.001815707,0.010275534,0.009551745,0.008851435,0.008172765,0.007514042,0.006873633,0.006250164,0.005642431,0.005049554,0.004471038,0.003906894,0.003357817,0.002825435,0.002312814,0.001824741,0.010162059248858463,0.009427818,0.008716089,0.008024965,0.007352686,0.006697566,0.006058188,0.005433336,0.004822156,0.004224238,0.003639771,0.003069738,0.002516217,0.001982922,0.001475476,-0.008382002,-0.007833552,-0.007311151,-0.006812444,-0.006335092,-0.005876572,-0.005434379,-0.005005782,-0.004587887,-0.004177708,-0.003771974,-0.003367598,-0.002961735,-0.002552554,-0.002140054,0.005387121,0.006182682,0.007028881,0.007928446,0.008883522,0.009895345,0.010963496,0.012085114813439055,0.013253367046978623,0.014456433,0.015673842,0.016875664116587044,0.018017853778625265,0.019038733712122873,0.019860264
0.009318269,0.008666102,0.008034065,0.007420407,0.006823496,0.006241736,0.005673749,0.005118304,0.004574456,0.004041627,0.003519728,0.003009368,0.00251213,0.002031102,0.001571193,0.009327267,0.008675808,0.008044559,0.007431783,0.006835865,0.006255233,0.005688536,0.005134577,0.004592455,0.004061638,0.003542097,0.003034509,0.002540527,0.002063316,0.00160785,0.009270754,0.008615974,0.007981303,0.007365022,0.00676553,0.006181273,0.005610919,0.005053284,0.004507472,0.00397294,0.003449621,0.00293811,0.002439923,0.001958011,0.001497059,-0.007925106,-0.007408332,-0.006915776,-0.006445265,-0.005994633,-0.005561546,-0.005143683,-0.004738509,-0.004343336,-0.003955379,-0.003571584,-0.00318906,-0.002805139,-0.002418107,-0.002027973,0.009341557,0.008692701,0.008064446,0.007455103,0.006863108,0.006286938,0.005725291,0.005177008,0.004641205,0.004117343,0.003605329,0.003105702,0.002619875,0.002150629,0.001702418,0.009349925,0.008701583,0.008073861,0.007465068,0.006873633,0.006298025,0.005736931,0.005189174,0.004653849,0.004130386,0.00361865,0.003119129,0.002633165,0.002163458,0.001714363,0.00924544,0.008587416,0.007949107,0.007328755,0.006724727,0.006135437,0.005559532,0.004995818,0.004443415,0.00390183,0.003371094,0.002851969,0.002346225,0.00185718,0.001389988,-0.007925105,-0.007408332,-0.006915776,-0.006445265,-0.005994633,-0.005561546,-0.005143683,-0.004738509,-0.004343336,-0.003955379,-0.003571584,-0.00318906,-0.002805139,-0.002418107,-0.002027973,0.004956405,0.005679019,0.006448014,0.007265905,0.008134675,0.009055477,0.010027948634589065,0.011049494,0.012113877156656556,0.013210291801021325,0.014320003415556908,0.015415602640446988,0.016456735323374855,0.017386888264559405,0.018134566697543816
0.008421804,0.007841943,0.00727958,0.00673311,0.006201024,0.005681825,0.005174203,0.004676954,0.004189115,0.003710032,0.003239477,0.00277785,0.002326441,0.001887962,0.001466867,0.008431673,0.007852583,0.007291071,0.006745546,0.006214513,0.005696498,0.005190214,0.004694488,0.004208393,0.003731321,0.003263093,0.002804166,0.002355896,0.001921056,0.001504152,0.008380028,0.007797909,0.007233281,0.006684566,0.006150287,0.005628987,0.005119396,0.004620356,0.004130945,0.003650546,0.003178943,0.002716517,0.002264489,0.001825426,0.001403564,-0.007472084,-0.006986545,-0.006523446,-0.006080786,-0.005656571,-0.005248651,-0.004854884,-0.004472929,-0.004100295,-0.003734402,-0.003372406,-0.003011614,-0.002649531,-0.002284555,-0.001916709,0.008443679,0.007866947,0.00730816,0.006765772,0.006238339,0.005724435,0.005222819,0.004732355,0.004252137,0.003781546,0.003320345,0.002868861,0.002428214,0.002000811,0.00159066,0.00845298,0.007876843,0.007318678,0.006776935,0.006250164,0.005736931,0.005235984,0.004746173,0.004266569,0.003796526,0.003335764,0.002884561,0.002443974,0.002016328,0.001605541,0.008357191,0.007772121,0.007204177,0.006651748,0.006113321,0.00558741,0.005072722,0.004568088,0.0040726,0.003585682,0.00310721,0.002637721,0.002178675,0.001732988,0.001305337,-0.007472084,-0.006986545,-0.006523446,-0.006080786,-0.005656571,-0.005248651,-0.004854884,-0.004472929,-0.004100295,-0.003734402,-0.003372406,-0.003011614,-0.002649531,-0.002284555,-0.001916709,0.004527243,0.005178146,0.005871186,0.006608664,0.007392396,0.008223448,0.009101512,0.010024250363055518,0.010986022,0.011977032,0.012980276779355713,0.013970861686384287,0.014912113489727404,0.015752659,0.016427506842348547
0.007552632,0.007041874,0.006546188,0.006064109,0.005594249,0.00513521,0.004685747,0.004244689,0.003811053,0.003384119,0.002963517,0.002549441,0.002142893,0.001746196,0.001363342,0.007563367,0.007053445,0.006558674,0.006077603,0.005608858,0.00515106,0.004702985,0.004263489,0.003831621,0.0034067,0.002988398,0.002576961,0.002173442,0.001780217,0.001401319,0.007516414,0.007003744,0.006506149,0.006022193,0.005550515,0.005089757,0.004638711,0.004196246,0.003761419,0.003333539,0.002912245,0.002497707,0.002090852,0.00169386,0.001310502,-0.007018118,-0.006563697,-0.006129978,-0.005715128,-0.005317321,-0.004934585,-0.004564954,-0.004206278,-0.003856263,-0.003512528,-0.003172442,-0.002833505,-0.002493397,-0.002150629,-0.001805224,0.007573127,0.007065319,0.006573006,0.00609478,0.005629313,0.005175275,0.004731487,0.004296839,0.003870404,0.00345149,0.003039714,0.002635197,0.002238767,0.00185245,0.001479799,0.007583355,0.007076225,0.006584621,0.006107135,0.005642431,0.005189174,0.004746173,0.004312306,0.003886622,0.003468404,0.00305723,0.002653173,0.002257001,0.001870662,0.001497626,0.007495988,0.006980654,0.006480062,0.00599274,0.005517297,0.005052342,0.004596647,0.004149067,0.003708669,0.003274798,0.002847177,0.002426121,0.002012781,0.001609663,0.001220957,-0.007018118,-0.006563697,-0.006129978,-0.005715128,-0.005317321,-0.004934585,-0.004564954,-0.004206278,-0.003856263,-0.003512528,-0.003172442,-0.002833505,-0.002493397,-0.002150629,-0.001805224,0.004099711,0.004680048,0.005298285,0.005956503,0.006656346,0.007398791,0.008183575,0.009008617,0.009868864,0.010755529571756347,0.011653337637697988,0.012539901,0.013382221,0.014134045272341994,0.014736850832522332
0.006709956,0.006265097,0.00583308,0.005412579,0.005002326,0.004601024,0.004207497,0.003820607,0.003439361,0.003062977,0.002690952,0.00232328,0.001960675,0.001605073,0.001259993,0.006721545,0.006277583,0.005846545,0.005427116,0.005018039,0.004618036,0.004225948,0.003840661,0.003461209,0.003086844,0.002717098,0.002352009,0.001992333,0.001640047,0.001298699,0.006679106,0.006232667,0.005799085,0.005377062,0.004965354,0.0045627,0.004167959,0.00378003,0.003397957,0.003020979,0.002648601,0.002280786,0.001918171,0.001562546,0.001217208,-0.006557881,-0.006134812,-0.005730735,-0.005343982,-0.004972889,-0.004615661,-0.004270507,-0.003935462,-0.003608431,-0.003287229,-0.002969438,-0.002652754,-0.00233503,-0.002014885,-0.001692343,0.006729093,0.006287005,0.005858157,0.00544128,0.005035161,0.004638566,0.004250381,0.003869527,0.003495059,0.003126221,0.002762494,0.002403795,0.002050667,0.001704754,0.001369144,0.006740234,0.006298904,0.005870853,0.005454809,0.005049554,0.004653849,0.004266569,0.003886622,0.003513043,0.003145051,0.00278209,0.002424032,0.002071363,0.001725654,0.001389912,0.006661028,0.006212208,0.005775941,0.005350896,0.004935798,0.004529358,0.004130411,0.003737842,0.003350699,0.002968256,0.00259009,0.002216298,0.001847725,0.001486468,0.001136215,-0.006557881,-0.006134812,-0.005730735,-0.005343982,-0.004972889,-0.004615661,-0.004270507,-0.003935462,-0.003608431,-0.003287229,-0.002969438,-0.002652754,-0.00233503,-0.002014885,-0.001692343,0.003674097,0.004184994,0.004729556,0.005309639,0.005926713,0.006581654,0.007274241,0.008002644,0.008762391,0.009545695,0.010339001104485336,0.011122424317142351,0.011866626484762203,0.012530457591816254,0.013061828036820771
0.005893582,0.005511357,0.005139937,0.004778136,0.004424802,0.004078744,0.003738858,0.003404048,0.00307332,0.00274584,0.002420985,0.002098563,0.001779004,0.001463862,0.001156167,0.005905998,0.005524731,0.005154352,0.004793684,0.004441588,0.004096886,0.003758489,0.003425324,0.003096418,0.002770965,0.002448374,0.002128483,0.001811761,0.001499789,0.001195615,0.00586789,0.005484403,0.005111749,0.004748763,0.00439432,0.004047261,0.003706511,0.003371012,0.003039798,0.002712056,0.002387164,0.002064896,0.001745603,0.001430689,0.001122969,-0.00608574,-0.005694616,-0.005320791,-0.004962759,-0.004619017,-0.004287942,-0.003967916,-0.003657162,-0.003353777,-0.003055779,-0.002760962,-0.002467217,-0.002172574,-0.001875757,-0.00157678,0.005911368,0.005531733,0.005163279,0.004804869,0.004455406,0.004113757,0.003778875,0.00344972,0.00312534,0.002804924,0.002487832,0.00217379,0.001863064,0.001556919,0.00125797,0.005923393,0.005544595,0.005177023,0.004819537,0.004471038,0.004130386,0.003796526,0.003468404,0.003145051,0.002825631,0.00250947,0.002196252,0.001886189,0.001580476,0.001281655,0.005852098,0.005466508,0.005091476,0.004725807,0.004368348,0.004017908,0.003673392,0.003333725,0.002997943,0.00266526,0.00233512,0.002007416,0.001682693,0.00136264,0.001050432,-0.00608574,-0.005694616,-0.005320791,-0.004962759,-0.004619017,-0.004287942,-0.003967916,-0.003657162,-0.003353777,-0.003055779,-0.002760962,-0.002467217,-0.002172574,-0.001875757,-0.00157678,0.003251001,0.003693644,0.004165722,0.004668862,0.005204351,0.005772961,0.006374507,0.007007394,0.007667725,0.008348703,0.009038479,0.009719655,0.010366534727638743,0.010943039114874554,0.011403467824331067
0.005104101,0.004781121,0.004467097,0.00416098,0.00386174,0.003568294,0.003279615,0.002994663,0.002712454,0.002432121,0.00215294,0.001874546,0.00159711,0.001321802,0.00105116,0.0051173,0.004795336,0.004482413,0.004177489,0.003879545,0.00358751,0.003300371,0.003017104,0.002736746,0.00245845,0.002181518,0.001905611,0.001630925,0.00135865,0.001091332,0.005083324,0.004759384,0.004444437,0.004137455,0.003837431,0.00354331,0.003254096,0.002968778,0.002686399,0.002406107,0.002127175,0.001849205,0.001572283,0.001297433,0.001026981,-0.005595501,-0.005237299,-0.00489471,-0.004566385,-0.004250982,-0.00394705,-0.003653141,-0.003367665,-0.003088917,-0.002815113,-0.002544266,-0.002274466,-0.002003919,-0.001731452,-0.00145706,0.005120526,0.004799952,0.004488684,0.00418572,0.00389008,0.003600734,0.003316711,0.00303702,0.002760717,0.002486951,0.00221498,0.001944362,0.001675102,0.001408094,0.001145478,0.005133391,0.004813729,0.004503424,0.004201474,0.003906894,0.00361865,0.003335764,0.00305723,0.00278209,0.00250947,0.002238595,0.001968985,0.001700595,0.001434254,0.001172028,0.005069755,0.004743986,0.004426964,0.004117635,0.003814963,0.003517866,0.003225325,0.002936312,0.002649869,0.002365164,0.002081529,0.001798671,0.001516852,0.001237356,0.000962841,-0.005595501,-0.005237299,-0.00489471,-0.004566385,-0.004250982,-0.00394705,-0.003653141,-0.003367665,-0.003088917,-0.002815113,-0.002544266,-0.002274466,-0.002003919,-0.001731452,-0.00145706,0.002831517,0.00320727,0.003608246,0.004035835,0.004491139,0.004974818,0.00548671,0.006025448,0.006587693,0.007167618,0.007755059,0.008335074,0.008885572,0.009375492,0.009765457
0.004343038,0.004075727,0.003815707,0.003562065,0.003313894,0.003070225,0.00283012,0.002592605,0.002356727,0.002121604,0.001886441,0.001650728,0.001414395,0.001178249,0.000944329,0.004356957,0.004090717,0.003831853,0.003579461,0.00333264,0.003090434,0.002851916,0.002616126,0.002382125,0.00214905,0.001916124,0.001682856,0.001449194,0.001215954,0.000985173,0.004326889,0.004058899,0.003798244,0.003544032,0.003295375,0.00305133,0.002810987,0.002573398,0.002337631,0.002102818,0.001868155,0.001633099,0.001397496,0.00116201,0.000928474,-0.005081478,-0.004757514,-0.004447472,-0.004150162,-0.0038644,-0.003588906,-0.003322405,-0.003063492,-0.002810661,-0.002562332,-0.002316739,-0.002072176,-0.00182703,-0.001580228,-0.001331733,0.004358073,0.004092976,0.003835493,0.003584755,0.0033399,0.00310001,0.002864196,0.002631529,0.002401091,0.002172017,0.001943488,0.001714922,0.001486092,0.001257538,0.001030923,0.004371714,0.0041076,0.003851159,0.003601519,0.003357817,0.003119129,0.002884561,0.002653173,0.002424032,0.002196252,0.001968985,0.001741613,0.001513862,0.001286213,0.001060259,0.004315481,0.004045929,0.0037835,0.003527272,0.003276335,0.003029718,0.002786488,0.002545679,0.002306356,0.002067666,0.001828854,0.001589468,0.001349511,0.00110988,0.000872707,-0.005081478,-0.004757514,-0.004447472,-0.004150162,-0.0038644,-0.003588906,-0.003322405,-0.003063492,-0.002810661,-0.002562332,-0.002316739,-0.002072176,-0.00182703,-0.001580228,-0.001331733,0.002417438,0.002727968,0.003059545,0.003413322,0.003790208,0.004190742,0.004614777,0.005061159,0.005527084,0.006007668,0.006494393,0.006974727,0.007430115,0.007834436,0.008154533
0.003613159,0.003397682,0.003188007,0.00298336,0.002782959,0.002585954,0.002391508,0.00219873,0.002006719,0.001814608,0.00162156,0.00142696,0.001230534,0.001032745,0.000835142,0.003627714,0.003413356,0.003204888,0.00300154,0.002802539,0.002607044,0.002414229,0.00222321,0.002033101,0.001843047,0.001652225,0.001460031,0.001266201,0.001071199,0.000876562,0.003601295,0.003385393,0.003175344,0.00297039,0.002769768,0.002572653,0.002378229,0.002185628,0.001993967,0.001802389,0.00161005,0.001416296,0.001220774,0.001023811,0.000826759,-0.004538862,-0.004250723,-0.003974804,-0.003710073,-0.003455505,-0.003209991,-0.002972428,-0.002741601,-0.002516204,-0.002294865,-0.002076044,-0.001858246,-0.001640043,-0.001420463,-0.001199427,0.003626755,0.003413289,0.003205921,0.003003913,0.002806528,0.00261296,0.002422417,0.002234048,0.002046983,0.00186037,0.00167335,0.001485237,0.001295612,0.00110469,0.000913665,0.003641085,0.003428668,0.003222413,0.003021582,0.002825435,0.002633165,0.002443974,0.002257001,0.002071363,0.001886189,0.001700595,0.001513862,0.001325527,0.001135752,0.000945664,0.003591982,0.003374783,0.003163254,0.002956615,0.002754079,0.002554794,0.002357925,0.002162584,0.001967883,0.001772975,0.001577052,0.001379541,0.001180222,0.000979626,0.000779368,-0.004538862,-0.004250723,-0.003974804,-0.003710073,-0.003455505,-0.003209991,-0.002972428,-0.002741601,-0.002516204,-0.002294865,-0.002076044,-0.001858246,-0.001640043,-0.001420463,-0.001199427,0.002011675,0.00225911,0.002523484,0.002805711,0.003106505,0.003426277,0.003764882,0.004121359,0.004493412,0.004877058,0.005265369,0.005648144,0.006010272,0.006330441,0.006581572
0.002918981,0.00275116,0.002587829,0.002428347,0.00227206,0.002118247,0.001966181,0.001815071,0.001664093,0.001512426,0.001359236,0.001203842,0.001045814,0.000885311,0.000723406,0.00293406,0.002767401,0.002605318,0.002447178,0.002292334,0.002140072,0.001989672,0.001840351,0.001691295,0.001541692,0.001390714,0.00123769,0.001082187,0.00092436,0.00076526,0.002910996,0.002742973,0.002579493,0.002419932,0.002263652,0.00210995,0.001958121,0.001807392,0.001656954,0.001505992,0.001353663,0.001199252,0.001042252,0.000882697,0.000721477,-0.003965584,-0.003714945,-0.003474812,-0.00324431,-0.003022573,-0.002808665,-0.002601653,-0.002400514,-0.002204146,-0.002011389,-0.001820936,-0.001631509,-0.001441875,-0.001251162,-0.001059242,0.00293107,0.002765046,0.002603775,0.002446651,0.002293059,0.002142317,0.001993738,0.001846567,0.001700007,0.00155325,0.00140544,0.001255836,0.001103872,0.000949484,0.000793418,0.002945977,0.00278106,0.002620965,0.002465089,0.002312814,0.002163458,0.002016328,0.001870662,0.001725654,0.001580476,0.001434254,0.001286213,0.001135752,0.000982755,0.000827907,0.002903706,0.002734646,0.002569979,0.002409058,0.002251226,0.002095757,0.001941926,0.001788941,0.001635986,0.00148225,0.001326918,0.001169339,0.001009116,0.000846455,0.000682469,-0.003965584,-0.003714945,-0.003474812,-0.00324431,-0.003022573,-0.002808665,-0.002601653,-0.002400514,-0.002204146,-0.002011389,-0.001820936,-0.001631509,-0.001441875,-0.001251162,-0.001059242,0.001618778,0.001805897,0.002005963,0.002219653,0.002447481,0.002689725,0.002946228,0.003216199,0.003497811,0.003787931,0.004081136,0.004369453,0.004641071,0.004879309,0.005062966
0.002266982,0.002142238,0.00202084,0.00190228,0.001786034,0.001671513,0.00155811,0.001445153,0.001331919,0.001217666,0.001101606,0.000983046,0.00086145,0.000736728,0.000609515,0.002282447,0.002158897,0.002038781,0.001921598,0.001806828,0.001693889,0.001582181,0.001471036,0.001359738,0.001247551,0.001133689,0.001017459,0.000898323,0.000776174,0.000651617,0.002262409,0.002137649,0.00201629,0.001897837,0.00178178,0.001667546,0.001554545,0.001442119,0.001329557,0.001216123,0.001101016,0.000983512,0.00086301,0.000739306,0.000612866,-0.003363995,-0.003152344,-0.002949478,-0.002754681,-0.002567241,-0.002386396,-0.002211384,-0.002041374,-0.001875467,-0.001712722,-0.001552069,-0.001392455,-0.001232847,-0.001072486,-0.000911194,0.00227749,0.002154313,0.002034713,0.001918212,0.001804318,0.001692476,0.001582117,0.001472596,0.001363215,0.001253244,0.001141876,0.001028363,0.000912055,0.000792662,0.000670529,0.002292833,0.002170812,0.002052442,0.001937249,0.001824741,0.001714363,0.001605541,0.001497626,0.001389912,0.001281655,0.001172028,0.001060259,0.000945664,0.000827907,0.000707275,0.00225706,0.002131515,0.002009252,0.00188976,0.001772508,0.001656905,0.001542343,0.001428145,0.001313593,0.001197948,0.001080432,0.000960363,0.000837229,0.00071096,0.000582206,-0.003363995,-0.003152344,-0.002949478,-0.002754681,-0.002567241,-0.002386396,-0.002211384,-0.002041374,-0.001875467,-0.001712722,-0.001552069,-0.001392455,-0.001232847,-0.001072486,-0.000911194,0.001245126,0.001375571,0.00151515,0.001664304,0.001823353,0.001992433,0.002171365,0.002359498,0.002555428,0.002756803,0.002959595,0.003157919,0.003343071,0.003502764,0.003621394
0.014126434146943423,0.013073090010892664,0.012055969,0.011072529789512144,0.010120481300196008,0.00919768,0.008302395,0.007433221,0.006589289,0.005770344,0.004976959,0.004210704,0.003474498,0.002773158,0.002113633,0.014122287249871093,0.013068777945366384,0.012051542704390983,0.011068064041754843,0.010116078025980047,0.00919348,0.008298587,0.007430051,0.00658708,0.005769506,0.004978012,0.004214293,0.003481414,0.002784351,0.002130214,0.014071172607610831,0.013015119763780735,0.011995335223847452,0.011009323378712048,0.010054842357892568,0.00912981,0.008232561,0.007361762,0.006516614,0.005696924,0.004903305,0.00413733,0.003401857,0.002701556,0.002043112,-0.010290498,-0.009607976,-0.008959367,-0.008341557,-0.007751457,-0.007185754,-0.006641176,-0.00611418,-0.005601045,-0.005097962,-0.004600806,-0.004105719,-0.003609173,-0.003108906,-0.002604885,0.014155230225611905,0.013105930470398517,0.012093422110451727,0.011115240888700114,0.010169177511139983,0.009253181,0.008365614,0.007505166,0.006671053,0.005863085,0.005081857,0.004328894,0.003606966,0.002920592,0.002276261,0.014150147339116433,0.013100396190166544,0.012087401,0.011108693733980253,0.010162059248858463,0.00924544,0.008357191,0.007495988,0.006661028,0.005852098,0.005069755,0.004315481,0.003591982,0.002903706,0.00225706,0.014035343005698218,0.012974740390231047,0.011949868,0.010958183333521096,0.009997402,0.009065405,0.008160505,0.007281362,0.006427202,0.005597898,0.004794192,0.00401786,0.003272073,0.002561942,0.001894724,-0.010290498,-0.009607976,-0.008959367,-0.008341557,-0.007751457,-0.007185754,-0.006641176,-0.00611418,-0.005601045,-0.005097962,-0.004600806,-0.004105719,-0.003609173,-0.003108906,-0.002604885,0.006481223,0.007563977,0.008713914,0.009934656,0.011229070802901833,0.012598849919995709,0.014043522,0.015559431590610245,0.017137713312058166,0.018762969821050312,0.020408461,0.022035016,0.023584897,0.024977093,0.026108857291104445
0.013054147253611054,0.012091485105634408,0.011161267209002462,0.010261136143149184,0.009388955,0.008542711,0.007720762,0.006921751,0.006144807,0.005389618,0.00465663,0.003947219,0.003264033,0.002611527,0.001996214,0.013050167912391459,0.012087349784485517,0.011157023175684023,0.010256852327712092,0.009384726,0.008538667,0.007717077,0.006918655,0.006142599,0.005388678,0.00465744,0.003950379,0.003270275,0.002621734,0.002011419,0.013007445111061975,0.012042635187521526,0.011110341061341383,0.010208249697790266,0.009334273,0.008486457,0.007663223,0.006863284,0.006085834,0.005330619,0.004598121,0.003889713,0.003207979,0.002557222,0.001943693,-0.009774423,-0.009128404,-0.008514126,-0.007928687,-0.007369201,-0.006832577,-0.006315752,-0.005815407,-0.00532805,-0.004850102,-0.004377674,-0.003907127,-0.00343513,-0.002959554,-0.002480385,0.013081003832902078,0.012122142685749054,0.011196264027836038,0.010301083379442787,0.009434542,0.008594715,0.00778005,0.006989278,0.00622161,0.005476793,0.004755291,0.004058433,0.003388718,0.002750312,0.002149281,0.013076165,0.012116885137607262,0.011190554950037452,0.010294887121144422,0.009427818,0.008587416,0.007772121,0.006980654,0.006212208,0.005466508,0.004743986,0.004045929,0.003374783,0.002734646,0.002131515,0.012974740390231047,0.012005739962244763,0.011068753,0.010161421,0.009281615,0.008427345,0.007597008,0.006789309,0.006003464,0.005239277,0.00449735,0.003779248,0.003087846,0.00242787,0.00180611,-0.009774423,-0.009128404,-0.008514126,-0.007928687,-0.007369201,-0.006832577,-0.006315752,-0.005815407,-0.005328051,-0.004850102,-0.004377674,-0.003907127,-0.00343513,-0.002959554,-0.002480385,0.00598241,0.006983656,0.008047551,0.009177512,0.010376254908018977,0.011645407,0.012984578540858185,0.014390415,0.015854706,0.017363145689235162,0.018890848810943724,0.020401334568946404,0.021840812845366896,0.023133819463727924,0.024184683
0.012017762736368523,0.011142075,0.010295290566234551,0.009475228,0.008679897,0.007907408,0.0071562,0.006424962,0.005712812,0.005019377,0.004344969,0.003690768,0.003059143,0.002454184,0.001881965,0.012013940389209552,0.011138104709929628,0.010291216856428606,0.009471114,0.00867583,0.007903508,0.007152629,0.00642193,0.005710596,0.005018329,0.004345535,0.003693502,0.003064723,0.002463426,0.001895826,0.01197952,0.011102243583653065,0.010253970081079145,0.00943256,0.008636072,0.007862672,0.007110863,0.006379397,0.005667458,0.004974724,0.004301541,0.003649079,0.003019638,0.002417154,0.001847438,-0.009276225,-0.008665258,-0.008083955,-0.007529616,-0.006999556,-0.006490893,-0.006000768,-0.005526081,-0.005063561,-0.00460985,-0.004161296,-0.00371447,-0.003266237,-0.002814594,-0.002359553,0.012042721564187241,0.011170596,0.010327882169681935,0.009512468,0.008722438,0.007955985,0.007211633,0.006488155,0.005784745,0.005101084,0.0044375,0.003795123,0.003176172,0.002584456,0.002025617,0.012038114878254241,0.011165600804845193,0.010322469974430353,0.009506606,0.008716089,0.007949107,0.007204177,0.006480062,0.005775941,0.005091476,0.004426964,0.0037835,0.003163254,0.002569979,0.002009252,0.011949868,0.011068753,0.010216173359010636,0.009389947,0.00858809,0.007808736,0.007050361,0.006311707,0.005591976,0.004890899,0.004208929,0.00354742,0.002908944,0.002297837,0.001720419,-0.009276225,-0.008665258,-0.008083955,-0.007529616,-0.006999556,-0.006490893,-0.006000768,-0.005526081,-0.005063561,-0.00460985,-0.004161296,-0.00371447,-0.003266237,-0.002814594,-0.002359553,0.005480844,0.006402287,0.007381903,0.008422906,0.009527861,0.010698332,0.011934012327416768,0.01323185,0.014584284335191386,0.015978098,0.017390249747714154,0.018786928258692433,0.020118256534914752,0.021314258962985236,0.022286253
0.011014710953980742,0.010222470443387258,0.009455824,0.008712756,0.007991416,0.007290032,0.006607121,0.005941408,0.005292,0.004658457,0.004040955,0.003440471,0.00285909,0.002300532,0.001770427,0.011011031293495037,0.010218650766957335,0.009451904,0.008708794,0.007987493,0.007286259,0.006603644,0.005938422,0.00528976,0.004657287,0.004041265,0.003442771,0.002864005,0.002308815,0.001782958,0.010984849295501078,0.010191581065397406,0.009424033,0.008680233,0.007958377,0.007256749,0.006573924,0.005908693,0.005260221,0.004628119,0.004012588,0.003414593,0.002836146,0.002280806,0.001753943,-0.008792575,-0.008215451,-0.007666001,-0.007141716,-0.006640105,-0.006158488,-0.005694206,-0.005244368,-0.004805922,-0.004375728,-0.00395036,-0.003526603,-0.003101508,-0.002673202,-0.002241717,0.011037806966760906,0.010248893206880027,0.009486052,0.008747335,0.008030961,0.007335236,0.006658757,0.00600033,0.005359131,0.004734771,0.004127436,0.003538051,0.002968554,0.002422389,0.001904768,0.011033415931766904,0.010244143600265758,0.009480918,0.008741786,0.008024965,0.007328755,0.006651748,0.00599274,0.005350896,0.004725807,0.004117635,0.003527272,0.002956615,0.002409058,0.00188976,0.010958183333521096,0.010161421,0.009389947,0.008641745,0.007914974,0.007207881,0.006519018,0.005847161,0.00519149,0.004551661,0.003927977,0.003321569,0.002734707,0.002171329,0.001637281,-0.008792574,-0.008215451,-0.007666001,-0.007141716,-0.006640105,-0.006158488,-0.005694206,-0.005244368,-0.004805922,-0.004375728,-0.00395036,-0.003526602,-0.003101508,-0.002673202,-0.002241717,0.00497565,0.005818782,0.006715652,0.007669272,0.008682058,0.009755509,0.010889403328796702,0.012080989,0.013323357974431115,0.014604375567433082,0.015902839483224677,0.017187595,0.018412655594034735,0.019513491936997057,0.020408344623331236
0.010042684931717049,0.009330519,0.008640858,0.007971848,0.007321773,0.006688972,0.006072035,0.005469723,0.004881128,0.004305739,0.003743592,0.003195459,0.002663135,0.002149964,0.001661125,0.01003913,0.009326829,0.008637071,0.007968016,0.00731797,0.006685299,0.006068627,0.005466758,0.004878838,0.004304422,0.003743623,0.003197305,0.00266737,0.002157278,0.001672326,0.010021145811275233,0.009308514,0.008618543,0.007949419,0.007299474,0.006667102,0.006050948,0.005449837,0.004862914,0.004289717,0.003730303,0.003185426,0.002656804,0.002147617,0.001662781,-0.008319931,-0.0077757,-0.007257222,-0.006762178,-0.006288262,-0.00583299,-0.005393898,-0.0049683,-0.004553357,-0.004146142,-0.003743455,-0.003342289,-0.002939882,-0.002534487,-0.002126154,0.010063946093731405,0.009354873,0.008668756,0.0080038,0.007358357,0.006730841,0.006119916,0.005524418,0.004943503,0.004376707,0.003824072,0.003286315,0.002765086,0.00226346,0.001786211,0.010059750842640432,0.009350347,0.008663875,0.007998538,0.007352686,0.006724727,0.006113321,0.005517297,0.004935798,0.004368348,0.003814963,0.003276335,0.002754079,0.002251226,0.001772508,0.009997402,0.009281615,0.00858809,0.007914974,0.007260559,0.006623206,0.006001533,0.00539435,0.004800812,0.004220497,0.003653553,0.003100889,0.002564465,0.002047815,0.001556305,-0.008319931,-0.0077757,-0.007257222,-0.006762178,-0.006288262,-0.00583299,-0.005393898,-0.0049683,-0.004553357,-0.004146142,-0.003743455,-0.003342289,-0.002939882,-0.002534487,-0.002126154,0.004466108,0.005232225,0.006047672,0.006915258,0.007837246,0.008815074,0.009848602,0.010935380380183482,0.012069150325898337,0.013238861260252529,0.014425146949200593,0.015599504234735518,0.016719824,0.017726995565024984,0.018546137364184284
0.009099549,0.00846421,0.007848503,0.007250728,0.006669299,0.006102663,0.005549481,0.005008549,0.004478939,0.003960073,0.003451842,0.00295481,0.002470481,0.002001814,0.001553529,0.009096096,0.008460627,0.007844823,0.007246998,0.006665586,0.00609906,0.00554611,0.005005571,0.004476566,0.003958573,0.003451559,0.00295617,0.002474006,0.002008135,0.001563383,0.00908629,0.008451051,0.007835629,0.007238364,0.006657718,0.006092191,0.005540499,0.005001496,0.004474308,0.003958399,0.003453679,0.00296069,0.002480852,0.002016959,0.001573464,-0.007854194,-0.007342192,-0.006854084,-0.006387733,-0.005941012,-0.00551163,-0.005097311,-0.004695573,-0.004303783,-0.003919226,-0.003538926,-0.00316008,-0.002780114,-0.002397403,-0.002012015,0.009118996,0.008486518,0.007874092,0.007280076,0.006702946,0.006141221,0.005593629,0.005059037,0.004536577,0.004025711,0.003526333,0.003038951,0.002564924,0.002106951,0.001669362,0.009114972,0.008482189,0.007869436,0.00727507,0.006697566,0.006135437,0.00558741,0.005052342,0.004529358,0.004017908,0.003517866,0.003029718,0.002554794,0.002095757,0.001656905,0.009065405,0.008427345,0.007808736,0.007207881,0.006623206,0.006053174,0.005496477,0.00495195,0.004418725,0.003896301,0.003384669,0.002884514,0.002397483,0.001926698,0.001477037,-0.007854194,-0.007342192,-0.006854084,-0.006387733,-0.005941012,-0.00551163,-0.005097311,-0.004695573,-0.004303783,-0.003919226,-0.003538926,-0.00316008,-0.002780114,-0.002397403,-0.002012015,0.003951619,0.004641832,0.005376981,0.006159664,0.006991995,0.007875345,0.008809657,0.00979278,0.010819106037680912,0.011878669444021024,0.012953941146024252,0.014019069728617412,0.015035819534798248,0.015950487833755037,0.016695039
0.008183608,0.007621934,0.007077226,0.006547934,0.006032601,0.005529779,0.005038199,0.004556689,0.004084307,0.003620404,0.003164731,0.002717643,0.002280348,0.001855418,0.001447097,0.008180229,0.007618427,0.00707362,0.006544272,0.006028942,0.005526206,0.005034822,0.004553654,0.004081804,0.003618677,0.00316409,0.002718473,0.002283122,0.001860706,0.00145557,0.008178596,0.007617591,0.007073768,0.006545618,0.006031727,0.005530703,0.005041329,0.004562489,0.004093293,0.003633129,0.003181764,0.002739525,0.002307534,0.001888191,0.001485478,-0.00739104,-0.0069109,-0.006452844,-0.006014913,-0.005595153,-0.005191463,-0.004801749,-0.004423729,-0.004054977,-0.003692984,-0.003335,-0.002978424,-0.002620867,-0.002260827,-0.001898386,0.008201252,0.007642206,0.007100516,0.006574687,0.006063318,0.005565028,0.005078613,0.004602965,0.004137196,0.003680694,0.003233208,0.002795036,0.002367243,0.001952146,0.00155362,0.008197371,0.007638043,0.007096051,0.0065699,0.006058188,0.005559532,0.005072722,0.004596647,0.004130411,0.003673392,0.003225325,0.002786488,0.002357925,0.001941926,0.001542343,0.008160505,0.007597008,0.007050361,0.006519018,0.006001533,0.005496477,0.005002606,0.004518786,0.004044128,0.003578049,0.003120388,0.002671604,0.002233027,0.001807366,0.001398994,-0.007391039,-0.0069109,-0.006452844,-0.006014913,-0.005595153,-0.005191463,-0.004801749,-0.004423729,-0.004054977,-0.003692984,-0.003335,-0.002978424,-0.002620867,-0.002260827,-0.001898386,0.00343185,0.00404713,0.004702948,0.005401693,0.006145325,0.006935145,0.007771174,0.008651561,0.009571347,0.010521651942972946,0.011486787405182075,0.012443557590982812,0.013357603704572731,0.014180626134060218,0.014851421991750501
0.00729352,0.006802393,0.006325768,0.005862243,0.005410485,0.004969153,0.004537048,0.004113035,0.003696159,0.003285704,0.002881286,0.002483052,0.002091916,0.001710055,0.00134123,0.007290184,0.006798928,0.006322199,0.005858608,0.005406836,0.004965564,0.004533617,0.004109892,0.003693473,0.003283694,0.002880229,0.002483293,0.002093881,0.001714257,0.001348272,0.007296726,0.006806842,0.006331707,0.00586996,0.005420313,0.004981477,0.004552305,0.004131715,0.003718801,0.003312884,0.002913587,0.00252103,0.002136034,0.001760604,0.001398237,-0.006925513,-0.006477204,-0.006049205,-0.00563973,-0.005246998,-0.004869089,-0.004504094,-0.004149925,-0.003804361,-0.003465102,-0.003129618,-0.002795514,-0.002460586,-0.002123452,-0.001784204,0.007309364,0.006820631,0.006346758,0.005886394,0.005438261,0.005001077,0.004573704,0.004155066,0.003744255,0.00334059,0.002943679,0.002553612,0.002171162,0.001798261,0.001438319,0.007305595,0.006816597,0.006342444,0.005881784,0.005433336,0.004995818,0.004568088,0.004149067,0.003737842,0.003333725,0.002936312,0.002545679,0.002162584,0.001788941,0.001428145,0.007281362,0.006789309,0.006311707,0.005847161,0.00539435,0.00495195,0.004518786,0.004093759,0.003675957,0.003264725,0.002859752,0.002461273,0.002070304,0.001689132,0.001321618,-0.006925513,-0.006477204,-0.006049205,-0.00563973,-0.005246998,-0.004869089,-0.004504094,-0.004149925,-0.003804361,-0.003465102,-0.003129618,-0.002795514,-0.002460586,-0.002123452,-0.001784204,0.002906743,0.003447958,0.004025304,0.004640955,0.005296711,0.005993801,0.00673232,0.007510711,0.008324665,0.009166387,0.010022030690570415,0.010871062,0.011683004,0.012414962283648981,0.013012559426955983
0.00642853,0.006004822,0.005593348,0.005192852,0.004802126,0.004419936,0.004045157,0.003676695,0.003313587,0.002955063,0.002600607,0.002250167,0.001904368,0.001564986,0.00123529,0.0064252,0.006001358,0.005589773,0.005189197,0.004798437,0.004416277,0.004041614,0.003673382,0.003310654,0.002952703,0.002599065,0.002249751,0.001905455,0.001568035,0.001240839,0.006439916,0.006018029,0.005608655,0.00521058,0.00482264,0.004443652,0.004072541,0.003708267,0.003349912,0.002996737,0.002648235,0.00230432,0.001965521,0.001633443,0.001311087,-0.006452188,-0.006036031,-0.005638437,-0.005257789,-0.004892473,-0.004540751,-0.004200893,-0.003871006,-0.003549073,-0.003233002,-0.002920485,-0.002609334,-0.002297531,-0.001983812,-0.001668273,0.006442568,0.006021013,0.005612021,0.005214379,0.004826929,0.004448494,0.004078002,0.003714413,0.003356809,0.003004444,0.002656795,0.002313752,0.001975801,0.001644486,0.001322742,0.006438871,0.006017068,0.005607814,0.005209896,0.004822156,0.004443415,0.0040726,0.003708669,0.003350699,0.002997943,0.002649869,0.002306356,0.001967883,0.001635986,0.001313593,0.006427202,0.006003464,0.005591976,0.00519149,0.004800812,0.004418725,0.004044128,0.003675957,0.00331329,0.002955405,0.00260185,0.002252645,0.001908495,0.001571264,0.001244286,-0.006452188,-0.006036031,-0.005638437,-0.005257789,-0.004892473,-0.004540751,-0.004200893,-0.003871006,-0.003549073,-0.003233002,-0.002920485,-0.002609334,-0.002297531,-0.001983812,-0.001668273,0.002376663,0.002844654,0.003344352,0.003877715,0.004446376,0.005051484,0.005693204,0.006370269,0.007079013,0.007812723,0.008559397,0.00930116,0.010011421970736895,0.010652691738436658,0.011177410961197877
0.00558854,0.005229057,0.004879732,0.004539454,0.004207139,0.003881665,0.003561985,0.003247054,0.002935913,0.002627747,0.002321924,0.002018205,0.001716931,0.001419486,0.001128628,0.005585175,0.00522555,0.004876101,0.004535726,0.004203353,0.003877876,0.003558265,0.003243503,0.002932662,0.002624963,0.002319821,0.002017053,0.001717062,0.001421303,0.001132608,0.005608049,0.005250967,0.004904356,0.004567145,0.004238296,0.003916737,0.003601469,0.003291499,0.002985911,0.00268392,0.002384897,0.002088568,0.001795179,0.001505936,0.001223337,-0.005965381,-0.005582063,-0.005215576,-0.004864466,-0.004527287,-0.00420248,-0.003888495,-0.00358363,-0.003286075,-0.002993945,-0.002705157,-0.002417732,-0.002129841,-0.001840336,-0.001549307,0.005600753,0.005243178,0.004896056,0.004558315,0.004228918,0.003906791,0.003590937,0.003280359,0.002974137,0.002671475,0.002371732,0.002074609,0.001780316,0.001490015,0.001206156,0.005597087,0.005239276,0.004891906,0.004553906,0.004224238,0.00390183,0.003585682,0.003274798,0.002968256,0.00266526,0.002365164,0.002067666,0.001772975,0.00148225,0.001197948,0.005597898,0.005239277,0.004890899,0.004551661,0.004220497,0.003896301,0.003578049,0.003264725,0.002955405,0.002649315,0.002345873,0.0020449,0.001746796,0.001453005,0.001166325,-0.005965381,-0.005582063,-0.005215576,-0.004864466,-0.004527286,-0.004202481,-0.003888495,-0.00358363,-0.003286075,-0.002993945,-0.002705157,-0.002417732,-0.002129841,-0.001840336,-0.001549307,0.001842515,0.002238181,0.00266112,0.003113063,0.003595473,0.004109412,0.004655107,0.005231572,0.005835777,0.006462081,0.007100317,0.007735265,0.008344209,0.008895053,0.00934704
0.004774345,0.004475755,0.004185436,0.003902416,0.003625743,0.003354406,0.003087447,0.00282388,0.002562767,0.00230326,0.002044635,0.001786484,0.001528884,0.001272827,0.001020558,0.004770899,0.004472156,0.004181696,0.003898558,0.003621797,0.003350419,0.00308348,0.002820017,0.002559118,0.00229997,0.002041887,0.00178451,0.001527972,0.001273328,0.001022889,0.004801886,0.004506276,0.004219283,0.003939979,0.003667453,0.003400746,0.003138947,0.002881119,0.002626365,0.002373866,0.002122898,0.001873017,0.001624203,0.001377275,0.001134219,-0.005458953,-0.005109544,-0.004775233,-0.004454735,-0.004146766,-0.003849948,-0.003562906,-0.003284134,-0.003012027,-0.002744911,-0.002480932,-0.002218323,-0.001955446,-0.001691267,-0.001425862,0.004784705,0.00448777,0.004199363,0.003918551,0.003644421,0.003376006,0.003112391,0.002852632,0.002595823,0.002341134,0.002087825,0.001835432,0.001583907,0.001334037,0.001087784,0.004781024,0.00448386,0.004195215,0.003914157,0.003639771,0.003371094,0.00310721,0.002847177,0.00259009,0.00233512,0.002081529,0.001828854,0.001577052,0.001326918,0.001080432,0.004794192,0.00449735,0.004208929,0.003927977,0.003653553,0.003384669,0.003120388,0.002859752,0.00260185,0.002345873,0.002091135,0.001837271,0.001584402,0.001333554,0.001086983,-0.005458952,-0.005109544,-0.004775233,-0.004454735,-0.004146766,-0.003849948,-0.003562905,-0.003284134,-0.003012027,-0.002744911,-0.002480932,-0.002218323,-0.001955446,-0.001691267,-0.001425862,0.001306109,0.00163054,0.001977808,0.002349411,0.002746637,0.003170453,0.003621136,0.004097972,0.004598548,0.005118283,0.005648821,0.006177573,0.006685669,0.00714637,0.007525681
0.003987795,0.003746563,0.003511894,0.003282962,0.003058942,0.002838946,0.002622111,0.002407526,0.002194288,0.001981546,0.001768504,0.001554618,0.001339723,0.001124436,0.000910487,0.00398422,0.003742818,0.003507988,0.003278912,0.003054771,0.002834691,0.002617822,0.002403271,0.00219016,0.001977664,0.001765023,0.001551734,0.001337679,0.001123534,0.000911085,0.004023223,0.003785547,0.003554814,0.003330241,0.003111047,0.002896393,0.002685464,0.002477395,0.002271323,0.002066423,0.001861901,0.001657173,0.00145198,0.001246769,0.001043018,-0.004927411,-0.004613309,-0.00431257,-0.00402407,-0.003746692,-0.003479234,-0.0032205,-0.002969181,-0.002723877,-0.002483131,-0.00224532,-0.002008895,-0.001772413,-0.001534951,-0.001296562,0.003996265,0.003756423,0.003523364,0.003296295,0.003074424,0.002856903,0.002642903,0.00243155,0.002221967,0.002013315,0.001804784,0.001595771,0.001385999,0.001175898,0.000966943,0.003992519,0.003752452,0.003519161,0.003291853,0.003069738,0.002851969,0.002637721,0.002426121,0.002216298,0.002007416,0.001798671,0.001589468,0.001379541,0.001169339,0.000960363,0.00401786,0.003779248,0.00354742,0.003321569,0.003100889,0.002884514,0.002671604,0.002461273,0.002252645,0.0020449,0.001837271,0.001629245,0.001420681,0.001212211,0.001005542,-0.00492741,-0.004613309,-0.00431257,-0.00402407,-0.003746692,-0.003479234,-0.0032205,-0.002969181,-0.002723877,-0.002483131,-0.00224532,-0.002008895,-0.001772413,-0.001534951,-0.001296562,0.000770426,0.00102504,0.001298072,0.001590789,0.001904292,0.002239445,0.002596566,0.002975192,0.003373509,0.003787963,0.004211972,0.004635529,0.005043553,0.00541459,0.005721325
0.003232158,0.003044462,0.002861798,0.002683485,0.002508829,0.002337073,0.002167458,0.001999164,0.001831349,0.001663181,0.001493834,0.001322656,0.001149281,0.000973978,0.000797964,0.003228404,0.003040517,0.002857668,0.002679179,0.002504366,0.00233248,0.002162772,0.001994441,0.00182666,0.001658624,0.001489535,0.001318776,0.001146022,0.000971593,0.000796755,0.003275262,0.003091686,0.002913559,0.00274024,0.002571081,0.00240537,0.002242398,0.00208139,0.001921541,0.001762045,0.001602075,0.001440943,0.001278193,0.001113929,0.000949124,-0.004366336,-0.004089194,-0.003823667,-0.003568793,-0.003323621,-0.003087128,-0.002858296,-0.002636012,-0.002419088,-0.002206284,-0.001996217,-0.00178756,-0.001579069,-0.001369935,-0.001160175,0.003238696,0.003052112,0.002870741,0.002693928,0.002521009,0.002351254,0.002183936,0.002018264,0.001853414,0.001688564,0.001522869,0.001355628,0.001186369,0.001015199,0.000843112,0.003234835,0.003048025,0.002866423,0.002689374,0.002516217,0.002346225,0.002178675,0.002012781,0.001847725,0.001682693,0.001516852,0.001349511,0.001180222,0.001009116,0.000837229,0.003272073,0.003087846,0.002908944,0.002734707,0.002564465,0.002397483,0.002233027,0.002070304,0.001908495,0.001746796,0.001584402,0.001420681,0.001255276,0.001088448,0.000921363,-0.004366336,-0.004089194,-0.003823667,-0.003568793,-0.003323621,-0.003087128,-0.002858296,-0.002636012,-0.002419088,-0.002206284,-0.001996217,-0.00178756,-0.001579069,-0.001369935,-0.001160175,0.000240267,0.000426992,0.000627772,0.000843637,0.001075498,0.001324104,0.001589802,0.001872356,0.002170518,0.002481718,0.002801086,0.003121117,0.003430418,0.003712697,0.003947189
0.002512673,0.002374311,0.002239626,0.002108078,0.001979109,0.001852094,0.001726393,0.001601293,0.001476037,0.001349845,0.001221898,0.001091486,0.000958085,0.000821657,0.000682927,0.002508692,0.002370115,0.002235216,0.002103459,0.001974292,0.001847096,0.001721242,0.001596029,0.001470715,0.00134454,0.001216709,0.001086541,0.000953546,0.000817729,0.000679861,0.002563155,0.002429465,0.002299901,0.002173967,0.002051148,0.001930867,0.001812531,0.001695471,0.001578965,0.001462261,0.001344538,0.001225053,0.001103196,0.000978775,0.000852283,-0.00377427,-0.003535803,-0.003307188,-0.00308763,-0.00287634,-0.002672474,-0.002475194,-0.002283586,-0.002096674,-0.001913437,-0.00173274,-0.001553483,-0.001374627,-0.001195481,-0.001016018,0.002517242,0.002379704,0.002245981,0.002115553,0.001987884,0.001862373,0.001738401,0.001615277,0.001492255,0.001368562,0.001243358,0.001115887,0.000985537,0.000852131,0.000716211,0.002513216,0.002375448,0.002241491,0.002110826,0.001982922,0.00185718,0.001732988,0.001609663,0.001486468,0.00136264,0.001237356,0.00110988,0.000979626,0.000846455,0.00071096,0.002561942,0.00242787,0.002297837,0.002171329,0.002047815,0.001926698,0.001807366,0.001689132,0.001571264,0.001453005,0.001333554,0.001212211,0.001088448,0.000962195,0.000834107,-0.00377427,-0.003535803,-0.003307188,-0.00308763,-0.00287634,-0.002672474,-0.002475194,-0.002283586,-0.002096674,-0.001913437,-0.00173274,-0.001553483,-0.001374627,-0.001195481,-0.001016018,-0.000276934,-0.000155424,-2.41E-05,0.000117784,0.00027099,0.000436131,0.00061356,0.000803243,0.001004454,0.001215544,0.001433261,0.001652487,0.001865362,0.002060568,0.002223686
0.001836747,0.001743068,0.001651881,0.001562785,0.001475358,0.001389111,0.001303533,0.001218035,0.001131967,0.001044635,0.000955269,0.000863151,0.000767657,0.000668492,0.000565934,0.0018325,0.001738579,0.001647147,0.001557806,0.001470137,0.001383658,0.001297865,0.001212179,0.001125962,0.001038534,0.000949147,0.000857104,0.000761808,0.000663004,0.000561007,0.001894214,0.001805736,0.001720233,0.001637348,0.001556702,0.001477855,0.001400341,0.001323614,0.001247059,0.001170008,0.001091693,0.001011365,0.000928321,0.000842126,0.000752837,-0.003154325,-0.002956022,-0.002765807,-0.002583047,-0.002407115,-0.002237344,-0.002073076,-0.001913593,-0.001758132,-0.001605897,-0.001455998,-0.001307572,-0.001159791,-0.001012085,-0.000864387,0.001839333,0.00174618,0.001655613,0.001567243,0.001480664,0.001395402,0.00131096,0.001226761,0.001142162,0.001056467,0.000968888,0.000878664,0.000785099,0.000687788,0.000586868,0.001835101,0.001741711,0.001650903,0.001562293,0.001475476,0.001389988,0.001305337,0.001220957,0.001136215,0.001050432,0.000962841,0.000872707,0.000779368,0.000682469,0.000582206,0.001894724,0.00180611,0.001720419,0.001637281,0.001556305,0.001477037,0.001398994,0.001321618,0.001244286,0.001166325,0.001086983,0.001005542,0.000921363,0.000834107,0.000743954,-0.003154325,-0.002956022,-0.002765807,-0.002583047,-0.002407115,-0.002237344,-0.002073076,-0.001913593,-0.001758132,-0.001605897,-0.001455998,-0.001307572,-0.001159791,-0.001012085,-0.000864387,-0.000770823,-0.000710844,-0.000645143,-0.000573168,-0.000494393,-0.000408325,-0.000314621,-0.000213145,-0.000104163,1.1517852171974506e-05,0.000132137,0.000254801,0.000374962,0.000486012,0.000579577
-0.010292325,-0.009776765,-0.009279187,-0.008796279,-0.008324517,-0.007859818,-0.007397867,-0.006933719,-0.006461934,-0.005976798,-0.005472109,-0.004942264,-0.004382684,-0.003791692,-0.003172166,-0.010316734,-0.009802938,-0.009307237,-0.008826325,-0.008356687,-0.007894256,-0.007434729,-0.006973185,-0.006504216,-0.006022147,-0.005520826,-0.00499472,-0.004439327,-0.003853059,-0.003238879,-0.010289787,-0.009774909,-0.009278309,-0.008796754,-0.008326815,-0.007864522,-0.007405689,-0.006945514,-0.006478715,-0.005999724,-0.005502468,-0.004981422,-0.004432001,-0.003852426,-0.003245371,0.03104324,0.02870276,0.026468285550879687,0.024333172384395023,0.022291268975895968,0.020336537829797458,0.018463592,0.016667224325360348,0.014942676812929014,0.013285750834819109,0.011692685516674671,0.010160875860381308,0.008689176,0.007279245,0.005936608,-0.010303343,-0.009790632,-0.0092965,-0.008817746,-0.008350966,-0.00789222,-0.007437339,-0.006981535,-0.006519518,-0.006045702,-0.005553955,-0.005038662,-0.004495101,-0.003921309,-0.003319763,-0.010327429,-0.009816363,-0.009323944,-0.008846962,-0.008382002,-0.007925105,-0.007472084,-0.007018118,-0.006557881,-0.00608574,-0.005595501,-0.005081478,-0.004538862,-0.003965584,-0.003363995,-0.010290498,-0.009774423,-0.009276225,-0.008792574,-0.008319931,-0.007854194,-0.007391039,-0.006925513,-0.006452188,-0.005965381,-0.005458952,-0.00492741,-0.004366336,-0.00377427,-0.003154325,0.03104324,0.028702759738954767,0.026468285655563174,0.024333172172446686,0.022291269,0.020336537829354014,0.018463591388667894,0.016667224,0.014942677127606808,0.013285750937795271,0.011692686,0.010160875729726862,0.008689176,0.007279245,0.005936608,0.009678521,0.009537385,0.009367893,0.009164747,0.008921871,0.008631688,0.008285708,0.007873704,0.007383874,0.006803289,0.006117167,0.005311094,0.00437142,0.003289055,0.002063981
-0.009608854,-0.009129708,-0.008667085,-0.008217917,-0.007778937,-0.007346351,-0.006916142,-0.006483701,-0.006043946,-0.005591536,-0.005120656,-0.004626046,-0.004103394,-0.0035511,-0.002971838,-0.009631945,-0.009154467,-0.008693617,-0.008246335,-0.007809361,-0.007378915,-0.006950991,-0.006521003,-0.006083898,-0.005634367,-0.005166645,-0.004675532,-0.004156788,-0.003608893,-0.003034598,-0.009607448,-0.009129018,-0.00866739,-0.008219571,-0.00778238,-0.007352129,-0.006924917,-0.00649627,-0.006061249,-0.005614642,-0.00515075,-0.004664377,-0.004151195,-0.003609498,-0.003041754,0.028702760097873207,0.026552922,0.024499516382261936,0.022536448053269795,0.020658067,0.018858817588589087,0.017133726938235908,0.015477976949267497,0.013887143747981258,0.012357306589628188,0.010884930055149202,0.00946754,0.008104014,0.006795854,0.005548208,-0.009619505,-0.00914306,-0.008683699,-0.008238459,-0.007804184,-0.007377212,-0.006953663,-0.006529074,-0.006098502,-0.005656718,-0.00519797,-0.004716977,-0.00420928,-0.003673001,-0.003110415,-0.009642295,-0.009167407,-0.008709668,-0.008266105,-0.007833552,-0.007408332,-0.006986545,-0.006563697,-0.006134812,-0.005694616,-0.005237299,-0.004757514,-0.004250723,-0.003714945,-0.003152344,-0.009607976,-0.009128404,-0.008665258,-0.008215451,-0.0077757,-0.007342192,-0.0069109,-0.006477204,-0.006036031,-0.005582063,-0.005109544,-0.004613309,-0.004089194,-0.003535803,-0.002956022,0.028702759738954767,0.026552922407536903,0.024499516,0.022536447853878268,0.020658067421558565,0.018858817589729817,0.017133726798553822,0.015477976913723747,0.013887144040835117,0.012357306686027943,0.010884930045889682,0.00946754,0.008104014,0.006795854,0.005548208,0.009058093,0.00891792,0.008750798,0.008551778,0.008315194,0.00803401,0.007700365,0.007304833,0.006836589,0.006283845,0.005633222,0.004871819,0.00398763,0.002973065,0.001829058
-0.008959439,-0.008514545,-0.008084813,-0.007667406,-0.007259301,-0.006856981,-0.006456716,-0.00605422,-0.005644759,-0.005223349,-0.004784552,-0.004323442,-0.003835965,-0.0033206,-0.002779818,-0.008981255,-0.008537936,-0.008109876,-0.007694247,-0.007288033,-0.006887728,-0.006489614,-0.006089424,-0.005682451,-0.005263741,-0.0048279,-0.004370057,-0.003886221,-0.003374946,-0.002838772,-0.008959053,-0.008514902,-0.008086176,-0.00767011,-0.007263756,-0.006863698,-0.006466312,-0.006067434,-0.00566246,-0.005246522,-0.004814287,-0.004360876,-0.003882212,-0.003376661,-0.002846493,0.026468285984559744,0.024499516462616583,0.022618194,0.020818742890845118,0.019095983524917072,0.017444809855248388,0.015860639910574188,0.014339016951626957,0.012875829264821842,0.011467412489496696,0.010110437,0.008802543,0.007542615,0.006331994,0.005175445,-0.00896974,-0.008527407,-0.008100761,-0.007687065,-0.0072834,-0.006886371,-0.006492376,-0.006097262,-0.005696424,-0.005284978,-0.00485754,-0.004409156,-0.003935623,-0.003435143,-0.002909801,-0.008991277,-0.008550414,-0.0081253,-0.007713189,-0.007311151,-0.006915776,-0.006523446,-0.006129978,-0.005730735,-0.005320791,-0.00489471,-0.004447472,-0.003974804,-0.003474812,-0.002949478,-0.008959367,-0.008514126,-0.008083955,-0.007666001,-0.007257222,-0.006854084,-0.006452844,-0.006049205,-0.005638437,-0.005215576,-0.004775233,-0.00431257,-0.003823667,-0.003307188,-0.002765807,0.026468285655563174,0.024499516,0.022618194229265122,0.020818743,0.019095983495828618,0.017444809858010113,0.01586064,0.014339016917628384,0.012875829536644429,0.011467413,0.010110436672452278,0.008802542,0.007542615,0.006331994,0.005175445,0.008446916,0.008307448,0.008142344,0.007946984,0.007716099,0.007443165,0.00712093,0.006740736,0.006292704,0.005766149,0.005149064,0.004430032,0.003598675,0.00264892,0.001582711
-0.008340957,-0.007928365,-0.007529661,-0.007142229,-0.006763278,-0.006389558,-0.006017616,-0.005643475,-0.005262738,-0.004870767,-0.004462494,-0.004033312,-0.003579421,-0.003099375,-0.002595452,-0.008361536,-0.007950427,-0.007553296,-0.007167537,-0.006790365,-0.006418539,-0.006048617,-0.005676639,-0.005298235,-0.00490879,-0.004503277,-0.004077141,-0.003626639,-0.003150389,-0.002650735,-0.008341481,-0.007929653,-0.007531961,-0.007145855,-0.006768616,-0.006397082,-0.0060279,-0.005657203,-0.005280713,-0.004893895,-0.004491769,-0.004069769,-0.003624063,-0.003153086,-0.002658918,0.024333172,0.022536447840009174,0.020818742632928433,0.019174967745834652,0.017600386595386146,0.016090316399216303,0.014640540550137967,0.013246940848628565,0.011905696449270494,0.010613380221164023,0.00936685,0.008163844,0.007003246,0.005886221,0.004817153,-0.008350918,-0.007940751,-0.007544964,-0.007161035,-0.00678627,-0.00641753,-0.006051483,-0.005684273,-0.005311622,-0.004928982,-0.004531327,-0.004114018,-0.003673106,-0.003206869,-0.00271721,-0.008371238,-0.007962456,-0.007568112,-0.007185676,-0.006812444,-0.006445265,-0.006080786,-0.005715128,-0.005343982,-0.004962759,-0.004566385,-0.004150162,-0.003710073,-0.00324431,-0.002754681,-0.008341557,-0.007928687,-0.007529616,-0.007141716,-0.006762178,-0.006387733,-0.006014913,-0.00563973,-0.005257789,-0.004864466,-0.004454735,-0.00402407,-0.003568793,-0.00308763,-0.002583047,0.024333172172446686,0.022536447853878268,0.020818743,0.019174968,0.017600387,0.016090316,0.014640540434429587,0.013246941,0.011905696700795335,0.01061338,0.00936685,0.008163844,0.007003246,0.005886221,0.004817153,0.007844806,0.007705883,0.007542554,0.007350514,0.00712487,0.006859591,0.006548009,0.006182207,0.00575322,0.005251434,0.004666178,0.003987493,0.003206612,0.002318987,0.001327622
-0.007750308,-0.007368274,-0.006998932,-0.006639879,-0.006288548,-0.005941942,-0.005596874,-0.005249669,-0.004896255,-0.004532329,-0.00415318,-0.003754518,-0.003332789,-0.002886617,-0.002418095,-0.007769684,-0.007389041,-0.007021177,-0.006663694,-0.006314031,-0.0059692,-0.005626025,-0.005280844,-0.00492961,-0.004568043,-0.004191468,-0.003795639,-0.003377055,-0.002934402,-0.002469825,-0.007751635,-0.00737038,-0.007002051,-0.006644305,-0.00629464,-0.005950142,-0.005607714,-0.00526378,-0.004914376,-0.004555291,-0.00418189,-0.003789911,-0.003375763,-0.00293795,-0.002478366,0.022291269,0.020658067,0.019095983434827723,0.017600386731858608,0.016166957,0.014791411,0.013469873364568086,0.012198545,0.010973875729827791,0.009792659,0.008651923,0.007549495,0.006484238,0.005457139,0.0044722,-0.00775993,-0.007380188,-0.0070136,-0.006657849,-0.006310456,-0.005968531,-0.005628995,-0.005288287,-0.00494244,-0.004587234,-0.004217992,-0.003830384,-0.003420708,-0.002987318,-0.002531937,-0.007779063,-0.007400623,-0.007035391,-0.006681044,-0.006335092,-0.005994633,-0.005656571,-0.005317321,-0.004972889,-0.004619017,-0.004250982,-0.0038644,-0.003455505,-0.003022573,-0.002567241,-0.007751457,-0.007369201,-0.006999556,-0.006640105,-0.006288262,-0.005941012,-0.005595153,-0.005246998,-0.004892473,-0.004527286,-0.004146766,-0.003746692,-0.003323621,-0.00287634,-0.002407115,0.022291269,0.020658067421558565,0.019095983495828618,0.017600387,0.016166957260266162,0.014791410609292685,0.013469873259963731,0.012198545,0.010973875961733118,0.009792659,0.008651923,0.007549494,0.006484238,0.005457139,0.0044722,0.00725167,0.007113248,0.006951578,0.006762655,0.006541948,0.006283901,0.005982405,0.005630258,0.00521938,0.004741195,0.004186335,0.003546269,0.002813819,0.001985968,0.001066813
-0.007184171,-0.006831167,-0.006489732,-0.006157666,-0.005832615,-0.005511827,-0.005192372,-0.004870866,-0.004543552,-0.004206454,-0.00385521,-0.003485837,-0.00309502,-0.002681456,-0.002247052,-0.00720237,-0.006850669,-0.006510616,-0.00618002,-0.005856528,-0.005537399,-0.005219712,-0.004900095,-0.004574813,-0.004239911,-0.00389106,-0.003524316,-0.003136413,-0.002726101,-0.002295336,-0.007186197,-0.00683398,-0.006493552,-0.006162768,-0.005839334,-0.005520572,-0.005203635,-0.004885227,-0.004561689,-0.004229126,-0.003883241,-0.00352007,-0.003136255,-0.002730369,-0.002304127,0.020336538,0.018858817573149066,0.017444809805830692,0.016090316556518002,0.014791410635468053,0.013544183060198823,0.012345083987311616,0.011190611304318029,0.010077470694269893,0.00900266,0.007963366,0.006957488,0.005983866,0.005043298,0.004139399,-0.007193443,-0.006842601,-0.006503761,-0.006174799,-0.005853446,-0.005537046,-0.005222771,-0.004907338,-0.004587089,-0.004258119,-0.003916094,-0.003556985,-0.00317733,-0.00277556,-0.002353223,-0.007211416,-0.006861794,-0.006524223,-0.006196576,-0.005876572,-0.005561546,-0.005248651,-0.004934585,-0.004615661,-0.004287942,-0.00394705,-0.003588906,-0.003209991,-0.002808665,-0.002386396,-0.007185754,-0.006832577,-0.006490893,-0.006158488,-0.00583299,-0.00551163,-0.005191463,-0.004869089,-0.004540751,-0.004202481,-0.003849948,-0.003479234,-0.003087128,-0.002672474,-0.002237344,0.020336537829354014,0.018858817589729817,0.017444809858010113,0.016090316,0.014791410609292685,0.013544183,0.012345084,0.011190611274321803,0.010077470907178088,0.00900266,0.007963366,0.006957487,0.005983866,0.005043298,0.004139399,0.006667537,0.006529708,0.006369732,0.006183895,0.005968012,0.005716982,0.005425236,0.005086264,0.004692838,0.004237392,0.003711823,0.003108997,0.0024233,0.00165323,0.000804005
-0.006639262,-0.00631397,-0.00599919,-0.005692916,-0.005392997,-0.005096919,-0.004801999,-0.004505134,-0.004202877,-0.003891567,-0.003567185,-0.003226045,-0.002865071,-0.002483026,-0.002081635,-0.006656305,-0.006332229,-0.006018738,-0.005713833,-0.005415367,-0.005120834,-0.004827559,-0.004532452,-0.004232082,-0.00392281,-0.003600644,-0.003261938,-0.002903654,-0.002524607,-0.002126563,-0.006641886,-0.006317383,-0.006003598,-0.005698574,-0.005400216,-0.005106078,-0.00481355,-0.004519611,-0.004220896,-0.003913821,-0.003594417,-0.003259012,-0.00290448,-0.002529463,-0.002135497,0.018463591611826737,0.017133727,0.015860639739035422,0.014640540576201639,0.013469873286078049,0.012345084,0.011262928389251995,0.010220186963336526,0.009213806,0.008240976,0.007299029,0.00638593,0.005500488,0.004643304,0.003817606,-0.006648164,-0.006324905,-0.00601256,-0.005709195,-0.005412737,-0.005120759,-0.004830672,-0.004539467,-0.004243783,-0.003940024,-0.003624189,-0.003292547,-0.002941872,-0.00257067,-0.002180316,-0.006664997,-0.006342877,-0.006031717,-0.005729579,-0.005434379,-0.005143683,-0.004854884,-0.004564954,-0.004270507,-0.003967916,-0.003653141,-0.003322405,-0.002972428,-0.002601653,-0.002211384,-0.006641176,-0.006315752,-0.006000768,-0.005694206,-0.005393898,-0.005097311,-0.004801749,-0.004504094,-0.004200893,-0.003888495,-0.003562905,-0.0032205,-0.002858296,-0.002475194,-0.002073076,0.018463591388667894,0.017133726798553822,0.01586064,0.014640540434429587,0.013469873259963731,0.012345084,0.011262928305217875,0.010220187,0.009213806,0.008240976,0.007299029,0.00638593,0.005500488,0.004643304,0.003817606,0.00609258,0.005955595,0.005797527,0.00561494,0.005403983,0.005159995,0.00487793,0.004551943,0.004175631,0.003742406,0.003245392,0.002678812,0.002038579,0.001324686,0.000543464
-0.006112023,-0.00581335,-0.005524188,-0.00524272,-0.004966991,-0.004694714,-0.004423449,-0.004150364,-0.003872311,-0.003585942,-0.003287569,-0.002973802,-0.002641795,-0.002290377,-0.001921092,-0.006127927,-0.005830382,-0.005542419,-0.005262221,-0.00498784,-0.004716996,-0.004447254,-0.004175797,-0.00389949,-0.003615004,-0.003318677,-0.003007153,-0.002677622,-0.002328956,-0.001962739,-0.006115147,-0.005817257,-0.005529071,-0.005248815,-0.004974585,-0.004704157,-0.004435152,-0.004164817,-0.003890074,-0.003607641,-0.003313873,-0.003005387,-0.002679282,-0.002334269,-0.001971707,0.016667224487990913,0.015477977,0.014339016880742466,0.013246940946774081,0.012198545,0.011190611,0.010220187009064425,0.009284321,0.008380187,0.007505161,0.006656712,0.005832866,0.005032391,0.004255693,0.003505607,-0.006120522,-0.005823752,-0.005536866,-0.005258111,-0.004985606,-0.004717143,-0.004450366,-0.004182531,-0.003910566,-0.003631178,-0.003340695,-0.003035675,-0.002713127,-0.002371629,-0.002012387,-0.006136231,-0.005840519,-0.005554734,-0.005277118,-0.005005782,-0.004738509,-0.004472929,-0.004206278,-0.003935462,-0.003657162,-0.003367665,-0.003063492,-0.002741601,-0.002400514,-0.002041374,-0.00611418,-0.005815407,-0.005526081,-0.005244368,-0.0049683,-0.004695573,-0.004423729,-0.004149925,-0.003871006,-0.00358363,-0.003284134,-0.002969181,-0.002636012,-0.002283586,-0.001913593,0.016667224,0.015477976913723747,0.014339016917628384,0.013246941,0.012198545,0.011190611274321803,0.010220187,0.009284321,0.008380188,0.007505161,0.006656712,0.005832866,0.005032391,0.004255693,0.003505607,0.005527141,0.005391449,0.005235723,0.005056796,0.004851141,0.004614524,0.004342403,0.004029575,0.003670438,0.003259341,0.002790597,0.002259736,0.001664148,0.001005272,0.000290528
-0.005598717,-0.005325795,-0.005061438,-0.004804005,-0.004551733,-0.004302558,-0.004054269,-0.003804305,-0.003549806,-0.003287732,-0.003014719,-0.002727669,-0.002423961,-0.00210249,-0.001764614,-0.005613492,-0.005341613,-0.005078362,-0.004822102,-0.004571074,-0.00432322,-0.004076337,-0.003827871,-0.00357498,-0.003314636,-0.003043503,-0.00275851,-0.00245707,-0.002138114,-0.001803036,-0.005602246,-0.005330094,-0.005066685,-0.004810419,-0.004559578,-0.004312152,-0.004065989,-0.003818592,-0.00356717,-0.003308734,-0.003039959,-0.002757745,-0.002459417,-0.002143751,-0.001811933,0.014942677305306528,0.013887144022237057,0.012875829506265953,0.011905696820427409,0.010973875988788713,0.010077470893908088,0.009213806,0.008380188,0.007574011,0.006792828,0.006034243,0.005296337,0.004577842,0.003878965,0.003202145,-0.005606768,-0.005335615,-0.00507337,-0.004818453,-0.004569165,-0.004323515,-0.004079369,-0.003834243,-0.003585347,-0.003329688,-0.003063913,-0.002784869,-0.002489796,-0.002177344,-0.001848549,-0.005621363,-0.005351187,-0.00508996,-0.004836095,-0.004587887,-0.004343336,-0.004100295,-0.003856263,-0.003608431,-0.003353777,-0.003088917,-0.002810661,-0.002516204,-0.002204146,-0.001875467,-0.005601045,-0.005328051,-0.005063561,-0.004805922,-0.004553357,-0.004303783,-0.004054977,-0.003804361,-0.003549073,-0.003286075,-0.003012027,-0.002723877,-0.002419088,-0.002096674,-0.001758132,0.014942677127606808,0.013887144040835117,0.012875829536644429,0.011905696700795335,0.010973875961733118,0.010077470907178088,0.009213806,0.008380188,0.007574011,0.006792828,0.006034243,0.005296337,0.004577842,0.003878965,0.003202145,0.004971784,0.004838084,0.004685409,0.004510859,0.004311222,0.004082681,0.00382118,0.003522139,0.003180724,0.002792188,0.002351977,0.00185687,0.001305659,0.000701156,5.1795363236621447e-05
-0.005095518,-0.004847706,-0.004607558,-0.004373605,-0.004144271,-0.003917704,-0.003691922,-0.003464622,-0.003233233,-0.002995012,-0.002746919,-0.002486141,-0.002210281,-0.001918293,-0.001611352,-0.005109168,-0.004862314,-0.00462318,-0.004390304,-0.00416211,-0.003936754,-0.003712258,-0.003486329,-0.00325641,-0.003019771,-0.002773394,-0.00251449,-0.002240693,-0.001950991,-0.001646586,-0.005099359,-0.004852296,-0.004613061,-0.004380222,-0.004152241,-0.003927316,-0.003703517,-0.0034786,-0.003250049,-0.003015168,-0.002770948,-0.00251457,-0.002243583,-0.001956827,-0.001655313,0.013285751094457274,0.012357306667332143,0.011467412555015936,0.010613380413755678,0.009792659,0.00900266,0.008240976,0.007505162,0.006792828,0.006101703,0.005429523,0.004774432,0.004135125,0.003511615,0.002905946,-0.005103059,-0.004856878,-0.004618673,-0.004387032,-0.004160435,-0.003937097,-0.003715106,-0.003492228,-0.003265952,-0.003033577,-0.002792069,-0.002538559,-0.002270516,-0.001986663,-0.001687866,-0.005116544,-0.00487126,-0.004633989,-0.004403314,-0.004177708,-0.003955379,-0.003734402,-0.003512528,-0.003287229,-0.003055779,-0.002815113,-0.002562332,-0.002294865,-0.002011389,-0.001712722,-0.005097962,-0.004850102,-0.00460985,-0.004375728,-0.004146142,-0.003919226,-0.003692984,-0.003465102,-0.003233002,-0.002993945,-0.002744911,-0.002483131,-0.002206284,-0.001913437,-0.001605897,0.013285750937795271,0.012357306686027943,0.011467413,0.01061338,0.009792659,0.00900266,0.008240976,0.007505161,0.006792828,0.006101703,0.005429523,0.004774432,0.004135125,0.003511615,0.002905946,0.004427311,0.004296601,0.004148023,0.003978938,0.003786448,0.00356714,0.003317436,0.003033355,0.002710797,0.002345878,0.001935113,0.001476452,0.000969988,0.000419782,-0.000164826
-0.004598274,-0.004375168,-0.004158865,-0.003948066,-0.003741371,-0.003537139,-0.003333611,-0.003128739,-0.002920234,-0.002705647,-0.002482259,-0.002247537,-0.001999309,-0.001736584,-0.00146035,-0.004610798,-0.004388564,-0.004173184,-0.003963364,-0.003757706,-0.003554574,-0.003352214,-0.003148587,-0.002941414,-0.002728261,-0.002506424,-0.002273397,-0.00202703,-0.001766364,-0.001492409,-0.00460234,-0.004379954,-0.00416452,-0.003954771,-0.003749344,-0.00354664,-0.003344944,-0.003142262,-0.002936351,-0.002724804,-0.002504924,-0.002274173,-0.002030324,-0.001772281,-0.001500878,0.011692685643266316,0.010884930027419939,0.010110436652905671,0.00936685,0.008651923,0.007963366,0.007299029,0.006656712,0.006034243,0.005429523,0.004840433,0.004265183,0.003702443,0.003152041,0.002615631,-0.004605229,-0.004383606,-0.004169069,-0.003960366,-0.003756151,-0.003554844,-0.003354743,-0.003153864,-0.002949971,-0.00274065,-0.002523183,-0.002294986,-0.002053756,-0.001798289,-0.00152928,-0.004617603,-0.004396797,-0.004183109,-0.003975286,-0.003771974,-0.003571584,-0.003372406,-0.003172442,-0.002969438,-0.002760962,-0.002544266,-0.002316739,-0.002076044,-0.001820936,-0.001552069,-0.004600806,-0.004377674,-0.004161296,-0.00395036,-0.003743455,-0.003538926,-0.003335,-0.003129618,-0.002920485,-0.002705157,-0.002480932,-0.00224532,-0.001996217,-0.00173274,-0.001455998,0.011692686,0.010884930045889682,0.010110436672452278,0.00936685,0.008651923,0.007963366,0.007299029,0.006656712,0.006034243,0.005429523,0.004840433,0.004265183,0.003702443,0.003152041,0.002615631,0.003894937,0.003768613,0.003625618,0.003463576,0.003279902,0.003071582,0.002835501,0.002568259,0.002266456,0.001927015,0.00154744,0.001126746,0.000666184,0.000170895,-0.00034907
-0.004103099,-0.00390451,-0.003711899,-0.00352413,-0.003339981,-0.003158014,-0.002976688,-0.002794208,-0.002608562,-0.002417595,-0.002218903,-0.002010236,-0.001789642,-0.001556187,-0.001310664,-0.004114489,-0.003916686,-0.003724907,-0.003538019,-0.003354803,-0.003173825,-0.002993549,-0.002812186,-0.002627735,-0.002438052,-0.002240748,-0.002033596,-0.001814662,-0.001583039,-0.00133954,-0.004107309,-0.003909402,-0.003717607,-0.003530817,-0.003347841,-0.003167277,-0.002987625,-0.002807133,-0.002623832,-0.0024356,-0.002240053,-0.002034933,-0.001818237,-0.001588936,-0.001347683,0.010160875847511436,0.00946754,0.008802542,0.008163844,0.007549494,0.006957487,0.00638593,0.005832866,0.005296337,0.004774432,0.004265183,0.003766884,0.003278199,0.002798786,0.002329913,-0.004109373,-0.003912109,-0.003721073,-0.003535174,-0.003353234,-0.003173869,-0.00299559,-0.002816657,-0.002635103,-0.002448803,-0.002255352,-0.002052451,-0.001838029,-0.001610952,-0.001371745,-0.004120628,-0.003924101,-0.003733832,-0.003548725,-0.003367598,-0.00318906,-0.003011614,-0.002833505,-0.002652754,-0.002467217,-0.002274466,-0.002072176,-0.001858246,-0.001631509,-0.001392455,-0.004105719,-0.003907127,-0.00371447,-0.003526602,-0.003342289,-0.00316008,-0.002978424,-0.002795514,-0.002609334,-0.002417732,-0.002218323,-0.002008895,-0.00178756,-0.001553483,-0.001307572,0.010160875729726862,0.00946754,0.008802542,0.008163844,0.007549494,0.006957487,0.00638593,0.005832866,0.005296337,0.004774432,0.004265183,0.003766884,0.003278199,0.002798786,0.002329913,0.003376421,0.003256349,0.003120939,0.00296809,0.00279553,0.002600642,0.002380765,0.002133055,0.001854771,0.001543578,0.001197873,0.000817589,0.000404946,-3.41E-05,-0.000488999
-0.003606425,-0.003432357,-0.003263474,-0.003098801,-0.002937287,-0.002777696,-0.002618701,-0.002458757,-0.002296128,-0.002128948,-0.00195513,-0.001772707,-0.001579946,-0.00137597,-0.001161375,-0.003616672,-0.003443303,-0.00327516,-0.00311127,-0.002950584,-0.00279187,-0.002633805,-0.00247485,-0.002313277,-0.00214723,-0.001974636,-0.001793544,-0.00160224,-0.001399867,-0.001187039,-0.003610712,-0.00343728,-0.003269153,-0.003105379,-0.002944933,-0.002786612,-0.002629124,-0.00247096,-0.002310419,-0.002145665,-0.001974628,-0.001795331,-0.001605999,-0.00140567,-0.001194819,0.008689176,0.008104014,0.007542615,0.007003246,0.006484238,0.005983866,0.005500488,0.005032391,0.004577842,0.004135125,0.003702443,0.003278199,0.002861077,0.002450588,0.002047637,-0.003611908,-0.003438993,-0.003271481,-0.003108433,-0.002948839,-0.002791507,-0.002635158,-0.00247829,-0.002319208,-0.00215607,-0.001986787,-0.001809347,-0.00162191,-0.001423422,-0.001214234,-0.003622036,-0.003449778,-0.003282948,-0.003120606,-0.002961735,-0.002805139,-0.002649531,-0.002493397,-0.00233503,-0.002172574,-0.002003919,-0.00182703,-0.001640043,-0.001441875,-0.001232847,-0.003609173,-0.00343513,-0.003266237,-0.003101508,-0.002939882,-0.002780114,-0.002620867,-0.002460586,-0.002297531,-0.002129841,-0.001955446,-0.001772413,-0.001579069,-0.001374627,-0.001159791,0.008689176,0.008104014,0.007542615,0.007003246,0.006484238,0.005983866,0.005500488,0.005032391,0.004577842,0.004135125,0.003702443,0.003278199,0.002861077,0.002450588,0.002047637,0.002874562,0.002763174,0.002637982,0.002497162,0.002338765,0.002160572,0.001960365,0.001735832,0.001484841,0.001205723,0.000897628,0.000561236,0.000199476,-0.000181173,-0.000570148
-0.003105945,-0.00295653,-0.002811537,-0.002670146,-0.002531476,-0.00239449,-0.002258073,-0.002120925,-0.001981582,-0.001838469,-0.001689814,-0.001533931,-0.001369311,-0.001195137,-0.001011809,-0.003115041,-0.002966239,-0.002821892,-0.002681185,-0.002543238,-0.002407016,-0.002271408,-0.002135118,-0.001996691,-0.001854558,-0.001706959,-0.001552222,-0.001388853,-0.00121605,-0.001034227,-0.003110265,-0.002961434,-0.002817129,-0.002676549,-0.002538837,-0.002402981,-0.002267895,-0.002132311,-0.001994795,-0.001853796,-0.001707556,-0.001554384,-0.001392736,-0.001221724,-0.001041644,0.007279245,0.006795854,0.006331994,0.005886221,0.005457139,0.005043298,0.004643304,0.004255693,0.003878965,0.003511615,0.003152041,0.002798786,0.002450588,0.002106854,0.001768149,-0.003110515,-0.002962066,-0.002818222,-0.002678193,-0.002541133,-0.00240604,-0.00227184,-0.002137269,-0.002000898,-0.00186117,-0.00171631,-0.001564594,-0.001404424,-0.001234824,-0.001055984,-0.003119509,-0.002971637,-0.002828391,-0.002688981,-0.002552554,-0.002418107,-0.002284555,-0.002150629,-0.002014885,-0.001875757,-0.001731452,-0.001580228,-0.001420463,-0.001251162,-0.001072486,-0.003108906,-0.002959554,-0.002814594,-0.002673202,-0.002534487,-0.002397403,-0.002260827,-0.002123452,-0.001983812,-0.001840336,-0.001691267,-0.001534951,-0.001369935,-0.001195481,-0.001012085,0.007279245,0.006795854,0.006331994,0.005886221,0.005457139,0.005043298,0.004643304,0.004255693,0.003878965,0.003511615,0.003152041,0.002798786,0.002450588,0.002106854,0.001768149,0.002393961,0.002294318,0.002182652,0.002057435,0.001917048,0.001759671,0.00158352,0.001386783,0.001167878,0.000925702,0.000660003,0.000371971,6.492402157945821e-05,-0.00025458,-0.000576402
-0.002601578,-0.002476966,-0.002356041,-0.002238136,-0.002122536,-0.002008397,-0.001894813,-0.001780725,-0.001664938,-0.001546164,-0.001422941,-0.001293868,-0.001157663,-0.001013573,-0.000861813,-0.002609527,-0.002485441,-0.00236507,-0.002247751,-0.002132768,-0.00201928,-0.001906383,-0.001793023,-0.00167801,-0.001560061,-0.001437725,-0.001309609,-0.001174444,-0.00103149,-0.000880968,-0.002605917,-0.002481835,-0.002361526,-0.002244341,-0.002129583,-0.002016429,-0.001903998,-0.001791256,-0.001677033,-0.00156006,-0.00143889,-0.001312119,-0.001178438,-0.001037042,-0.000888062,0.005936608,0.005548208,0.005175445,0.004817154,0.0044722,0.004139399,0.003817606,0.003505607,0.003202145,0.002905946,0.002615631,0.002329913,0.002047637,0.001768149,0.001491725,-0.00260511,-0.002481262,-0.002361246,-0.002244421,-0.002130098,-0.002017463,-0.00190564,-0.001793601,-0.001680177,-0.001564095,-0.001443892,-0.001318134,-0.001185465,-0.001045005,-0.000896789,-0.002612976,-0.002489625,-0.002370124,-0.002253832,-0.002140054,-0.002027973,-0.001916709,-0.001805224,-0.001692343,-0.00157678,-0.00145706,-0.001331733,-0.001199427,-0.001059242,-0.000911194,-0.002604885,-0.002480385,-0.002359553,-0.002241717,-0.002126154,-0.002012015,-0.001898386,-0.001784204,-0.001668273,-0.001549307,-0.001425862,-0.001296562,-0.001160175,-0.001016018,-0.000864387,0.005936608,0.005548208,0.005175445,0.004817153,0.0044722,0.004139399,0.003817606,0.003505607,0.003202145,0.002905946,0.002615631,0.002329913,0.002047637,0.001768149,0.001491725,0.001941549,0.001857268,0.001763035,0.00165763,0.001539771,0.001408041,0.001261073,0.001097519,0.000916275,0.000716688,0.000498909,0.000264367,1.6386323405743048e-05,-0.000238912,-0.00049241
0.00687822,0.006412226,0.005945977,0.005478726,0.005009874,0.004538948,0.004065714,0.003590214,0.00311294,0.002634922,0.002158207,0.001686126,0.001224147,0.000780878,0.000368598,0.006950205,0.006486723,0.006022917,0.005558009,0.005091372,0.004622494,0.004151101,0.003677187,0.003201186,0.002724056,0.002247738,0.001775426,0.001312373,0.000866856,0.000450654,0.006630977,0.006148373,0.005664448,0.005178342,0.004689297,0.004196616,0.003699759,0.003198336,0.002692215,0.002181573,0.001667157,0.001150518,0.00063448,0.00012375,-0.000374821,0.009678521,0.009058093,0.008446917,0.007844805,0.007251671,0.006667537,0.00609258,0.005527141,0.004971784,0.004427311,0.003894937,0.003376422,0.002874562,0.002393961,0.001941548,0.007060576,0.006619678,0.006181851,0.005746719,0.00531405,0.004883747,0.004455896,0.004030804,0.003609053,0.003191568,0.002779883,0.002376283,0.0019843,0.001609216,0.001258253,0.007129567,0.006690292,0.006253758,0.005819486,0.005387121,0.004956405,0.004527243,0.004099711,0.003674097,0.003251001,0.002831517,0.002417438,0.002011675,0.001618778,0.001245126,0.006481223,0.00598241,0.005480844,0.00497565,0.004466108,0.003951619,0.00343185,0.002906743,0.002376663,0.001842515,0.001306109,0.000770426,0.000240267,-0.000276934,-0.000770823,0.009678521,0.009058093,0.008446916,0.007844806,0.00725167,0.006667537,0.00609258,0.005527141,0.004971784,0.004427311,0.003894937,0.003376421,0.002874562,0.002393961,0.001941549,0.36075169943296276,0.3574403877265397,0.35364718881501217,0.34929697130604515,0.3443067621498123,0.33857887538873177,0.33200943576579167,0.32448052495694574,0.3158644018458961,0.30602923119365655,0.29483216854953326,0.28213840672981316,0.2678168030890409,0.2517544958052035,0.23386818074468482
0.007983452,0.007437971,0.006894104,0.006350899,0.005807567,0.005263454,0.004718186,0.004171699,0.003624448,0.003077508,0.00253309,0.001994816,0.001468613,0.00096377,0.000493482,0.008048409,0.007504824,0.006962732,0.006421147,0.005879249,0.005336345,0.004792021,0.004246169,0.003699193,0.003152108,0.002607038,0.002067498,0.001539243,0.001031286,0.000556398,0.00771899,0.007155521,0.006592515,0.006028903,0.00546374,0.004896153,0.004325466,0.003751192,0.003173173,0.002591643,0.002007528,0.001422688,0.000840421,0.000266117,-0.000292457,0.009537385,0.00891792,0.008307448,0.007705883,0.007113249,0.006529708,0.005955594,0.005391449,0.004838084,0.004296601,0.003768613,0.003256349,0.002763174,0.002294317,0.001857268,0.008170547,0.00765087,0.007136244,0.006626106,0.006120054,0.005617833,0.005119416,0.004625033,0.00413526,0.003651098,0.003174275,0.002707391,0.002254448,0.001821379,0.001416258,0.008232295,0.007713559,0.007199471,0.006689357,0.006182682,0.005679019,0.005178146,0.004680048,0.004184994,0.003693644,0.00320727,0.002727968,0.00225911,0.001805897,0.001375571,0.007563977,0.006983656,0.006402287,0.005818782,0.005232225,0.004641832,0.00404713,0.003447958,0.002844654,0.002238181,0.00163054,0.00102504,0.000426992,-0.000155424,-0.000710844,0.009537385,0.00891792,0.008307448,0.007705883,0.007113248,0.006529708,0.005955595,0.005391449,0.004838084,0.004296601,0.003768613,0.003256349,0.002763174,0.002294318,0.001857268,0.3574403877265397,0.35488406129436006,0.35187889004604705,0.34835030958429136,0.3442152872512524,0.3393750771046086,0.3337234267253486,0.32713807,0.3194840986998082,0.31061922292943417,0.30038448253475564,0.28862331496699667,0.2751742596797724,0.25988386426031806,0.2426191560077576
0.009156843,0.008527425,0.007901556,0.007278063,0.00665595,0.006034369,0.005412792,0.00479104,0.004169529,0.003549377,0.002932968,0.002324237,0.001729604,0.001159079,0.000626849,0.009214406,0.00858624,0.007961446,0.007338814,0.006717318,0.006096067,0.005474497,0.004852386,0.004230106,0.003608729,0.002990576,0.0023795,0.001781797,0.001207261,0.000669726,0.008874414,0.008225579,0.007579051,0.006933542,0.006287902,0.005641068,0.004992218,0.004340758,0.003686502,0.003029744,0.002371601,0.00171426,0.001061529,0.000419532,-0.000202984,0.009367892,0.008750798,0.008142344,0.007542554,0.006951578,0.006369732,0.005797526,0.005235723,0.004685409,0.004148023,0.003625618,0.003120939,0.002637982,0.002182652,0.001763035,0.009348953,0.008746088,0.008150326,0.007560902,0.006977229,0.006398884,0.005825714,0.005257865,0.004695904,0.004140914,0.003594828,0.003060582,0.002542682,0.002047761,0.001584804,0.009403078,0.008800439,0.008204425,0.007614148,0.007028881,0.006448014,0.005871186,0.005298285,0.004729556,0.004165722,0.003608246,0.003059545,0.002523484,0.002005963,0.00151515,0.008713914,0.008047551,0.007381903,0.006715652,0.006047672,0.005376981,0.004702948,0.004025304,0.003344352,0.00266112,0.001977808,0.001298072,0.000627772,-2.41E-05,-0.000645143,0.009367893,0.008750798,0.008142344,0.007542554,0.006951578,0.006369732,0.005797527,0.005235723,0.004685409,0.004148023,0.003625618,0.003120939,0.002637982,0.002182652,0.001763035,0.35364718881501217,0.35187889004604705,0.3496981932048623,0.34703138931377825,0.3437956573686498,0.3398914415001881,0.33521028720201096,0.32962565786192954,0.3229953707390577,0.3151663433152958,0.3059627614706263,0.29520511183548415,0.28269976152157056,0.26824999369522023,0.25166975450073015
0.010401992452263741,0.009683982,0.00897152,0.008263197,0.007557794,0.006854252,0.006151879,0.005450367,0.004750087,0.004052202,0.00335928,0.002675588,0.002008071,0.001367513,0.000769155,0.010451782544145593,0.009734347,0.009022227,0.008313972,0.007608331,0.006904202,0.006200855,0.005497945,0.004795807,0.004095572,0.003399766,0.002712607,0.002040961,0.00139546,0.000791073,0.010100853588871974,0.009361945,0.008627251,0.007895249,0.007164568,0.006433941,0.005702385,0.004969193,0.004234144,0.003497596,0.002760868,0.002026499,0.001298843,0.000584807,-0.000105809,0.009164746,0.008551777,0.007946984,0.007350514,0.006762656,0.006183896,0.005614939,0.005056796,0.004510858,0.003978938,0.003463576,0.00296809,0.002497162,0.002057435,0.00165763,0.010599377342854977,0.009908706,0.009227264,0.008554064,0.007888326,0.007229439,0.006577114,0.005931405,0.005292869,0.004662672,0.004042966,0.003437046,0.002849956,0.00228908,0.00176438,0.010645487329572968,0.009954293,0.009271768,0.008596799,0.007928446,0.007265905,0.006608664,0.005956503,0.005309639,0.004668862,0.004035835,0.003413322,0.002805711,0.002219653,0.001664304,0.009934656,0.009177512,0.008422906,0.007669272,0.006915258,0.006159664,0.005401693,0.004640955,0.003877715,0.003113063,0.002349411,0.001590789,0.000843637,0.000117784,-0.000573168,0.009164747,0.008551778,0.007946984,0.007350514,0.006762655,0.006183895,0.00561494,0.005056796,0.004510859,0.003978938,0.003463576,0.00296809,0.002497162,0.002057435,0.00165763,0.34929697130604515,0.34835030958429136,0.34703138931377825,0.3452676962743055,0.34297694729905026,0.3400590890145448,0.3364037023980772,0.33188012120803834,0.32633884573685795,0.3196157074385758,0.3115173321997396,0.3018400576904688,0.29035617610514947,0.2768229172643698,0.2609975464212563
0.011721720535866597,0.010910302946960668,0.010106502434169393,0.009308652,0.008515294,0.007725143,0.006937322,0.006151388,0.005367657,0.004587339,0.003813196,0.003049844,0.00230479,0.00158964,0.000920763,0.011763346,0.010951795768147784,0.010147570797937924,0.009348961,0.008554472,0.007762774,0.006972956,0.006184541,0.005397817,0.004613976,0.00383576,0.003067775,0.002317493,0.001596435,0.000920782,0.011401150103399213,0.010567304399415372,0.009739649,0.008916406,0.008095968,0.007276846,0.006457886,0.005638254,0.004817693,0.003996624,0.003176582,0.002360481,0.001553257,0.000762656,-3.93E-07,0.008921871,0.008315194,0.007716099,0.00712487,0.006541949,0.005968012,0.005403982,0.004851141,0.004311222,0.003786448,0.003279902,0.00279553,0.002338765,0.001917048,0.001539771,0.011924612517794227,0.011141358109345998,0.010369531,0.009607911,0.008855501,0.008111492,0.007375446,0.006647315,0.005927642,0.005217678,0.004519809,0.003837714,0.003177009,0.00254588,0.00195534,0.011962302906880913,0.011177740467897062,0.010403963318816305,0.009639612,0.008883522,0.008134675,0.007392396,0.006656346,0.005926713,0.005204351,0.004491139,0.003790208,0.003106505,0.002447481,0.001823353,0.011229070802901833,0.010376254908018977,0.009527861,0.008682058,0.007837246,0.006991995,0.006145325,0.005296711,0.004446376,0.003595473,0.002746637,0.001904292,0.001075498,0.00027099,-0.000494393,0.008921871,0.008315194,0.007716099,0.00712487,0.006541948,0.005968012,0.005403983,0.004851141,0.004311222,0.003786448,0.003279902,0.00279553,0.002338765,0.001917048,0.001539771,0.3443067621498123,0.3442152872512524,0.3437956573686498,0.34297694729905026,0.3416777983243447,0.3397980423505916,0.33722560624640585,0.33382591465177225,0.32944218592914604,0.32389894565721006,0.31698461453447546,0.30847021645319683,0.29809206202205657,0.28555847406229695,0.27056630153989975
0.013117628233379924,0.012207917,0.011307959,0.010415812836960366,0.009529761,0.008648273,0.007770273,0.006895168,0.006023212,0.00515566,0.004295476,0.003447647,0.002620271,0.001825829,0.001081887,0.013150690917314457,0.012240109179489148,0.011338927237639837,0.010445156039347744,0.009557042,0.008673007,0.007791945,0.006913231,0.0060371,0.005164806,0.004299316,0.003445643,0.0026119,0.001810553,0.001059065,0.012776948063352547,0.011843234299841698,0.010917753575605904,0.009998454,0.009083475,0.008171088,0.007259952,0.006349097,0.005438222,0.004527814,0.003619636,0.002717,0.001825461,0.00095366,0.000113729,0.008631688,0.008034009,0.007443165,0.006859591,0.006283902,0.005716982,0.005159995,0.004614524,0.004082681,0.003567141,0.003071582,0.002600642,0.002160572,0.001759671,0.001408041,0.013326216238126335,0.012445523071695932,0.011578530312873859,0.010723765,0.009879997,0.009046204,0.008221784,0.007406576,0.006601106,0.005806712,0.005026026,0.004263134,0.003524262,0.002818452,0.002157837,0.013355076424168902,0.012472255,0.011602405936021918,0.010743905214199571,0.009895345,0.009055477,0.008223448,0.007398791,0.006581654,0.005772961,0.004974818,0.004190742,0.003426277,0.002689725,0.001992433,0.012598849919995709,0.011645407,0.010698332,0.009755509,0.008815074,0.007875345,0.006935145,0.005993801,0.005051484,0.004109412,0.003170453,0.002239445,0.001324104,0.000436131,-0.000408325,0.008631688,0.00803401,0.007443165,0.006859591,0.006283901,0.005716982,0.005159995,0.004614524,0.004082681,0.00356714,0.003071582,0.002600642,0.002160572,0.001759671,0.001408041,0.33857887538873177,0.3393750771046086,0.3398914415001881,0.3400590890145448,0.3397980423505916,0.3390084860101259,0.3375770940436959,0.3353657059260932,0.3322104038424766,0.3279242988129144,0.3222770741299528,0.3150133687538829,0.30583167414549756,0.2943885703942592,0.28031670201597986
0.014589108006788443,0.013576286,0.012575422911233291,0.011584279658973904,0.010600863213202768,0.009623375,0.008650527,0.007681559,0.006716653,0.005757108,0.004806094,0.003868989,0.00295451,0.002076059,0.00125247,0.014613212140497945,0.013598751086887954,0.012595830695969569,0.011602163206138253,0.010615715905464661,0.009634643,0.008657624,0.007683876,0.006713569,0.005748017,0.004790419,0.003846213,0.002924189,0.002037804,0.001205878,0.014227710060084239,0.013189272641830693,0.012161179,0.011141083209761902,0.010126854,0.009116506,0.008108495,0.007101703,0.006095776,0.005091269,0.004090185,0.003096253,0.002115684,0.001158069,0.000236822,0.008285708,0.007700365,0.00712093,0.006548009,0.005982405,0.005425236,0.00487793,0.004342403,0.00382118,0.003317436,0.002835501,0.002380765,0.001960366,0.00158352,0.001261073,0.014803519815168857,0.013820595,0.012853717576637294,0.011901142245146053,0.010961391,0.010033207006924103,0.00911581,0.008208919,0.00731303,0.006429575,0.005561441,0.004713143,0.003891553,0.003106622,0.002371676,0.014823141056311705,0.013837234047397003,0.012866555,0.011909199224852842,0.010963496,0.010027948634589065,0.009101512,0.008183575,0.007274241,0.006374507,0.00548671,0.004614777,0.003764882,0.002946228,0.002171365,0.014043522,0.012984578540858185,0.011934012327416768,0.010889403328796702,0.009848602,0.008809657,0.007771174,0.00673232,0.005693204,0.004655107,0.003621136,0.002596566,0.001589802,0.00061356,-0.000314621,0.008285708,0.007700365,0.00712093,0.006548009,0.005982405,0.005425236,0.00487793,0.004342403,0.00382118,0.003317436,0.002835501,0.002380765,0.001960365,0.00158352,0.001261073,0.33200943576579167,0.3337234267253486,0.33521028720201096,0.3364037023980772,0.33722560624640585,0.3375770940436959,0.33734409033871643,0.336385295,0.3345299399886527,0.33157976335223904,0.327285351,0.3213640564026477,0.3134748838219857,0.3032199781835371,0.2901640770751502
0.016132294,0.015011828554484893,0.013905592233119865,0.012811032225489136,0.011725857857659745,0.010647984207305802,0.009575891,0.008508636,0.007446318,0.006390272,0.005343878,0.004312916,0.003306749,0.002339741,0.001432055,0.016147055384132483,0.015024152068202522,0.013914995089902847,0.012816977946379983,0.011727768634805612,0.010645233574874655,0.009567823,0.008494574,0.007425587,0.006362225,0.005307927,0.004268569,0.00325364,0.002277637,0.001360802,0.015749681,0.014601955963305378,0.013466751931603484,0.012341412,0.011223515041097136,0.010110797846691725,0.009001499,0.007894338,0.006788901,0.005685808,0.004587308,0.00349757,0.002423491,0.001375663,0.000368854,0.007873704,0.007304833,0.006740736,0.006182207,0.005630259,0.005086264,0.004551942,0.004029575,0.003522139,0.003033355,0.002568259,0.002133055,0.001735833,0.001386783,0.001097519,0.016352568913752544,0.015262892378876245,0.014191680913352158,0.013136899195834082,0.012096801953667267,0.011069880958194687,0.010055164,0.009052231,0.008061548,0.007084636,0.006124647,0.005186543,0.004277874,0.003409549,0.002596155,0.016362555033899693,0.015269008915573404,0.014193015480166162,0.013132367895996986,0.012085114813439055,0.011049494,0.010024250363055518,0.009008617,0.008002644,0.007007394,0.006025448,0.005061159,0.004121359,0.003216199,0.002359498,0.015559431590610245,0.014390415,0.01323185,0.012080989,0.010935380380183482,0.00979278,0.008651561,0.007510711,0.006370269,0.005231572,0.004097972,0.002975192,0.001872356,0.000803243,-0.000213145,0.007873704,0.007304833,0.006740736,0.006182207,0.005630258,0.005086264,0.004551943,0.004029575,0.003522139,0.003033355,0.002568259,0.002133055,0.001735832,0.001386783,0.001097519,0.32448052495694574,0.32713807,0.32962565786192954,0.33188012120803834,0.33382591465177225,0.3353657059260932,0.336385295,0.3367408425850299,0.33625519883708926,0.3347189882448651,0.3318636038428983,0.32737849920880624,0.3208818492697872,0.3119190024836294,0.2999833784096506
0.017738013,0.016505996533402057,0.015290543475246287,0.014088767,0.012898058824232167,0.011716029267096095,0.010540906284140025,0.009371549,0.008207958,0.007051495,0.005905749,0.004776902,0.003674981,0.00261534,0.001619521,0.017743075801794638,0.016507797111969702,0.015288531523157988,0.014082334706295729,0.012886556302361062,0.011698755456393062,0.010517133331142722,0.009340533,0.008168966,0.00700384,0.005848829,0.004710254,0.003598321,0.002528594,0.001522791,0.017333854696937667,0.016072917,0.014826742335001798,0.013592344186221718,0.012366991759711824,0.011148129404001991,0.009933761,0.008722428,0.007513647,0.0063081,0.005108283,0.003918817,0.00274731,0.001605399,0.000509271,0.007383873,0.006836589,0.006292704,0.00575322,0.00521938,0.004692838,0.004175631,0.003670438,0.003180724,0.002710797,0.002266456,0.001854771,0.001484841,0.001167878,0.000916275,0.017964065247767183,0.016763728,0.015584339616961103,0.014423555959498202,0.013279347363534238,0.012149936468311964,0.011034142299721687,0.009931395,0.008842118,0.007767917,0.006712214,0.005680432,0.004680823,0.003725292,0.002829752,0.017964050675136345,0.016758927334390394,0.015573744,0.014405973821485047,0.013253367046978623,0.012113877156656556,0.010986022,0.009868864,0.008762391,0.007667725,0.006587693,0.005527084,0.004493412,0.003497811,0.002555428,0.017137713312058166,0.015854706,0.014584284335191386,0.013323357974431115,0.012069150325898337,0.010819106037680912,0.009571347,0.008324665,0.007079013,0.005835777,0.004598548,0.003373509,0.002170518,0.001004454,-0.000104163,0.007383874,0.006836589,0.006292704,0.00575322,0.00521938,0.004692838,0.004175631,0.003670438,0.003180724,0.002710797,0.002266456,0.001854771,0.001484841,0.001167878,0.000916275,0.3158644018458961,0.3194840986998082,0.3229953707390577,0.32633884573685795,0.32944218592914604,0.3322104038424766,0.3345299399886527,0.33625519883708926,0.3372033637050575,0.33715449764133887,0.33582109573039015,0.3328645538583558,0.32786142429782933,0.32029851724805214,0.3095951385802092
0.019390441881500804,0.018044022807896614,0.016716556711685895,0.015404804892791224,0.014105827204075737,0.012816907856457659,0.011536006283015477,0.010261763926775686,0.008994066,0.007734288,0.006486212,0.005256421,0.004055602,0.002900113,0.001812901,0.019385501324259976,0.018034974,0.016702780984144974,0.015385622305900437,0.014080512483614381,0.012784684863355105,0.011496073527879087,0.010213308456155057,0.008936297,0.007666477,0.006407745,0.005166861,0.003954749,0.002788055,0.001690003,0.018964642929117106,0.01758764,0.016227698,0.014881487396066628,0.013545952,0.012218226,0.010896063750282875,0.009577813,0.00826291,0.006952086,0.005648084,0.004355978,0.003084103,0.001845165,0.00065682,0.006803289,0.006283845,0.005766149,0.005251434,0.004741195,0.004237392,0.003742405,0.003259341,0.002792188,0.002345878,0.001927014,0.001543578,0.001205723,0.000925702,0.000716688,0.019622021954341724,0.018308150674070534,0.017017766696513746,0.015748202455879934,0.014497128,0.013262480063345315,0.012042854295482259,0.010837515626794853,0.009646833,0.008472488,0.00731817,0.006189766,0.005096243,0.004050531,0.00306991,0.019611694811212235,0.018292096695719438,0.016994879,0.015717179287523298,0.014456433,0.013210291801021325,0.011977032,0.010755529571756347,0.009545695,0.008348703,0.007167618,0.006007668,0.004877058,0.003787931,0.002756803,0.018762969821050312,0.017363145689235162,0.015978098,0.014604375567433082,0.013238861260252529,0.011878669444021024,0.010521651942972946,0.009166387,0.007812723,0.006462081,0.005118283,0.003787963,0.002481718,0.001215544,1.1517852171974506e-05,0.006803289,0.006283845,0.005766149,0.005251434,0.004741195,0.004237392,0.003742406,0.003259341,0.002792188,0.002345878,0.001927015,0.001543578,0.001205723,0.000925702,0.000716688,0.30602923119365655,0.31061922292943417,0.3151663433152958,0.3196157074385758,0.32389894565721006,0.3279242988129144,0.33157976335223904,0.3347189882448651,0.33715449764133887,0.33865672933832636,0.33892010421164387,0.33757844809355114,0.3341667141523036,0.32811239664973574,0.31875890587986533
0.021062205663288806,0.019600334394420688,0.018159845429238604,0.016737136851000145,0.015328922311870788,0.013932146,0.012544482828718749,0.011164337253934828,0.009791459,0.008427215,0.007075559,0.005743449,0.004442209,0.003189184,0.002008724,0.021047052,0.019580213638448054,0.018134069,0.016704951890967747,0.015289528499080397,0.013884691064444125,0.012488090359332802,0.011098124947972092,0.009714577,0.008338893,0.006975168,0.005630578,0.004316742,0.00305137,0.00185919,0.020615029,0.019120932527193397,0.017646240738041715,0.016187265983944224,0.014740617950435781,0.013303106978048285,0.011872223928942986,0.010446109,0.009024102,0.007606971,0.006197688,0.004801772,0.003428276,0.002090981,0.000809037,0.006117166,0.005633222,0.005149064,0.004666178,0.004186335,0.003711823,0.003245392,0.002790597,0.002351977,0.001935113,0.00154744,0.001197873,0.000897629,0.000660003,0.000498909,0.021298830821744275,0.019870324,0.018467879204957682,0.017088494700903272,0.015729528,0.014388617414902095,0.013064120830113152,0.011755123,0.010461923821159992,0.009186267,0.007932094,0.006705744,0.005516895,0.004379504,0.003312244,0.021277978,0.019842789,0.018432457130857893,0.017043771686938172,0.015673842,0.014320003415556908,0.012980276779355713,0.011653337637697988,0.010339001104485336,0.009038479,0.007755059,0.006494393,0.005265369,0.004081136,0.002959595,0.020408461,0.018890848810943724,0.017390249747714154,0.015902839483224677,0.014425146949200593,0.012953941146024252,0.011486787405182075,0.010022030690570415,0.008559397,0.007100317,0.005648821,0.004211972,0.002801086,0.001433261,0.000132137,0.006117167,0.005633222,0.005149064,0.004666178,0.004186335,0.003711823,0.003245392,0.002790597,0.002351977,0.001935113,0.00154744,0.001197873,0.000897628,0.000660003,0.000498909,0.29483216854953326,0.30038448253475564,0.3059627614706263,0.3115173321997396,0.31698461453447546,0.3222770741299528,0.327285351,0.3318636038428983,0.33582109573039015,0.33892010421164387,0.3408385648203347,0.3411841926066494,0.3394516352222158,0.33500984970082115,0.3271262690397451
0.022713282,0.021137525708661616,0.019585596055455665,0.018053522914735432,0.016537667534187693,0.015034625276972831,0.013541772749008108,0.012057261,0.010580682054615787,0.009113362,0.007659387,0.006226046,0.004825247,0.003475265,0.002201808,0.022687856456781473,0.021106274631464902,0.019547760865415712,0.018008278424561774,0.016484138,0.014971882515161699,0.013468865996081941,0.011973238262267441,0.010484632866433198,0.009004473,0.007537013,0.006089798,0.004675089,0.003311603,0.002025524,0.022245485344835055,0.020635919,0.019048119294988935,0.017478040091949417,0.015921950675517774,0.014376330870902367,0.012838398803664606,0.011306074850073006,0.009778583,0.008256706,0.006743618,0.005245252,0.003771346,0.002336732,0.000962038,0.005311093,0.004871819,0.004430032,0.003987493,0.003546269,0.003108997,0.002678812,0.002259736,0.00185687,0.001476452,0.001126746,0.000817589,0.000561236,0.000371971,0.000264367,0.022954171569636927,0.021412505825865243,0.019899485,0.018411766193810193,0.016946390087980868,0.015500687794459487,0.01407277,0.012661527553118746,0.011267172113523707,0.009891488,0.008538641,0.007215393,0.005932099,0.004703719,0.003550302,0.022922739082322674,0.021373438,0.019851476486867827,0.018353293179867083,0.016875664116587044,0.015415602640446988,0.013970861686384287,0.012539901,0.011122424317142351,0.009719655,0.008335074,0.006974727,0.005648144,0.004369453,0.003157919,0.022035016,0.020401334568946404,0.018786928258692433,0.017187595,0.015599504234735518,0.014019069728617412,0.012443557590982812,0.010871062,0.00930116,0.007735265,0.006177573,0.004635529,0.003121117,0.001652487,0.000254801,0.005311094,0.004871819,0.004430032,0.003987493,0.003546269,0.003108997,0.002678812,0.002259736,0.00185687,0.001476452,0.001126746,0.000817589,0.000561236,0.000371971,0.000264367,0.28213840672981316,0.28862331496699667,0.29520511183548415,0.3018400576904688,0.30847021645319683,0.3150133687538829,0.3213640564026477,0.32737849920880624,0.3328645538583558,0.33757844809355114,0.3411841926066494,0.3432661252318261,0.34328159298002214,0.3405439523479512,0.3342470041781182
0.024284722,0.022600495480987807,0.020942511278635525,0.019306439,0.017688290591480145,0.016084313,0.014491580332769583,0.012907974630888693,0.011332901673461189,0.009767611,0.00821626,0.006686394,0.005190414,0.003747421,0.00238437,0.024249219267530608,0.022558329,0.020892855,0.019248397451787202,0.017620915,0.016006601046398998,0.014402507,0.012806518286219887,0.011218092842758673,0.009638591,0.008072364,0.006527251,0.005016056,0.003558399,0.002181805,0.023797793233933304,0.022078274234539334,0.020382865371710624,0.018707168,0.017047116277869298,0.015398863075508747,0.013759351,0.012126269094210034,0.010498707368149588,0.008877433,0.007265778,0.00567003,0.004100549,0.002573144,0.00110986,0.00437142,0.00398763,0.003598675,0.003206612,0.00281382,0.0024233,0.002038578,0.001664148,0.001305659,0.000969988,0.000666184,0.000404946,0.000199476,6.492395589547637e-05,1.638622472626649e-05,0.024528699636930364,0.022879147190264588,0.021260779037100823,0.019669918852427828,0.018103293,0.016557927744696218,0.015031680420270019,0.013523236988056282,0.012032700338180205,0.010561864068646887,0.00911507,0.007699449,0.006325966,0.005010517,0.003774464,0.024486894358979956,0.022828777845745413,0.021200444307651646,0.019597987045436437,0.018017853778625265,0.016456735323374855,0.014912113489727404,0.013382221,0.011866626484762203,0.010366534727638743,0.008885572,0.007430115,0.006010272,0.004641071,0.003343071,0.023584897,0.021840812845366896,0.020118256534914752,0.018412655594034735,0.016719824,0.015035819534798248,0.013357603704572731,0.011683004,0.010011421970736895,0.008344209,0.006685669,0.005043553,0.003430418,0.001865362,0.000374962,0.00437142,0.00398763,0.003598675,0.003206612,0.002813819,0.0024233,0.002038579,0.001664148,0.001305659,0.000969988,0.000666184,0.000404946,0.000199476,6.492402157945821e-05,1.6386323405743048e-05,0.2678168030890409,0.2751742596797724,0.28269976152157056,0.29035617610514947,0.29809206202205657,0.30583167414549756,0.3134748838219857,0.3208818492697872,0.32786142429782933,0.3341667141523036,0.3394516352222158,0.34328159298002214,0.34508198909103777,0.3441165521697743,0.33951129534302527
0.025693821085998512,0.023911942,0.022158626,0.020429202,0.018719354076282165,0.017024993866991783,0.015342894387263889,0.013670662789514227,0.012007490922632496,0.010354501231291969,0.008715841,0.007099205,0.005517346,0.003990026,0.002545268,0.025648844652341643,0.023859519799750355,0.022097868,0.020359147530703878,0.018638985262454826,0.016933236381822606,0.015238654448879679,0.013552851746367296,0.011875079646661698,0.010206583969733353,0.008551729,0.006918534,0.005320204,0.003777085,0.002317857,0.025190327602539073,0.023371852879484983,0.021579746,0.019809279449083388,0.018056075,0.016315972197309667,0.014585644926727653,0.012862549874217347,0.011145619834342355,0.009435568,0.007735816,0.006052923,0.004397758,0.002786987,0.001243941,0.003289054,0.002973065,0.00264892,0.002318987,0.001985968,0.00165323,0.001324685,0.001005272,0.000701156,0.000419782,0.000170895,-3.41E-05,-0.000181173,-0.00025458,-0.000238912,0.025939199190673196,0.024192368601961285,0.022479141,0.020795527160608132,0.019137957699176103,0.017503164094087944,0.015888757,0.014293209872357812,0.012716493,0.011160367228715776,0.009629284,0.008130653,0.006675944,0.005281865,0.003970977,0.025887653228063877,0.024131393,0.022407245937262826,0.020710980211654254,0.019038733712122873,0.017386888264559405,0.015752659,0.014134045272341994,0.012530457591816254,0.010943039114874554,0.009375492,0.007834436,0.006330441,0.004879309,0.003502764,0.024977093,0.023133819463727924,0.021314258962985236,0.019513491936997057,0.017726995565024984,0.015950487833755037,0.014180626134060218,0.012414962283648981,0.010652691738436658,0.008895053,0.00714637,0.00541459,0.003712697,0.002060568,0.000486012,0.003289055,0.002973065,0.00264892,0.002318987,0.001985968,0.00165323,0.001324686,0.001005272,0.000701156,0.000419782,0.000170895,-3.41E-05,-0.000181173,-0.00025458,-0.000238912,0.2517544958052035,0.25988386426031806,0.26824999369522023,0.2768229172643698,0.28555847406229695,0.2943885703942592,0.3032199781835371,0.3119190024836294,0.32029851724805214,0.32811239664973574,0.33500984970082115,0.3405439523479512,0.3441165521697743,0.3449517491053901,0.34211838528117927
0.026835620071151176,0.024973798370344635,0.023142661709389008,0.021337244616843665,0.019552939227295753,0.017785353,0.016030976,0.014287140870319397,0.012552798351106554,0.010828885919453215,0.009119438,0.007432156,0.005779956,0.004183031,0.002670199,0.026782381,0.024912436208474383,0.023072233126189116,0.021256729149303755,0.019461258278880088,0.017681369,0.015913533,0.014155086574921203,0.012405047137184993,0.010664484035257417,0.008937666,0.007232642,0.005562819,0.003949029,0.002420822,0.026319643759364766,0.024420206027869467,0.022549213616716725,0.020701655,0.018872876491891958,0.017058438768688244,0.015254767693673415,0.013459091,0.011670165678752589,0.009888602,0.008117826,0.006364545,0.004639986,0.002961487,0.001353461,0.002063981,0.001829058,0.001582711,0.001327622,0.001066814,0.000804005,0.000543464,0.000290528,5.179544074064693e-05,-0.000164826,-0.00034907,-0.000488999,-0.000570148,-0.000576402,-0.00049241,0.027080115206061135,0.025253423,0.023462519055290162,0.021703141209620153,0.019971457808770823,0.018263935268428632,0.016577951603905117,0.014911767580547193,0.013265197,0.011639914154821702,0.010040389969444435,0.008474193,0.006953142,0.005494583,0.004122081,0.027020086507209738,0.025183219322399426,0.023380573098194152,0.021607633744726042,0.019860264,0.018134566697543816,0.016427506842348547,0.014736850832522332,0.013061828036820771,0.011403467824331067,0.009765457,0.008154533,0.006581572,0.005062966,0.003621394,0.026108857291104445,0.024184683,0.022286253,0.020408344623331236,0.018546137364184284,0.016695039,0.014851421991750501,0.013012559426955983,0.011177410961197877,0.00934704,0.007525681,0.005721325,0.003947189,0.002223686,0.000579577,0.002063981,0.001829058,0.001582711,0.001327622,0.001066813,0.000804005,0.000543464,0.000290528,5.1795363236621447e-05,-0.000164826,-0.00034907,-0.000488999,-0.000570148,-0.000576402,-0.00049241,0.23386818074468482,0.2426191560077576,0.25166975450073015,0.2609975464212563,0.27056630153989975,0.28031670201597986,0.2901640770751502,0.2999833784096506,0.3095951385802092,0.31875890587986533,0.3271262690397451,0.3342470041781182,0.33951129534302527,0.34211838528117927,0.3410963910437213