1,0.999555137,0.998102052,0.995428446,0.991264118,0.985263566,0.976980915,0.965840159,0.951094225,0.931759181,0.906538877,0.873633201,0.830441594,0.772969299,0.694947166,0.999347944,0.998821117,0.997277372,0.994505348,0.990237554,0.984134568,0.975762512,0.964567891,0.949844532,0.930681372,0.905910824,0.87395687,0.832603769,0.778484891,0.706213003,0.998602103,0.997745948,0.9957303,0.992281167,0.987039801,0.979533146,0.969131822,0.954996261,0.936004505,0.910646755,0.876911318,0.832071156,0.772463688,0.693292894,0.589009639,-0.489267473,-0.493891778,-0.498962845,-0.504504356,-0.510529913,-0.517031068,-0.523974906,-0.531283421,-0.538817756,-0.546360345,-0.553565695,-0.559934541,-0.564713902,-0.56675192,-0.564168493,0.999894072,0.999398141,0.99787367,0.995101254,0.990801959,0.984620593,0.976102786,0.964670738,0.949594707,0.929952123,0.904602498,0.872085458,0.830483723,0.777084181,0.707820669,0.999232437,0.998651043,0.997031091,0.994153523,0.989741219,0.983443523,0.974815337,0.963296294,0.948187657,0.928619852,0.903540926,0.87163394,0.831206891,0.779875036,0.713953987,0.998705418,0.997861836,0.995854455,0.992404579,0.987145497,0.979590715,0.969087625,0.95475613,0.935402135,0.909385256,0.874458328,0.827477084,0.764080802,0.678454523,0.564017619,-0.489267472,-0.493891776,-0.498962843,-0.504504352,-0.510529913,-0.517031068,-0.523974908,-0.531283419,-0.538817755,-0.546360344,-0.553565694,-0.559934541,-0.564713903,-0.566751921,-0.564168492,0.095915375,0.112244181,0.12969267,0.148270562,0.167957482,0.188697613,0.21038199,0.232843763,0.255844095,0.279077114,0.302166182,0.324698875,0.346248871,0.366408797,0.384848187
0.999555137,1,0.999493534,0.997826527,0.994731484,0.989864633,0.982780436,0.972900601,0.959471759,0.941497934,0.917661247,0.886126456,0.844234842,0.787894561,0.71066726,0.998786496,0.999131479,0.998513399,0.996723379,0.993495904,0.988492371,0.981278133,0.971296061,0.957832105,0.939961383,0.916492858,0.885814294,0.845652855,0.792551339,0.720971117,0.998071622,0.998095422,0.997015337,0.994560029,0.990372731,0.983980861,0.974753232,0.961844321,0.944119679,0.920047097,0.887576219,0.843917942,0.785310935,0.706807812,0.602639967,-0.501952333,-0.506817422,-0.512133665,-0.51792535,-0.524206567,-0.530969198,-0.53818016,-0.545760621,-0.55356967,-0.561385981,-0.568857509,-0.575474673,-0.580468253,-0.582661032,-0.580131542,0.999451382,0.999845886,0.999268747,0.997503509,0.994273692,0.989225394,0.981903861,0.971727873,0.957959714,0.939662483,0.915671253,0.884488301,0.844139044,0.791823172,0.723336785,0.998673424,0.998964702,0.998271371,0.996376778,0.993005611,0.987807746,0.980336825,0.970028094,0.956173857,0.937889372,0.914097921,0.883446078,0.844187993,0.793860405,0.728659033,0.998199984,0.998242375,0.997178152,0.994731724,0.990538956,0.984114605,0.974805274,0.961726207,0.943672389,0.918982749,0.885372722,0.839635335,0.777305318,0.692399699,0.578085547,-0.501952332,-0.50681742,-0.512133663,-0.517925346,-0.524206567,-0.530969198,-0.538180162,-0.545760619,-0.553569669,-0.56138598,-0.568857509,-0.575474672,-0.580468254,-0.582661033,-0.580131542,0.096572938,0.112943707,0.130443382,0.149082549,0.16884152,0.189664963,0.21144395,0.234011134,0.257126373,0.280481573,0.303696607,0.326354419,0.348022752,0.368287095,0.386809259
0.998102052,0.999493534,1,0.999416644,0.99748018,0.993850185,0.988083247,0.979600625,0.967644441,0.951208353,0.928953822,0.899010932,0.858661764,0.803713721,0.727549805,0.997197011,0.998467482,0.998837584,0.998102129,0.99599892,0.992191604,0.986246303,0.977603768,0.965543449,0.949127781,0.92714267,0.897939297,0.859185813,0.807330221,0.736673872,0.996514787,0.997472701,0.997391363,0.996003349,0.992955291,0.987776588,0.979835855,0.968283147,0.951972786,0.929350901,0.898327894,0.85605017,0.79865174,0.721022542,0.617154881,-0.515809035,-0.520930067,-0.526506272,-0.532562535,-0.539113425,-0.546151181,-0.553642576,-0.561508001,-0.569604551,-0.577707195,-0.585457376,-0.592335179,-0.597555057,-0.599914178,-0.597449095,0.997997555,0.999338882,0.999774773,0.999092997,0.997020963,0.993207579,0.987199333,0.978413165,0.966104766,0.94932395,0.926881483,0.897241402,0.858369056,0.807371553,0.73989744,0.99708352,0.998300673,0.998595907,0.997756145,0.995509173,0.991506747,0.985302661,0.976329089,0.963870438,0.947027463,0.924698379,0.895491948,0.857605388,0.808491662,0.744218115,0.996673992,0.99765771,0.997601298,0.996233604,0.993194587,0.988001889,0.980003117,0.968310637,0.951710112,0.928520993,0.896421329,0.852139672,0.791100753,0.707141781,0.593155101,-0.515809034,-0.520930065,-0.52650627,-0.532562531,-0.539113426,-0.546151181,-0.553642577,-0.561507999,-0.56960455,-0.577707194,-0.585457376,-0.592335179,-0.597555058,-0.599914179,-0.597449094,0.096957526,0.113343621,0.130866494,0.149537659,0.169338235,0.190213562,0.212055026,0.234695151,0.257892966,0.281338712,0.304649386,0.327403896,0.349164543,0.369509978,0.388094304
0.995428446,0.997826527,0.999416644,1,0.999319344,0.997039623,0.992721808,0.985789084,0.975481478,0.960784661,0.940341264,0.912247981,0.873727481,0.820483464,0.745711033,0.994362878,0.996614869,0.998039211,0.998435852,0.997547554,0.995041987,0.990487983,0.983326156,0.972831334,0.958054977,0.937760883,0.91026386,0.873171638,0.822833603,0.753382537,0.99371533,0.995663917,0.996648113,0.996405927,0.994589113,0.990730924,0.984201808,0.974149422,0.959418651,0.938435265,0.909070335,0.868403718,0.81245888,0.735951094,0.632612038,-0.530918947,-0.536313065,-0.542166003,-0.548503231,-0.555339809,-0.562668367,-0.570455593,-0.578621203,-0.587020423,-0.595424676,-0.603469078,-0.610623573,-0.616086475,-0.618629475,-0.616247059,0.995319314,0.997666743,0.999185523,0.999669196,0.998850805,0.996383955,0.99181843,0.984571393,0.973893848,0.958823935,0.938148763,0.910293736,0.873161718,0.823761954,0.757585272,0.994245152,0.996443543,0.997792593,0.998084196,0.997050811,0.994347741,0.989530717,0.982030564,0.97112529,0.955902259,0.935234696,0.90769254,0.87141314,0.823760362,0.760664343,0.99391239,0.995895445,0.996915413,0.996707191,0.994916675,0.991066421,0.984507293,0.974351096,0.95937638,0.937884985,0.907518215,0.864938938,0.805456641,0.72271633,0.609310958,-0.530918946,-0.536313063,-0.542166001,-0.548503227,-0.555339809,-0.562668367,-0.570455595,-0.578621201,-0.587020422,-0.595424675,-0.603469077,-0.610623573,-0.616086476,-0.618629476,-0.616247058,0.097003668,0.113371725,0.130882596,0.149548783,0.169352335,0.190239478,0.212102234,0.234773454,0.258011929,0.281506942,0.304873422,0.327687028,0.349505316,0.369900556,0.388519245
0.991264118,0.994731484,0.99748018,0.999319344,1,0.999194965,0.996472436,0.991260605,0.982800615,0.970073495,0.951705904,0.925763639,0.889411025,0.838246367,0.765268373,0.990008495,0.993299824,0.995847577,0.997458574,0.997882534,0.996793346,0.993765006,0.988240552,0.979492748,0.966564542,0.948199368,0.922676732,0.887543401,0.839047131,0.77114413,0.989398037,0.992395686,0.994515376,0.995502373,0.995015651,0.992594631,0.987614165,0.979222152,0.966256535,0.9471248,0.919659339,0.88087206,0.826670298,0.751582274,0.649055622,-0.547348247,-0.553034646,-0.559183147,-0.565819811,-0.57296021,-0.580597441,-0.588698206,-0.597181712,-0.605901557,-0.614625919,-0.622984,-0.630436099,-0.636165012,-0.638917681,-0.636647258,0.991145169,0.994560417,0.997235823,0.998972558,0.999511425,0.998513065,0.995533147,0.989991733,0.98113774,0.968000005,0.949343392,0.923555038,0.888473565,0.841005517,0.776473822,0.989881447,0.993117969,0.995588875,0.997092714,0.997368522,0.996077208,0.992778687,0.986904682,0.97772887,0.964326948,0.945547797,0.919922046,0.885524619,0.839625152,0.778007664,0.989641462,0.99268401,0.994852492,0.995889786,0.995449966,0.99306301,0.988085875,0.979632813,0.966478257,0.946909213,0.918531799,0.877942881,0.820332038,0.739139422,0.626631725,-0.547348246,-0.553034644,-0.559183144,-0.565819807,-0.57296021,-0.580597441,-0.588698207,-0.59718171,-0.605901556,-0.614625918,-0.622984,-0.630436099,-0.636165013,-0.638917682,-0.636647257,0.096629748,0.112937776,0.130392193,0.149006525,0.168763889,0.189611631,0.211442803,0.234091131,0.257315907,0.280806357,0.304176382,0.326999444,0.348829294,0.369232494,0.387848145
0.985263566,0.989864633,0.993850185,0.997039623,0.999194965,1,0.999033731,0.995733325,0.989345334,0.978850767,0.962864675,0.939426216,0.905644471,0.857012844,0.786326968,0.983781433,0.988170462,0.991912732,0.994824024,0.99666343,0.997113771,0.995757289,0.992042762,0.985244333,0.974399944,0.958235558,0.934997781,0.902173314,0.855906814,0.789971361,0.983210901,0.987316565,0.990643688,0.992946968,0.993895141,0.993036648,0.989753984,0.983198731,0.972205316,0.955166097,0.929876558,0.893280399,0.841164127,0.767856676,0.666496762,-0.565121017,-0.571120843,-0.577585734,-0.584542364,-0.592006871,-0.599972937,-0.608407452,-0.617229396,-0.626291128,-0.635358122,-0.64405441,-0.651831611,-0.657858295,-0.660858302,-0.658745461,0.985127871,0.989674009,0.993582666,0.996664867,0.998671756,0.999273895,0.998036093,0.994384781,0.987570299,0.976615608,0.960265855,0.936871491,0.904206334,0.859070483,0.796609472,0.983638255,0.987969977,0.991632271,0.994432342,0.9961181,0.996358594,0.99472074,0.990640075,0.983388765,0.97203342,0.955400072,0.931980441,0.899785274,0.855985532,0.796210715,0.98351107,0.987674231,0.991065833,0.993439042,0.994458831,0.993665693,0.99042624,0.983861058,0.972744519,0.955352812,0.929259795,0.890997471,0.835632098,0.756386748,0.645173197,-0.565121017,-0.571120841,-0.577585731,-0.584542361,-0.592006871,-0.599972937,-0.608407453,-0.617229394,-0.626291128,-0.635358121,-0.64405441,-0.651831611,-0.657858296,-0.660858304,-0.658745461,0.095733397,0.111928348,0.129269967,0.147772837,0.167421272,0.188164014,0.209895601,0.232451304,0.25559184,0.27900751,0.302312528,0.325079528,0.34685972,0.367214883,0.385777066
0.976980915,0.982780436,0.988083247,0.992721808,0.996472436,0.999033731,1,0.998822491,0.994758856,0.986796439,0.973545103,0.953024171,0.922293608,0.876745862,0.808970121,0.975226943,0.98077084,0.985779038,0.990078767,0.993441414,0.995562072,0.996035089,0.994319262,0.989694702,0.981199255,0.967545921,0.946952738,0.916849485,0.873278798,0.809826798,0.974699486,0.979970905,0.984577685,0.988286553,0.990779067,0.991616207,0.990192165,0.985666663,0.976875266,0.962199824,0.939402321,0.905359769,0.855734806,0.78464586,0.684897044,-0.584206719,-0.590542678,-0.597346412,-0.604645259,-0.612456021,-0.620773164,-0.629564039,-0.63874784,-0.648176315,-0.657613106,-0.666678315,-0.674816542,-0.681184404,-0.684485644,-0.682598683,0.976819178,0.9825591,0.987779119,0.992302779,0.995894682,0.998238868,0.998913369,0.997355456,0.992821598,0.984333724,0.970621377,0.950001712,0.920185121,0.877863483,0.81799715,0.975058497,0.980540795,0.985463698,0.989645436,0.992845553,0.994744351,0.994919257,0.992813381,0.987701191,0.978643928,0.964447512,0.943566507,0.913947122,0.872658581,0.815168832,0.975069135,0.980413325,0.985103568,0.98890608,0.991500015,0.992440191,0.991107339,0.986633395,0.977798096,0.962872525,0.939403147,0.903860448,0.851186122,0.774375341,0.664955217,-0.584206718,-0.590542676,-0.597346409,-0.604645255,-0.612456021,-0.620773164,-0.62956404,-0.638747838,-0.648176314,-0.657613105,-0.666678315,-0.674816542,-0.681184405,-0.684485645,-0.682598683,0.094183793,0.110198421,0.127355638,0.145671075,0.165130387,0.185684011,0.207228521,0.229601549,0.252566378,0.275815814,0.298966089,0.321590774,0.343240191,0.36347258,0.381913437
0.965840159,0.972900601,0.979600625,0.985789084,0.991260605,0.995733325,0.998822491,1,0.998542131,0.993451262,0.983341402,0.966222547,0.939116284,0.89732358,0.833229667,0.963757474,0.970509121,0.976851824,0.982627204,0.987622453,0.991549032,0.994018206,0.994504279,0.992299439,0.986448241,0.975657541,0.958124016,0.931227176,0.890912957,0.83058157,0.963276295,0.969766798,0.975722489,0.980925182,0.985072922,0.987743528,0.988347953,0.9860598,0.979722045,0.96771266,0.947765939,0.916696536,0.870043174,0.80170511,0.704126843,-0.604467696,-0.611163166,-0.61832897,-0.625993212,-0.634173535,-0.642865487,-0.652037325,-0.661609128,-0.671433016,-0.681272173,-0.690744752,-0.699291036,-0.706059444,-0.709738671,-0.708178526,0.965639818,0.972633403,0.979241542,0.985303454,0.990600951,0.994835915,0.997604692,0.99836114,0.996374138,0.990671358,0.97997314,0.962569469,0.936111852,0.89718567,0.840561834,0.963551404,0.970234662,0.976483682,0.982130511,0.986949616,0.990636328,0.992782949,0.992844979,0.990104292,0.983622044,0.972188585,0.95422519,0.927615533,0.889326656,0.83466082,0.963731183,0.970313072,0.976375326,0.981700481,0.985985815,0.988805146,0.989558891,0.987396784,0.981111178,0.968976058,0.948518176,0.916153235,0.86670083,0.792920599,0.685925732,-0.604467696,-0.611163164,-0.618328967,-0.625993208,-0.634173535,-0.642865487,-0.652037326,-0.661609126,-0.671433015,-0.681272172,-0.690744752,-0.699291036,-0.706059445,-0.709738672,-0.708178526,0.091813482,0.107562293,0.124443863,0.142474837,0.161642342,0.18189885,0.203143623,0.225217647,0.247888176,0.270852306,0.293730441,0.316099331,0.337510533,0.357520351,0.375748398
0.951094225,0.959471759,0.967644441,0.975481478,0.982800615,0.989345334,0.994758856,0.998542131,1,0.998161714,0.991658852,0.978507933,0.955709817,0.918492073,0.859048211,0.948610749,0.956614091,0.964352212,0.971684577,0.978418354,0.984286348,0.988922705,0.991824238,0.992303286,0.989420458,0.981886545,0.967888268,0.944766894,0.908383727,0.851962339,0.948178456,0.955932126,0.963297949,0.970076395,0.975986344,0.980627657,0.983434321,0.983601165,0.979986947,0.970975122,0.954281555,0.926667158,0.883551684,0.818611573,0.723909905,-0.625602324,-0.632679602,-0.64022976,-0.648281843,-0.656854617,-0.665945182,-0.675523376,-0.685511192,-0.695762615,-0.706042497,-0.715970112,-0.724985677,-0.732235361,-0.736400906,-0.735314594,0.950838156,0.959137949,0.967205169,0.974898418,0.982021187,0.988298506,0.993351359,0.996657532,0.997506636,0.994941465,0.987682814,0.974003684,0.951506198,0.916676786,0.86409905,0.948350207,0.95627486,0.9639066,0.971094514,0.977631863,0.98323356,0.98751215,0.989941637,0.98981807,0.986209909,0.977899065,0.963280565,0.940181376,0.905470413,0.854285428,0.948738299,0.956606183,0.964106873,0.971043061,0.977134849,0.981980732,0.985007739,0.985391637,0.981947017,0.972961895,0.955954993,0.927299023,0.881699944,0.811680218,0.707913055,-0.625602324,-0.6326796,-0.640229756,-0.64828184,-0.656854617,-0.665945183,-0.675523377,-0.68551119,-0.695762614,-0.706042496,-0.715970112,-0.724985677,-0.732235362,-0.736400908,-0.735314595,0.088406854,0.103781051,0.120270655,0.137893232,0.156637505,0.176458359,0.197258517,0.218883513,0.241106297,0.263630466,0.286083258,0.30804742,0.329078387,0.348732543,0.366624409
0.931759181,0.941497934,0.951208353,0.960784661,0.970073495,0.978850767,0.986796439,0.993451262,0.998161714,1,0.997634376,0.989111377,0.971438971,0.939802486,0.886231435,0.928782522,0.938065916,0.947245771,0.956203398,0.964770866,0.972708333,0.979680184,0.985214638,0.988654798,0.989090093,0.985249868,0.975328348,0.956648594,0.92500973,0.873481081,0.928400035,0.937444753,0.946266588,0.954688781,0.962456143,0.969196845,0.974375623,0.977217882,0.976609257,0.97095174,0.957956917,0.934346938,0.895435387,0.834680899,0.743750448,-0.647071994,-0.65454952,-0.662502607,-0.670961524,-0.679946597,-0.689457182,-0.699465716,-0.709897649,-0.720611071,-0.731375709,-0.741816623,-0.751380476,-0.759220355,-0.764023607,-0.763622405,0.931423894,0.941068931,0.950653996,0.960061396,0.96912159,0.977589185,0.985117611,0.991217926,0.995211455,0.996169001,0.99282605,0.983454726,0.965624803,0.935740524,0.888210968,0.928444394,0.937633866,0.946688557,0.955478289,0.963819626,0.97145249,0.978016219,0.983011049,0.985756107,0.98533736,0.980539063,0.96974171,0.950727287,0.920277883,0.873376804,0.929089876,0.938277037,0.947268722,0.955892243,0.963896082,0.970910291,0.976397066,0.979568712,0.979274772,0.973832631,0.960770308,0.936436751,0.895442014,0.830079856,0.730564869,-0.647071994,-0.654549519,-0.662502604,-0.67096152,-0.679946596,-0.689457183,-0.699465717,-0.709897647,-0.72061107,-0.731375709,-0.741816624,-0.751380476,-0.759220356,-0.764023608,-0.763622405,0.083681809,0.098542494,0.114491417,0.131546904,0.149699383,0.16890657,0.189075562,0.21005788,0.231634273,0.253517542,0.275345049,0.296708994,0.317171942,0.336292784,0.353681836
0.906538877,0.917661247,0.928953822,0.940341264,0.951705904,0.962864675,0.973545103,0.983341402,0.991658852,0.997634376,1,0.996866803,0.985292924,0.960472813,0.914324746,0.902949167,0.91351443,0.924155925,0.934781352,0.945253378,0.955366654,0.964824769,0.973198535,0.979875689,0.983991777,0.984315694,0.9790754,0.965607885,0.939688754,0.894276718,0.902613672,0.91294962,0.923245528,0.933352026,0.943045705,0.951990443,0.95969109,0.96541539,0.968090444,0.966154774,0.957336824,0.938344454,0.904410379,0.848795284,0.762769756,-0.667929174,-0.675816275,-0.68418187,-0.693057886,-0.702466871,-0.712411479,-0.722868262,-0.733768395,-0.744977414,-0.756274709,-0.767298137,-0.777510653,-0.786086215,-0.791737017,-0.79232209,0.906091931,0.917097415,0.928235804,0.939418044,0.95050771,0.961296651,0.971480286,0.980614733,0.988067429,0.992954779,0.994047668,0.98964216,0.977304304,0.953387682,0.912157567,0.902501529,0.912950658,0.923439582,0.93386296,0.944065764,0.953819277,0.962797484,0.970536478,0.976390052,0.979475614,0.978595695,0.972134874,0.957851046,0.932462517,0.890823172,0.903465843,0.913979507,0.924488974,0.934851255,0.944849661,0.954154016,0.962272145,0.968466173,0.9716373,0.970153282,0.961576779,0.94226318,0.906758888,0.847154522,0.753202714,-0.667929175,-0.675816273,-0.684181866,-0.693057882,-0.702466869,-0.712411481,-0.722868263,-0.733768393,-0.744977413,-0.756274709,-0.767298138,-0.777510654,-0.786086215,-0.791737018,-0.79232209,0.077276623,0.0914464,0.106664487,0.122949707,0.140294271,0.158659175,0.177956955,0.198046832,0.218719873,0.239701355,0.260642721,0.281149794,0.300796135,0.319145955,0.335806222
0.873633201,0.886126456,0.899010932,0.912247981,0.925763639,0.939426216,0.953024171,0.966222547,0.978507933,0.989111377,0.996866803,1,0.995684474,0.979205349,0.942461264,0.869272947,0.881080154,0.893160616,0.905453498,0.917858577,0.930213431,0.942271699,0.953660824,0.963831209,0.971987841,0.976968911,0.977074749,0.969705985,0.950677649,0.912914365,0.868975195,0.880558946,0.892302126,0.904087843,0.915731088,0.926940107,0.937271166,0.946049104,0.952261582,0.954408301,0.950265454,0.936564836,0.908502401,0.859184312,0.779509451,-0.686648681,-0.694937841,-0.703708635,-0.712995263,-0.722823447,-0.733200631,-0.744109662,-0.755490738,-0.767221688,-0.77909859,-0.790782422,-0.801767054,-0.811268173,-0.81805187,-0.820045236,0.873029861,0.885372941,0.898061805,0.911041597,0.9242161,0.937423501,0.950412821,0.962800091,0.974017679,0.983251474,0.989337456,0.990632847,0.984745629,0.968032683,0.934674487,0.868671779,0.880330822,0.892219146,0.904260692,0.916334546,0.928250662,0.939727023,0.950347484,0.959515498,0.966398746,0.969841052,0.968259492,0.959422214,0.940024632,0.904839746,0.870032205,0.88183829,0.893850333,0.905960748,0.917995107,0.929672752,0.940559905,0.949985291,0.956923682,0.959821857,0.95631366,0.942806987,0.913838599,0.861348534,0.774650971,-0.686648683,-0.69493784,-0.703708631,-0.71299526,-0.722823445,-0.733200632,-0.744109663,-0.755490736,-0.767221687,-0.77909859,-0.790782423,-0.801767054,-0.811268174,-0.818051871,-0.820045236,0.068719201,0.081969393,0.096211252,0.111463703,0.127720756,0.144947158,0.163062121,0.181934595,0.201368988,0.221106997,0.240818904,0.260129154,0.278626878,0.295884838,0.311507434
0.830441594,0.844234842,0.858661764,0.873727481,0.889411025,0.905644471,0.922293608,0.939116284,0.955709817,0.971438971,0.985292924,0.995684474,1,0.993742522,0.96894412,0.825102302,0.838044355,0.851471116,0.865358706,0.879651286,0.894239127,0.9089389,0.923452103,0.937315103,0.949833522,0.959956558,0.966112974,0.965842372,0.955098855,0.926901329,0.824822726,0.837540798,0.850630929,0.864014111,0.877551033,0.891004265,0.90399497,0.915923471,0.92586289,0.932407672,0.933426374,0.925732984,0.904559443,0.862938695,0.791466314,-0.700697123,-0.709350243,-0.718487847,-0.728147236,-0.738358597,-0.749136229,-0.760472331,-0.772320769,-0.784578586,-0.797068633,-0.809489979,-0.821388793,-0.832053339,-0.840347182,-0.84432833,0.82962076,0.843216473,0.857388805,0.872123219,0.887371718,0.903029481,0.918913144,0.934717236,0.949963546,0.963939678,0.975588802,0.983384172,0.985046435,0.977024044,0.953517047,0.824287501,0.837035704,0.850213807,0.863779653,0.877652568,0.89168942,0.905663106,0.9192198,0.931831811,0.94274229,0.950869023,0.954703781,0.952079016,0.939735347,0.912450831,0.826141141,0.839138704,0.852568581,0.866364832,0.880403681,0.894465416,0.908190116,0.920994214,0.931954752,0.939636502,0.941796808,0.93496523,0.913755929,0.870054276,0.792807102,-0.700697125,-0.709350242,-0.718487843,-0.728147233,-0.738358595,-0.749136231,-0.760472332,-0.772320767,-0.784578585,-0.797068633,-0.80948998,-0.821388794,-0.83205334,-0.840347183,-0.84432833,0.057412039,0.069444508,0.082389834,0.096266424,0.11106999,0.126769482,0.143292207,0.160519224,0.178271893,0.196313074,0.214337606,0.231994567,0.248894093,0.264621289,0.278778777
0.772969299,0.787894561,0.803713721,0.820483464,0.838246367,0.857012844,0.876745862,0.89732358,0.918492073,0.939802486,0.960472813,0.979205349,0.993742522,1,0.990392558,0.766377469,0.780238545,0.794804215,0.810093221,0.826101931,0.84278434,0.860035363,0.877651868,0.895285813,0.912384549,0.928065605,0.940965757,0.948874842,0.948039705,0.931782485,0.766081815,0.779708018,0.793925199,0.808697699,0.823939662,0.839479193,0.855018239,0.870055341,0.883781349,0.894930833,0.901528206,0.900556503,0.887399034,0.855156572,0.794264555,-0.705827341,-0.714752564,-0.724163271,-0.73410085,-0.744601577,-0.755689269,-0.767369542,-0.779616212,-0.792355031,-0.805449624,-0.818658207,-0.831609689,-0.843709556,-0.853983362,-0.860715415,0.771850404,0.786511895,0.801993888,0.818328664,0.835525284,0.853548164,0.87229824,0.891571555,0.911010851,0.9300484,0.947793129,0.962913303,0.973348463,0.975777796,0.964596474,0.765269826,0.778873054,0.793110761,0.80797917,0.823444143,0.839418433,0.855742324,0.8721418,0.888182252,0.903215428,0.916278297,0.925998045,0.930352991,0.926237003,0.908577234,0.767736322,0.781715857,0.796364428,0.811664328,0.827551659,0.843880844,0.860384351,0.876592722,0.891722641,0.904509571,0.912908447,0.913672659,0.901630165,0.868776317,0.803844419,-0.705827343,-0.714752563,-0.724163267,-0.734100847,-0.744601574,-0.755689271,-0.767369544,-0.77961621,-0.792355029,-0.805449624,-0.818658207,-0.83160969,-0.843709557,-0.853983363,-0.860715414,0.042641078,0.053061419,0.064285839,0.076331257,0.089194773,0.102849889,0.117233592,0.132241833,0.147717249,0.16344964,0.179165381,0.194545597,0.209228199,0.222815561,0.234909953
0.694947166,0.71066726,0.727549805,0.745711033,0.765268373,0.786326968,0.808970121,0.833229667,0.859048211,0.886231435,0.914324746,0.942461264,0.96894412,0.990392558,1,0.686760543,0.701142913,0.716446127,0.732736761,0.750071142,0.768478747,0.787949793,0.808401674,0.829638516,0.851301961,0.87275433,0.892949988,0.910088371,0.920939447,0.919459536,0.686394838,0.700516032,0.715440319,0.731180293,0.747711235,0.764938868,0.782664129,0.800511428,0.81783062,0.833556997,0.845959791,0.852318046,0.848344497,0.827442031,0.7801552,-0.694776563,-0.703787877,-0.713280251,-0.723300113,-0.733891604,-0.745091214,-0.756922985,-0.769388676,-0.782455122,-0.796045253,-0.810004793,-0.824087064,-0.837877261,-0.850655986,-0.86107585,0.693431709,0.708798246,0.725231538,0.742817032,0.761629998,0.781717578,0.80308422,0.82565525,0.849234005,0.873453299,0.897667114,0.920849071,0.941311975,0.956177843,0.96032137,0.685263315,0.699301017,0.714168501,0.729904084,0.746525995,0.764012055,0.782283576,0.801166747,0.820349817,0.839335596,0.857340988,0.87321307,0.885194475,0.890497098,0.884429119,0.688479155,0.703048668,0.718522343,0.734937065,0.75229838,0.770549485,0.789536872,0.808937588,0.828155935,0.846168374,0.861230772,0.870468815,0.86913334,0.849602293,0.800691323,-0.694776565,-0.703787877,-0.713280247,-0.72330011,-0.733891601,-0.745091217,-0.756922986,-0.769388674,-0.78245512,-0.796045253,-0.810004793,-0.824087066,-0.837877262,-0.850655987,-0.861075848,0.023682141,0.031966949,0.040906158,0.05051366,0.060787228,0.071705022,0.083215387,0.095232364,0.107625058,0.120217297,0.132775707,0.145022955,0.156633723,0.167234968,0.176432201
0.999347944,0.998786496,0.997197011,0.994362878,0.990008495,0.983781433,0.975226943,0.963757474,0.948610749,0.928782522,0.902949167,0.869272947,0.825102302,0.766377469,0.686760543,1,0.999557143,0.998111548,0.99545424,0.991320627,0.985374785,0.977187147,0.966209588,0.951742698,0.932884185,0.908477896,0.876963175,0.836144801,0.782682343,0.711217123,0.998715045,0.997865956,0.995859699,0.992422565,0.987196133,0.979707671,0.969328128,0.955218249,0.936256291,0.910932496,0.877234798,0.832435024,0.772868023,0.693732778,0.589471545,-0.49058615,-0.49523849,-0.500339324,-0.505912426,-0.511971489,-0.518508154,-0.525489593,-0.532837861,-0.540414139,-0.548000879,-0.555252618,-0.561670246,-0.566501285,-0.568595234,-0.566074999,0.999253821,0.998644141,0.996986865,0.994058524,0.98957511,0.983174984,0.974395587,0.962648568,0.947190462,0.927080575,0.901154117,0.867917621,0.825408586,0.770854212,0.700117329,0.999894982,0.999399801,0.99788071,0.99512113,0.990846927,0.984711034,0.976272737,0.964977071,0.950132018,0.930876579,0.906169885,0.874709856,0.834824687,0.784156828,0.719056573,0.998734618,0.997879754,0.995859163,0.992393377,0.987114662,0.979535124,0.969000295,0.954627563,0.935219471,0.909131121,0.874109362,0.827002211,0.763439704,0.677598195,0.562894935,-0.490586149,-0.495238488,-0.500339321,-0.505912422,-0.511971489,-0.518508154,-0.525489595,-0.532837859,-0.540414138,-0.548000878,-0.555252618,-0.561670246,-0.566501286,-0.568595235,-0.566074998,0.096950482,0.113193989,0.130550112,0.149028376,0.168608342,0.189234303,0.210797625,0.233132068,0.255999747,0.279096095,0.302046275,0.324440132,0.34585431,0.365885509,0.3842087
0.998821117,0.999131479,0.998467482,0.996614869,0.993299824,0.988170462,0.98077084,0.970509121,0.956614091,0.938065916,0.91351443,0.881080154,0.838044355,0.780238545,0.701142913,0.999557143,1,0.999496315,0.997839993,0.994768895,0.989948495,0.982949167,0.97322004,0.960054948,0.942539231,0.919495192,0.889328531,0.849790383,0.797454179,0.726814722,0.998224427,0.998257693,0.997189927,0.994750141,0.990581971,0.984213236,0.975013161,0.962136621,0.944449453,0.920419542,0.887996145,0.844388885,0.785833467,0.707376632,0.603239473,-0.503489553,-0.508387182,-0.513737918,-0.519566151,-0.525886066,-0.532689644,-0.539943891,-0.547570032,-0.555427185,-0.563294021,-0.570818492,-0.577491137,-0.582543231,-0.584798977,-0.582340166,0.998730585,0.998993751,0.998263092,0.996317385,0.992874197,0.987572052,0.979946568,0.969404112,0.955190808,0.936348402,0.911683327,0.879658838,0.838247007,0.784577027,0.714360897,0.999455813,0.99984746,0.999271534,0.997514268,0.994303816,0.989294228,0.982044239,0.971995371,0.958447745,0.940526588,0.917168087,0.887036135,0.848408442,0.798853513,0.734607642,0.998254252,0.998284502,0.997205981,0.994742205,0.990527851,0.984076046,0.974731226,0.961605706,0.943490538,0.918719382,0.885000676,0.839118421,0.77659651,0.691441718,0.576818385,-0.503489552,-0.50838718,-0.513737916,-0.519566147,-0.525886066,-0.532689644,-0.539943893,-0.54757003,-0.555427185,-0.56329402,-0.570818492,-0.577491137,-0.582543232,-0.584798978,-0.582340165,0.097732468,0.114002658,0.131393544,0.149915499,0.169548777,0.190238193,0.211875225,0.234293251,0.257253255,0.280448667,0.303501448,0.32599716,0.34750694,0.367620929,0.386007144
0.997277372,0.998513399,0.998837584,0.998039211,0.995847577,0.991912732,0.985779038,0.976851824,0.964352212,0.947245771,0.924155925,0.893160616,0.851471116,0.794804215,0.716446127,0.998111548,0.999496315,1,0.999420664,0.997500051,0.993906569,0.9882122,0.979865003,0.968153635,0.952152478,0.930663034,0.902057469,0.864031998,0.813070523,0.74351363,0.996720252,0.99769069,0.997625382,0.996257338,0.993233686,0.98808433,0.980178395,0.968666448,0.95240319,0.929834918,0.898871646,0.856658362,0.79932566,0.721756557,0.617931012,-0.517604562,-0.522763422,-0.528379662,-0.534478277,-0.541073942,-0.548158998,-0.555700313,-0.563618332,-0.571770163,-0.579930741,-0.587741463,-0.594682484,-0.599968717,-0.602398801,-0.600012785,0.997187635,0.998377026,0.998635098,0.997744021,0.995424202,0.99131563,0.984953446,0.975739946,0.962911745,0.945493439,0.922261946,0.891635178,0.851515386,0.798926188,0.729416249,0.998011153,0.999345363,0.99977751,0.99909787,0.997038271,0.993255326,0.987308758,0.978638052,0.966536718,0.950117133,0.928292568,0.899692009,0.862540222,0.814327355,0.751168337,0.996763148,0.997733865,0.997662038,0.996275479,0.993212764,0.987989637,0.979951171,0.968206308,0.951536112,0.928253862,0.89602941,0.851580725,0.790319806,0.706071731,0.591725353,-0.517604561,-0.52276342,-0.52837966,-0.534478273,-0.541073942,-0.548158998,-0.555700315,-0.56361833,-0.571770162,-0.57993074,-0.587741463,-0.594682484,-0.599968718,-0.602398802,-0.600012784,0.098257005,0.114524202,0.131918615,0.150451528,0.170104011,0.190821598,0.212496169,0.23496112,0.25797681,0.281235264,0.304355911,0.326920676,0.348495757,0.368665123,0.387089966
0.994505348,0.996723379,0.998102129,0.998435852,0.997458574,0.994824024,0.990078767,0.982627204,0.971684577,0.956203398,0.934781352,0.905453498,0.865358706,0.810093221,0.732736761,0.99545424,0.997839993,0.999420664,1,0.999325377,0.997070033,0.992809661,0.985993425,0.975906935,0.961615642,0.941901626,0.915104307,0.878864354,0.829573324,0.761410154,0.993991623,0.995956634,0.99696157,0.996744981,0.994959235,0.991138212,0.984653008,0.974651926,0.959980361,0.939064353,0.909774604,0.8691894,0.813328264,0.736898305,0.633616348,-0.533021656,-0.538459829,-0.544359321,-0.550745724,-0.557634212,-0.565017528,-0.572862457,-0.58108876,-0.589551659,-0.598022502,-0.606136299,-0.61336299,-0.618901286,-0.621524367,-0.619230431,0.994412629,0.996583906,0.997896263,0.998136642,0.997029826,0.99421889,0.989240206,0.981493614,0.970207536,0.954390239,0.93278872,0.903773696,0.865173177,0.813897233,0.745317696,0.995351055,0.99768625,0.999195287,0.999673978,0.998859495,0.996412807,0.991896564,0.984750123,0.974262117,0.959533493,0.939455081,0.912620494,0.877199368,0.830599213,0.768806104,0.994050911,0.996020131,0.997023561,0.996794892,0.994978407,0.99109444,0.98449089,0.974275547,0.959221564,0.937623538,0.907113141,0.864340797,0.804600991,0.721524332,0.607699315,-0.533021655,-0.538459827,-0.544359318,-0.55074572,-0.557634212,-0.565017528,-0.572862459,-0.581088758,-0.589551658,-0.598022501,-0.606136299,-0.61336299,-0.618901287,-0.621524368,-0.619230431,0.098460844,0.114687966,0.13204674,0.150549412,0.170178004,0.190878989,0.212545002,0.235009933,0.258034153,0.281309042,0.30445236,0.327043259,0.348643772,0.368832255,0.387263313
0.990237554,0.993495904,0.99599892,0.997547554,0.997882534,0.99666343,0.993441414,0.987622453,0.978418354,0.964770866,0.945253378,0.917858577,0.879651286,0.826101931,0.750071142,0.991320627,0.994768895,0.997500051,0.999325377,1,0.999204341,0.996520448,0.991401387,0.983132581,0.97077341,0.953088791,0.928387176,0.894254093,0.846986967,0.780596444,0.989771565,0.992790627,0.994937057,0.995956788,0.995509562,0.99313558,0.988210515,0.97988309,0.966991924,0.947944914,0.920574121,0.88188972,0.827794488,0.75280697,0.650356858,-0.549819145,-0.555556964,-0.561759726,-0.568453626,-0.575654363,-0.583355151,-0.591522798,-0.600076546,-0.608869958,-0.617671088,-0.626108949,-0.633643727,-0.639458511,-0.642301701,-0.640130334,0.990136772,0.9933473,0.99578248,0.997235682,0.997437937,0.996037411,0.992573873,0.986446826,0.976878366,0.962861834,0.943114395,0.915958142,0.87914259,0.829456081,0.762079272,0.991209639,0.994606427,0.997264731,0.998987682,0.999519826,0.998528701,0.995582312,0.990122363,0.981434966,0.968611729,0.95052217,0.925724709,0.892332209,0.847665667,0.787575046,0.989851154,0.992879103,0.995029956,0.996045178,0.995576956,0.993152664,0.988125773,0.979605809,0.966360854,0.946669375,0.918126139,0.877313325,0.819402763,0.73781745,0.624818363,-0.549819144,-0.555556962,-0.561759723,-0.568453622,-0.575654362,-0.583355151,-0.5915228,-0.600076544,-0.608869958,-0.617671088,-0.626108949,-0.633643727,-0.639458512,-0.642301702,-0.640130334,0.09826524,0.114405757,0.131679588,0.150099993,0.169650077,0.190277514,0.211876101,0.234280818,0.257252832,0.280483841,0.303591052,0.326151976,0.347725515,0.367885209,0.38627944
0.984134568,0.988492371,0.992191604,0.995041987,0.996793346,0.997113771,0.995562072,0.991549032,0.984286348,0.972708333,0.955366654,0.930213431,0.894239127,0.84278434,0.768478747,0.985374785,0.989948495,0.993906569,0.997070033,0.999204341,1,0.99904872,0.995811087,0.989576139,0.979401178,0.964037485,0.941765805,0.910118591,0.865299162,0.801144971,0.98372117,0.987854672,0.991216218,0.993561339,0.994559724,0.993760798,0.990548089,0.984074231,0.973174545,0.956241982,0.931071769,0.894605684,0.842624941,0.769446934,0.668188575,-0.56803797,-0.574097984,-0.580626307,-0.587649762,-0.595184628,-0.603224718,-0.611737028,-0.62064056,-0.629787605,-0.638943438,-0.647731791,-0.655604019,-0.661728815,-0.664831372,-0.662829498,0.984018863,0.988326447,0.991954765,0.994705594,0.996318472,0.996449131,0.994643462,0.990303409,0.982647337,0.970655873,0.953017233,0.928004205,0.893284134,0.845515679,0.779673585,0.985249225,0.989769238,0.993651657,0.996709059,0.998695814,0.999288745,0.998064252,0.994469579,0.987791489,0.977115275,0.961291236,0.938843803,0.907828443,0.865476734,0.807496148,0.983825631,0.987973579,0.991346557,0.993696078,0.994684895,0.99385043,0.990555183,0.983914157,0.972694207,0.955161424,0.928876217,0.890353175,0.83463745,0.754931543,0.643139858,-0.56803797,-0.574097982,-0.580626304,-0.587649759,-0.595184628,-0.603224718,-0.611737029,-0.620640557,-0.629787604,-0.638943437,-0.647731791,-0.655604019,-0.661728816,-0.664831374,-0.662829498,0.097571242,0.113566526,0.130693126,0.148965336,0.168367494,0.188848762,0.210304594,0.232571773,0.255413247,0.278522239,0.301516833,0.323974361,0.345451975,0.365519458,0.383819497
0.975762512,0.981278133,0.986246303,0.990487983,0.993765006,0.995757289,0.996035089,0.994018206,0.988922705,0.979680184,0.964824769,0.942271699,0.9089389,0.860035363,0.787949793,0.977187147,0.982949167,0.9882122,0.992809661,0.996520448,0.99904872,1,0.998847021,0.994887486,0.987182116,0.974473846,0.955021104,0.926307836,0.884446165,0.823098522,0.975406951,0.980714556,0.985365688,0.98912811,0.991684569,0.992597279,0.991261742,0.986839018,0.978165841,0.963624892,0.940977992,0.907100011,0.857647371,0.786724608,0.68710911,-0.58767174,-0.594078412,-0.600956585,-0.608333768,-0.616226923,-0.624630656,-0.633512434,-0.642791451,-0.65231934,-0.661859449,-0.671031423,-0.679279382,-0.685759807,-0.689177567,-0.68741502,0.975622611,0.981083755,0.985975643,0.990110802,0.993240003,0.995029581,0.995034966,0.992664138,0.987135294,0.977419654,0.962178518,0.939635909,0.907374438,0.861915968,0.79801487,0.977037861,0.982742155,0.987924511,0.992409477,0.995964194,0.998278101,0.99893978,0.997406111,0.992968743,0.984710927,0.971467205,0.951730766,0.92350069,0.883917977,0.82854305,0.975541631,0.980870282,0.985541134,0.989318452,0.991878765,0.992773255,0.991377772,0.986817617,0.977863589,0.962774747,0.939081535,0.903233655,0.850147528,0.772793452,0.662688903,-0.58767174,-0.59407841,-0.600956582,-0.608333765,-0.616226923,-0.624630656,-0.633512436,-0.642791449,-0.65231934,-0.661859448,-0.671031423,-0.679279383,-0.685759808,-0.689177569,-0.68741502,0.09625257,0.112028544,0.128929026,0.146969345,0.166135221,0.186377628,0.207594271,0.229624603,0.252234573,0.275120442,0.297902982,0.320161231,0.341452364,0.361343817,0.379473294
0.964567891,0.971296061,0.977603768,0.983326156,0.988240552,0.992042762,0.994319262,0.994504279,0.991824238,0.985214638,0.973198535,0.953660824,0.923452103,0.877651868,0.808401674,0.966209588,0.97322004,0.979865003,0.985993425,0.991401387,0.995811087,0.998847021,1,0.998583062,0.993667876,0.983996814,0.967814499,0.942564772,0.904276125,0.846439432,0.964275518,0.97081322,0.976826265,0.982097765,0.986327251,0.989094094,0.989810898,0.987652967,0.98146479,0.969625463,0.949869221,0.919008277,0.872573925,0.804448459,0.707043241,-0.60861909,-0.615398057,-0.622651677,-0.63040825,-0.638685605,-0.647479446,-0.656758154,-0.666441782,-0.676382269,-0.686342373,-0.695939575,-0.704613368,-0.711511633,-0.71532379,-0.7139033,0.964391172,0.971057998,0.97728084,0.982885738,0.987637934,0.991218079,0.993195386,0.992988513,0.989820298,0.982657375,0.970137875,0.950439537,0.921059721,0.878378375,0.816916608,0.966024114,0.972970266,0.979526406,0.985532027,0.990770561,0.994948113,0.997670149,0.998408415,0.996465073,0.990927291,0.980619287,0.964008095,0.939040114,0.902767653,0.850602998,0.964446665,0.971013242,0.977055812,0.982354595,0.986603744,0.989372735,0.990056159,0.987795808,0.981373326,0.969048281,0.948328179,0.91560371,0.865663916,0.79123801,0.683426334,-0.60861909,-0.615398056,-0.622651673,-0.630408248,-0.638685604,-0.647479447,-0.656758156,-0.66644178,-0.676382269,-0.686342373,-0.695939575,-0.704613368,-0.711511634,-0.715323791,-0.713903301,0.094147642,0.109610445,0.126184657,0.143886605,0.16270354,0.182588623,0.203442503,0.22510837,0.247356664,0.26988858,0.292329849,0.314263589,0.335249272,0.354853773,0.372710719
0.949844532,0.957832105,0.965543449,0.972831334,0.979492748,0.985244333,0.989694702,0.992299439,0.992303286,0.988654798,0.979875689,0.963831209,0.937315103,0.895285813,0.829638516,0.951742698,0.960054948,0.968153635,0.975906935,0.983132581,0.989576139,0.994887486,0.998583062,1,0.998231178,0.992029669,0.97963931,0.958478016,0.924505445,0.871053075,0.949620116,0.957435821,0.964876369,0.971743859,0.97775903,0.982523697,0.985473926,0.985806696,0.982382694,0.973586842,0.95713502,0.929785232,0.886948103,0.822278939,0.727799076,-0.630635198,-0.637811754,-0.645466254,-0.653627977,-0.662315908,-0.671527327,-0.681232204,-0.691352474,-0.701741847,-0.712164568,-0.72223893,-0.731403914,-0.738804545,-0.743122592,-0.742193318,0.949613671,0.957529356,0.965142703,0.972296468,0.97877419,0.984275301,0.98838803,0.990547625,0.989988002,0.985678058,0.976238979,0.959807681,0.933799216,0.894450238,0.83603942,0.951503934,0.959741718,0.967739012,0.975353721,0.98238972,0.988574673,0.993536708,0.99676907,0.997591842,0.995104337,0.988128678,0.975114294,0.953962822,0.921644814,0.873429331,0.949835043,0.957688919,0.965170611,0.972080039,0.978133557,0.982924438,0.985872688,0.986144486,0.982541476,0.973334213,0.956018064,0.926935298,0.880754461,0.809960198,0.705208129,-0.630635198,-0.637811753,-0.64546625,-0.653627975,-0.662315907,-0.671527328,-0.681232206,-0.691352471,-0.701741847,-0.712164567,-0.72223893,-0.731403914,-0.738804546,-0.743122593,-0.742193318,0.091048644,0.106079269,0.122200029,0.139428162,0.157752594,0.177129089,0.197462073,0.218599748,0.240318877,0.262327918,0.284260369,0.305706395,0.326230569,0.345401426,0.362849582
0.930681372,0.939961383,0.949127781,0.958054977,0.966564542,0.974399944,0.981199255,0.986448241,0.989420458,0.989090093,0.983991777,0.971987841,0.949833522,0.912384549,0.851301961,0.932884185,0.942539231,0.952152478,0.961615642,0.97077341,0.979401178,0.987182116,0.993667876,0.998231178,1,0.99775422,0.98975634,0.973421044,0.94466492,0.896685803,0.930527972,0.939655273,0.948575659,0.957114421,0.965018706,0.971919143,0.977283083,0.980338624,0.979973816,0.974592473,0.961906164,0.938633304,0.900075822,0.839665266,0.749014901,-0.653273294,-0.660870043,-0.668948383,-0.677538873,-0.686662109,-0.696317661,-0.706478113,-0.717068803,-0.727947423,-0.738882832,-0.749498669,-0.759239702,-0.76725695,-0.77223663,-0.772012568,0.930372449,0.939564825,0.948613651,0.957382066,0.965676359,0.973220077,0.979626867,0.984356044,0.986661109,0.985522806,0.979555092,0.966863956,0.944790519,0.909433085,0.854825584,0.932568515,0.942133846,0.951626856,0.960927851,0.96986601,0.978196417,0.985576927,0.991530652,0.995405301,0.996323564,0.993117612,0.984232851,0.967540467,0.939944098,0.8965842,0.930795341,0.93997188,0.948947231,0.957545358,0.965510201,0.972465474,0.977864816,0.980908835,0.980431233,0.974727985,0.961298388,0.936453778,0.894757623,0.828455653,0.727737543,-0.653273295,-0.660870042,-0.668948379,-0.677538871,-0.686662107,-0.696317662,-0.706478114,-0.717068801,-0.727947423,-0.738882831,-0.74949867,-0.759239703,-0.767256951,-0.772236631,-0.772012568,0.086683993,0.101131143,0.11663656,0.13321824,0.150866919,0.169541428,0.189150957,0.209550257,0.230524635,0.251792663,0.272999045,0.293744615,0.313602474,0.332145459,0.349002363
0.905910824,0.916492858,0.92714267,0.937760883,0.948199368,0.958235558,0.967545921,0.975657541,0.981886545,0.985249868,0.984315694,0.976968911,0.959956558,0.928065605,0.87275433,0.908477896,0.919495192,0.930663034,0.941901626,0.953088791,0.964037485,0.974473846,0.983996814,0.992029669,0.99775422,1,0.997076895,0.986431749,0.963980725,0.922835418,0.905827736,0.916275785,0.926704103,0.936965916,0.946840767,0.955995632,0.963938641,0.969940885,0.972932411,0.971353861,0.962933344,0.944373472,0.910891287,0.855711482,0.77003358,-0.675740617,-0.68377295,-0.692291118,-0.701327417,-0.71090474,-0.721026009,-0.731667941,-0.742761539,-0.75417175,-0.765676729,-0.776912266,-0.787338443,-0.79612573,-0.801983303,-0.80276943,0.905490539,0.915961781,0.926465252,0.93688855,0.94706577,0.956750811,0.965590414,0.973077289,0.978495644,0.98085125,0.97876552,0.970330009,0.952828898,0.922237704,0.872355735,0.908052443,0.918957536,0.929977338,0.941019042,0.951942702,0.962537707,0.972500161,0.981393468,0.988605559,0.993297721,0.994329792,0.990164075,0.978665391,0.95669784,0.919303779,0.906157903,0.916668428,0.927168248,0.937510291,0.947472311,0.956716347,0.964739677,0.970789967,0.973748758,0.97195715,0.962941866,0.943010941,0.906651473,0.845891374,0.750446515,-0.675740618,-0.68377295,-0.692291114,-0.701327416,-0.710904737,-0.72102601,-0.731667943,-0.742761536,-0.754171749,-0.765676728,-0.776912266,-0.787338444,-0.796125731,-0.801983304,-0.802769431,0.080705104,0.094376446,0.109060516,0.124775821,0.141515019,0.159240516,0.177867415,0.197258839,0.217211304,0.237456911,0.257655702,0.277423508,0.296345988,0.31400331,0.330023606
0.87395687,0.885814294,0.897939297,0.91026386,0.922676732,0.934997781,0.946952738,0.958124016,0.967888268,0.975328348,0.9790754,0.977074749,0.966112974,0.940965757,0.892949988,0.876963175,0.889328531,0.902057469,0.915104307,0.928387176,0.941765805,0.955021104,0.967814499,0.97963931,0.98975634,0.997076895,1,0.996058399,0.981235486,0.948637085,0.873936896,0.885676987,0.897602766,0.909600677,0.921489472,0.932981331,0.943636639,0.952784353,0.959415619,0.962032349,0.958409484,0.945270738,0.917789716,0.8690226,0.789770913,-0.696780485,-0.705250244,-0.714210824,-0.723696925,-0.73373473,-0.744332038,-0.755471904,-0.76709426,-0.779076085,-0.791211686,-0.803159025,-0.814407637,-0.824167543,-0.831198765,-0.833423428,0.873378817,0.885091772,0.897028579,0.909105743,0.921190815,0.933075249,0.944448018,0.954846784,0.963600873,0.969759018,0.971971602,0.968341622,0.956126065,0.931209608,0.887187219,0.876382131,0.88860251,0.90114285,0.913942196,0.926897782,0.939841339,0.952517423,0.964542683,0.975361537,0.984194329,0.989953691,0.991150095,0.985680266,0.970414928,0.940353332,0.874342494,0.886161018,0.898178262,0.910281622,0.922289805,0.933912482,0.944702712,0.953971078,0.960667557,0.963205121,0.959171717,0.944914207,0.914891761,0.860959688,0.772375496,-0.696780486,-0.705250245,-0.71421082,-0.723696924,-0.733734727,-0.74433204,-0.755471905,-0.767094257,-0.779076085,-0.791211686,-0.803159026,-0.814407638,-0.824167543,-0.831198766,-0.833423429,0.072655184,0.085304142,0.098902528,0.113468985,0.128998152,0.145456553,0.162766546,0.180801781,0.199373151,0.218230393,0.237053797,0.255479333,0.273109919,0.289536446,0.304387435
0.832603769,0.845652855,0.859185813,0.873171638,0.887543401,0.902173314,0.916849485,0.931227176,0.944766894,0.956648594,0.965607885,0.969705985,0.965842372,0.948874842,0.910088371,0.836144801,0.849790383,0.864031998,0.878864354,0.894254093,0.910118591,0.926307836,0.942564772,0.958478016,0.973421044,0.986431749,0.996058399,1,0.994412371,0.972527557,0.832629436,0.845573197,0.858923844,0.872606748,0.886487487,0.900333708,0.913771798,0.926207132,0.936716805,0.943897145,0.945613382,0.938666199,0.918253788,0.877336283,0.806370312,-0.71433201,-0.723216272,-0.732596934,-0.742512012,-0.752992356,-0.764052767,-0.775685735,-0.787844759,-0.800425666,-0.813248775,-0.826008761,-0.838245296,-0.849237665,-0.857838543,-0.862093923,0.831803485,0.844659559,0.857943934,0.87160669,0.885554965,0.899625913,0.913561452,0.926958357,0.939209597,0.949430993,0.956332764,0.958068591,0.951916878,0.933728878,0.896958657,0.835344542,0.848797834,0.862792228,0.877303953,0.892274401,0.907586867,0.923046444,0.938338968,0.952986225,0.966294913,0.977265793,0.984503293,0.985994938,0.978692498,0.957645402,0.833125972,0.846167554,0.859633971,0.873453104,0.887492642,0.90152076,0.915160913,0.927806449,0.938502598,0.945770398,0.947307201,0.939561766,0.917043478,0.871518651,0.791842875,-0.714332011,-0.723216273,-0.73259693,-0.742512011,-0.752992352,-0.764052769,-0.775685737,-0.787844756,-0.800425665,-0.813248774,-0.826008762,-0.838245297,-0.849237666,-0.857838544,-0.862093923,0.061946885,0.07325387,0.085423634,0.09847437,0.112402662,0.127179695,0.142736616,0.15896012,0.175679241,0.192666241,0.209627489,0.226225175,0.242084931,0.256812189,0.27003678
0.778484891,0.792551339,0.807330221,0.822833603,0.839047131,0.855906814,0.873278798,0.890912957,0.908383727,0.92500973,0.939688754,0.950677649,0.955098855,0.948039705,0.920939447,0.782682343,0.797454179,0.813070523,0.829573324,0.846986967,0.865299162,0.884446165,0.904276125,0.924505445,0.94466492,0.963980725,0.981235486,0.994412371,1,0.991568235,0.778524472,0.792489386,0.807093189,0.822306181,0.838049106,0.854156856,0.870338211,0.886098046,0.900631649,0.912674496,0.920243698,0.920299701,0.908172597,0.876852327,0.816567439,-0.724969438,-0.734201793,-0.743935764,-0.754213823,-0.765073267,-0.776538708,-0.788616244,-0.801279258,-0.814451853,-0.827994123,-0.841657988,-0.855062816,-0.867600316,-0.878277871,-0.885356552,0.777374716,0.791179064,0.805623323,0.820695815,0.836349701,0.852476851,0.868884513,0.885245756,0.901040766,0.91548449,0.927390281,0.935020022,0.935749112,0.925491194,0.897676295,0.781576372,0.796088519,0.811374007,0.827451787,0.844314935,0.861908713,0.880112897,0.898701966,0.917301609,0.935340859,0.951957344,0.965914801,0.975379184,0.977498942,0.967525685,0.779130384,0.793216701,0.807965931,0.823352836,0.839302968,0.855655566,0.872122014,0.888203205,0.903074468,0.915413716,0.92309575,0.922764173,0.909100896,0.873927334,0.805824461,-0.72496944,-0.734201794,-0.74393576,-0.754213823,-0.765073262,-0.776538711,-0.788616246,-0.801279255,-0.814451852,-0.827994123,-0.841657989,-0.855062818,-0.867600317,-0.878277872,-0.885356551,0.04784543,0.057389654,0.067678698,0.07872939,0.090540024,0.103086908,0.116311694,0.130117056,0.144354636,0.1588251,0.173267898,0.187378781,0.200812646,0.213194109,0.224155499
0.706213003,0.720971117,0.736673872,0.753382537,0.77114413,0.789971361,0.809826798,0.83058157,0.851962339,0.873481081,0.894276718,0.912914365,0.926901329,0.931782485,0.919459536,0.711217123,0.726814722,0.74351363,0.761410154,0.780596444,0.801144971,0.823098522,0.846439432,0.871053075,0.896685803,0.922835418,0.948637085,0.972527557,0.991568235,1,0.706216173,0.720863671,0.73638329,0.752796226,0.770087224,0.788171696,0.806860201,0.825785747,0.844303588,0.861348521,0.875176122,0.883027768,0.880531089,0.860915648,0.814407308,-0.72275077,-0.732187564,-0.742128249,-0.752621005,-0.763711669,-0.775438128,-0.787825406,-0.800875013,-0.81455184,-0.828774283,-0.843379588,-0.858107873,-0.87252449,-0.885882179,-0.89679441,0.704678923,0.719078681,0.734326772,0.750454043,0.767466051,0.785319055,0.803899676,0.822977888,0.842150806,0.860774563,0.877825258,0.891755325,0.90015088,0.899141378,0.882335499,0.709692991,0.724936946,0.741188223,0.75851385,0.776966337,0.796564304,0.817278424,0.838995212,0.861477537,0.884323439,0.906873248,0.928140996,0.946597741,0.959763076,0.963331587,0.706950734,0.721747804,0.737448438,0.754080727,0.771637584,0.790043576,0.809118824,0.828502573,0.847545413,0.865147738,0.879457283,0.887448202,0.884163279,0.861719177,0.808672178,-0.722750772,-0.732187566,-0.742128245,-0.752621006,-0.763711662,-0.775438131,-0.787825409,-0.80087501,-0.814551838,-0.828774283,-0.843379589,-0.858107875,-0.872524491,-0.885882179,-0.896794409,0.029499636,0.036721448,0.044527472,0.052931697,0.06193352,0.07151461,0.081628971,0.092198617,0.10310312,0.114178703,0.125206491,0.135924976,0.146026687,0.155161831,0.162967776
0.998602103,0.998071622,0.996514787,0.99371533,0.989398037,0.983210901,0.974699486,0.963276295,0.948178456,0.928400035,0.902613672,0.868975195,0.824822726,0.766081815,0.686394838,0.998715045,0.998224427,0.996720252,0.993991623,0.989771565,0.98372117,0.975406951,0.964275518,0.949620116,0.930527972,0.905827736,0.873936896,0.832629436,0.778524472,0.706216173,1,0.99952489,0.997957807,0.995038804,0.990426541,0.983669654,0.974165666,0.961108478,0.943417312,0.9196327,0.887802511,0.845267122,0.788429673,0.712529075,0.611951983,-0.491636404,-0.496332924,-0.501480813,-0.507103975,-0.513216197,-0.519809144,-0.526849941,-0.534260454,-0.541901534,-0.549555133,-0.556875144,-0.563361888,-0.568262808,-0.570428696,-0.567985672,0.9986475,0.998096221,0.996504598,0.993650699,0.989252358,0.982950132,0.974283945,0.962668153,0.947361866,0.927426574,0.901698271,0.868682383,0.826412001,0.772105127,0.701606949,0.998750412,0.998235276,0.996691161,0.993900835,0.989589372,0.983408701,0.974916676,0.96355622,0.948631916,0.929277384,0.904442918,0.87281274,0.83269419,0.781700014,0.716140213,0.999861754,0.999352532,0.997737887,0.994751418,0.990041778,0.983141858,0.973423426,0.960037278,0.941828189,0.91720457,0.883979061,0.839077615,0.778211314,0.695607877,0.584624531,-0.491636402,-0.496332922,-0.50148081,-0.507103971,-0.513216198,-0.519809144,-0.526849944,-0.534260451,-0.541901534,-0.549555132,-0.556875144,-0.563361888,-0.56826281,-0.570428697,-0.567985672,0.092938258,0.109078315,0.126332227,0.144710913,0.164195581,0.18473238,0.206214707,0.228478346,0.25128721,0.274338018,0.297256094,0.319630043,0.341033249,0.361057043,0.379369687
0.997745948,0.998095422,0.997472701,0.995663917,0.992395686,0.987316565,0.979970905,0.969766798,0.955932126,0.937444753,0.91294962,0.880558946,0.837540798,0.779708018,0.700516032,0.997865956,0.998257693,0.99769069,0.995956634,0.992790627,0.987854672,0.980714556,0.97081322,0.957435821,0.939655273,0.916275785,0.885676987,0.845573197,0.792489386,0.720863671,0.99952489,1,0.999451121,0.997623537,0.994181082,0.988676859,0.98051153,0.968879209,0.952694217,0.930483977,0.900268725,0.859339328,0.804012589,0.729383191,0.629607884,-0.504682079,-0.50963186,-0.515038129,-0.520925426,-0.527308046,-0.534177992,-0.541502213,-0.549201701,-0.557135176,-0.565080697,-0.572685431,-0.579439203,-0.584573133,-0.586912869,-0.584543885,0.997822138,0.99815742,0.9975078,0.995653907,0.992315524,0.98713381,0.979647359,0.969265767,0.955238212,0.936608999,0.912185391,0.880429152,0.839306814,0.785936222,0.716007915,0.9979323,0.998306242,0.997707372,0.995921253,0.992675221,0.987622269,0.980319597,0.970206397,0.956578949,0.938556312,0.915064398,0.884751077,0.845869548,0.79595331,0.731191062,0.999367772,0.999806027,0.999206639,0.997308527,0.99376569,0.988115761,0.979734116,0.967772457,0.951071644,0.928028199,0.896428169,0.853147554,0.793806106,0.712471934,0.602240237,-0.504682078,-0.509631858,-0.515038126,-0.520925423,-0.527308047,-0.534177992,-0.541502215,-0.549201699,-0.557135175,-0.565080696,-0.572685431,-0.579439203,-0.584573135,-0.58691287,-0.584543884,0.093120367,0.109266424,0.126534359,0.14493617,0.164454031,0.185034931,0.206572725,0.228903179,0.2517894,0.274926365,0.29793628,0.320403329,0.341894932,0.361995069,0.380364037
0.9957303,0.997015337,0.997391363,0.996648113,0.994515376,0.990643688,0.984577685,0.975722489,0.963297949,0.946266588,0.923245528,0.892302126,0.850630929,0.793925199,0.715440319,0.995859699,0.997189927,0.997625382,0.99696157,0.994937057,0.991216218,0.985365688,0.976826265,0.964876369,0.948575659,0.926704103,0.897602766,0.858923844,0.807093189,0.73638329,0.997957807,0.999451121,1,0.999356759,0.997192494,0.993067113,0.986387072,0.976349532,0.961866792,0.941455898,0.913111256,0.874074549,0.82057316,0.747548111,0.648905125,-0.518942102,-0.52416228,-0.529843789,-0.536011796,-0.542681099,-0.549844062,-0.557467479,-0.565471515,-0.5737128,-0.581965541,-0.589870194,-0.596906051,-0.602287819,-0.604815813,-0.602534416,0.995839934,0.997118077,0.99747594,0.996697943,0.994507178,0.990546828,0.984355629,0.975339774,0.962739549,0.945582601,0.922646787,0.892348108,0.852581966,0.800358109,0.731199249,0.995959718,0.997279586,0.997692127,0.996986961,0.994895102,0.99107209,0.985076039,0.976343902,0.964164894,0.947644357,0.925683652,0.896893059,0.859468559,0.810859086,0.747123406,0.997779263,0.999232439,0.999727224,0.999009652,0.996741156,0.992466474,0.985567285,0.975199136,0.96020203,0.938963649,0.909245727,0.867875263,0.810378125,0.730653085,0.621509525,-0.518942101,-0.524162278,-0.529843786,-0.536011792,-0.542681099,-0.549844061,-0.557467481,-0.565471512,-0.573712799,-0.58196554,-0.589870193,-0.596906051,-0.60228782,-0.604815814,-0.602534415,0.092936645,0.109053963,0.126299527,0.144686518,0.164198255,0.184782825,0.20633491,0.228690731,0.251613183,0.274796166,0.297859486,0.320383564,0.34193038,0.362076843,0.380475274
0.992281167,0.994560029,0.996003349,0.996405927,0.995502373,0.992946968,0.988286553,0.980925182,0.970076395,0.954688781,0.933352026,0.904087843,0.864014111,0.808697699,0.731180293,0.992422565,0.994750141,0.996257338,0.996744981,0.995956788,0.993561339,0.98912811,0.982097765,0.971743859,0.957114421,0.936965916,0.909600677,0.872606748,0.822306181,0.752796226,0.995038804,0.997623537,0.999356759,1,0.999234175,0.996628912,0.991599795,0.983350684,0.970795674,0.95244524,0.926270877,0.889466527,0.838167889,0.76715289,0.670053119,-0.534492037,-0.540001919,-0.545977699,-0.552445163,-0.559419622,-0.566893838,-0.574834507,-0.583161054,-0.591728143,-0.600306266,-0.608529337,-0.615866301,-0.621515661,-0.624252651,-0.622080734,0.992427045,0.994707056,0.996141868,0.996521175,0.995573051,0.992944468,0.988176195,0.980672823,0.969667256,0.954171489,0.932933661,0.904322173,0.866156714,0.815330583,0.747184482,0.992559119,0.99488454,0.996378731,0.9968369,0.995995459,0.993514348,0.988954584,0.981752837,0.971192997,0.956368046,0.936155074,0.909125906,0.873416435,0.826385714,0.763953676,0.994835806,0.997376458,0.999051219,0.999615411,0.998740461,0.995981133,0.990728804,0.982146626,0.969077775,0.949905272,0.922370036,0.883252287,0.827982474,0.75028041,0.642643591,-0.534492036,-0.540001917,-0.545977696,-0.552445159,-0.559419622,-0.566893838,-0.574834508,-0.583161052,-0.591728142,-0.600306265,-0.608529337,-0.615866301,-0.621515662,-0.624252652,-0.622080733,0.092297269,0.108342132,0.125519377,0.143843473,0.163299084,0.183835698,0.205349268,0.227677055,0.250582483,0.273759236,0.296825654,0.319359288,0.340917414,0.361070326,0.379462442
0.987039801,0.990372731,0.992955291,0.994589113,0.995015651,0.993895141,0.990779067,0.985072922,0.975986344,0.962456143,0.943045705,0.915731088,0.877551033,0.823939662,0.747711235,0.987196133,0.990581971,0.993233686,0.994959235,0.995509562,0.994559724,0.991684569,0.986327251,0.97775903,0.965018706,0.946840767,0.921489472,0.886487487,0.838049106,0.770087224,0.990426541,0.994181082,0.997192494,0.999234175,1,0.999072935,0.995881903,0.989642157,0.979274644,0.963288518,0.939636847,0.905468932,0.856827934,0.788319783,0.693277025,-0.551381997,-0.557203036,-0.563494269,-0.570282107,-0.577582394,-0.585388365,-0.59366671,-0.602336286,-0.611250014,-0.62017497,-0.628738934,-0.63640101,-0.642344192,-0.645319549,-0.643290761,0.987224794,0.990567704,0.993152381,0.994775594,0.995172436,0.993995881,0.990791125,0.984963547,0.975740804,0.962120905,0.942822552,0.916165196,0.879888466,0.830760717,0.76392567,0.987372168,0.990764875,0.993414511,0.995123719,0.995636416,0.994619234,0.991638618,0.986133515,0.977384887,0.964475427,0.946258892,0.921268425,0.887577448,0.84245013,0.781658773,0.990195497,0.993901215,0.996848841,0.99880563,0.99945613,0.998368773,0.994948893,0.988372069,0.977489952,0.960686592,0.93568729,0.899229565,0.846648581,0.771476284,0.665870106,-0.551381996,-0.557203034,-0.563494266,-0.570282103,-0.577582394,-0.585388365,-0.593666712,-0.602336284,-0.611250013,-0.620174969,-0.628738934,-0.63640101,-0.642344193,-0.645319551,-0.643290761,0.091087908,0.107004984,0.124055577,0.14225556,0.161591162,0.182013632,0.20342073,0.225651483,0.248470777,0.271573179,0.294576788,0.317057475,0.33856883,0.358675219,0.377013353
0.979533146,0.983980861,0.987776588,0.990730924,0.992594631,0.993036648,0.991616207,0.987743528,0.980627657,0.969196845,0.951990443,0.926940107,0.891004265,0.839479193,0.764938868,0.979707671,0.984213236,0.98808433,0.991138212,0.99313558,0.993760798,0.992597279,0.989094094,0.982523697,0.971919143,0.955995632,0.932981331,0.900333708,0.854156856,0.788171696,0.983669654,0.988676859,0.993067113,0.996628912,0.999072935,1,0.99885767,0.994878651,0.986997434,0.973729078,0.953014953,0.921965308,0.876532329,0.811142603,0.718803591,-0.569602128,-0.575757636,-0.582387392,-0.589518449,-0.597167238,-0.605327582,-0.613966342,-0.623002078,-0.632286369,-0.641583418,-0.650515637,-0.658533314,-0.664805364,-0.668060665,-0.666225749,0.979760009,0.984227327,0.988036778,0.990994365,0.992844684,0.993249454,0.991761341,0.987789649,0.980559776,0.969058347,0.951975829,0.927582273,0.893533619,0.846465173,0.781308535,0.979926039,0.98444833,0.988329309,0.991381269,0.99335819,0.993936242,0.992690478,0.989065457,0.982342496,0.971597062,0.955661527,0.933031177,0.901715568,0.858879903,0.80014091,0.983406318,0.988358982,0.99267896,0.996148636,0.998469523,0.999228233,0.997849426,0.993527303,0.985128973,0.971047271,0.948999478,0.915687245,0.866353358,0.794334836,0.691419448,-0.569602127,-0.575757634,-0.582387389,-0.589518445,-0.597167239,-0.605327582,-0.613966343,-0.623002076,-0.632286369,-0.641583417,-0.650515637,-0.658533314,-0.664805365,-0.668060666,-0.666225748,0.089161584,0.104880441,0.121729949,0.139727488,0.158861105,0.179084234,0.200297097,0.222341385,0.244984625,0.267923668,0.290777967,0.313123283,0.33451091,0.354500259,0.372720685
0.969131822,0.974753232,0.979835855,0.984201808,0.987614165,0.989753984,0.990192165,0.988347953,0.983434321,0.974375623,0.95969109,0.937271166,0.90399497,0.855018239,0.782664129,0.969328128,0.975013161,0.980178395,0.984653008,0.988210515,0.990548089,0.991261742,0.989810898,0.985473926,0.977283083,0.963938641,0.943636639,0.913771798,0.870338211,0.806860201,0.974165666,0.98051153,0.986387072,0.991599795,0.995881903,0.99885767,1,0.998566849,0.993515105,0.983375618,0.966087923,0.93873244,0.897175751,0.835660794,0.746843896,-0.589056893,-0.595571284,-0.602563758,-0.61006206,-0.618083302,-0.626622083,-0.635645715,-0.64507291,-0.654754548,-0.664452864,-0.673786215,-0.682197863,-0.688845188,-0.69243841,-0.690871813,0.969402909,0.975054282,0.980163156,0.98454735,0.987963977,0.990086897,0.990480093,0.988560893,0.983556544,0.974446188,0.959894632,0.938123545,0.906702946,0.86212821,0.799104468,0.969591309,0.975303714,0.980491796,0.984980142,0.988535897,0.990848282,0.99150496,0.989960426,0.985500796,0.977198728,0.963868631,0.943970379,0.915449973,0.875371377,0.819189774,0.973865057,0.980149489,0.985946843,0.99105852,0.995207691,0.998004766,0.998900487,0.997115635,0.991541973,0.980591647,0.96198485,0.932398187,0.886989263,0.818896598,0.719508454,-0.589056893,-0.595571282,-0.602563755,-0.610062057,-0.618083302,-0.626622083,-0.635645717,-0.645072908,-0.654754547,-0.664452863,-0.673786215,-0.682197863,-0.688845189,-0.692438411,-0.690871813,0.08632658,0.101757154,0.11831019,0.136004679,0.154830776,0.1747446,0.195649636,0.21739136,0.239741426,0.262400766,0.284992239,0.307093558,0.328255572,0.348034085,0.366051638
0.954996261,0.961844321,0.968283147,0.974149422,0.979222152,0.983198731,0.985666663,0.9860598,0.983601165,0.977217882,0.96541539,0.946049104,0.915923471,0.870055341,0.800511428,0.955218249,0.962136621,0.968666448,0.974651926,0.97988309,0.984074231,0.986839018,0.987652967,0.985806696,0.980338624,0.969940885,0.952784353,0.926207132,0.886098046,0.825785747,0.961108478,0.968879209,0.976349532,0.983350684,0.989642157,0.994878651,0.998566849,1,0.998169104,0.991634305,0.978347609,0.955374223,0.918506522,0.861805115,0.777551415,-0.609491579,-0.616388798,-0.623767752,-0.631656962,-0.640074384,-0.649015695,-0.6584491,-0.668294157,-0.678402072,-0.688534571,-0.698308083,-0.707161807,-0.714245808,-0.718257566,-0.717067445,0.955312983,0.962201937,0.968680261,0.974580653,0.979676367,0.983657582,0.986104418,0.986447558,0.983921698,0.977504206,0.965838861,0.947102337,0.91877909,0.877220382,0.816893175,0.955527825,0.962484852,0.969051306,0.975067206,0.980316579,0.984506009,0.987240772,0.987990881,0.986053233,0.980503955,0.97014507,0.953406023,0.928172464,0.891408173,0.838404779,0.960764849,0.96846585,0.975848369,0.982737505,0.988883826,0.993928501,0.99735686,0.998426496,0.996065939,0.988720928,0.974130222,0.948962041,0.908302702,0.845094972,0.750299921,-0.609491578,-0.616388797,-0.623767748,-0.631656959,-0.640074383,-0.649015695,-0.658449101,-0.668294155,-0.678402072,-0.68853457,-0.698308083,-0.707161807,-0.714245809,-0.718257567,-0.717067445,0.082331634,0.09735827,0.113492131,0.130753914,0.149136212,0.168598431,0.189048307,0.210336497,0.232240659,0.254468086,0.276647686,0.298361797,0.319163256,0.338606062,0.35630671
0.936004505,0.944119679,0.951972786,0.959418651,0.966256535,0.972205316,0.976875266,0.979722045,0.979986947,0.976609257,0.968090444,0.952261582,0.92586289,0.883781349,0.81783062,0.936256291,0.944449453,0.95240319,0.959980361,0.966991924,0.973174545,0.978165841,0.98146479,0.982382694,0.979973816,0.972932411,0.959415619,0.936716805,0.900631649,0.844303588,0.943417312,0.952694217,0.961866792,0.970795674,0.979274644,0.986997434,0.993515105,0.998169104,1,0.997615616,0.989000996,0.971228598,0.940037325,0.889316385,0.810954704,-0.630402167,-0.637702749,-0.645488532,-0.653788969,-0.662623119,-0.671988199,-0.681853994,-0.692141974,-0.702705258,-0.713307335,-0.723566063,-0.732921282,-0.740522487,-0.74506388,-0.744405365,0.93636642,0.944533619,0.952439747,0.959935954,0.966815933,0.972791261,0.977464192,0.980285616,0.980505236,0.977106818,0.968720771,0.953485859,0.928805714,0.890888388,0.833956658,0.936612047,0.944855442,0.952859992,0.960484812,0.96753522,0.973740391,0.978729416,0.981994967,0.982852691,0.980390994,0.973408196,0.960312138,0.938935996,0.906150108,0.857087636,0.943024239,0.952221477,0.961294627,0.9700981,0.978416823,0.985931324,0.992172191,0.996446945,0.997736826,0.994540511,0.984637567,0.96471295,0.929805857,0.872676678,0.78383794,-0.630402167,-0.637702748,-0.645488529,-0.653788967,-0.662623119,-0.671988199,-0.681853995,-0.692141972,-0.702705257,-0.713307335,-0.723566063,-0.732921282,-0.740522488,-0.745063881,-0.744405365,0.076845404,0.091319348,0.106875998,0.123537846,0.141300303,0.160126787,0.179930508,0.200569045,0.221828421,0.24342518,0.26499764,0.28613619,0.306398782,0.325339954,0.342571169
0.910646755,0.920047097,0.929350901,0.938435265,0.9471248,0.955166097,0.962199824,0.96771266,0.970975122,0.97095174,0.966154774,0.954408301,0.932407672,0.894930833,0.833556997,0.910932496,0.920419542,0.929834918,0.939064353,0.947944914,0.956241982,0.963624892,0.969625463,0.973586842,0.974592473,0.971353861,0.962032349,0.943897145,0.912674496,0.861348521,0.9196327,0.930483977,0.941455898,0.95244524,0.963288518,0.973729078,0.983375618,0.991634305,0.997615616,1,0.996834799,0.985233497,0.960916315,0.917627501,0.846858321,-0.650910146,-0.658626415,-0.666831088,-0.675554786,-0.684818074,-0.694620395,-0.704934149,-0.715684325,-0.726728349,-0.737834946,-0.748628539,-0.75855688,-0.766779327,-0.772001492,-0.772093827,0.911050196,0.920513227,0.929883034,0.939033326,0.947783258,0.955871904,0.96293103,0.968440481,0.971675047,0.971636405,0.966953599,0.955740119,0.93533055,0.901799249,0.849129187,0.911331082,0.920879594,0.930359609,0.939653533,0.948593134,0.956936445,0.964343978,0.970340129,0.974269833,0.975245958,0.972076215,0.963161324,0.946297101,0.918276331,0.874090576,0.919183381,0.929943199,0.940801789,0.951649553,0.962314167,0.972526091,0.981874507,0.989733643,0.995158377,0.996726452,0.992289633,0.978586852,0.950649674,0.901086556,0.819953044,-0.650910146,-0.658626414,-0.666831085,-0.675554784,-0.684818073,-0.694620395,-0.704934151,-0.715684323,-0.726728348,-0.737834945,-0.748628539,-0.75855688,-0.766779328,-0.772001493,-0.772093827,0.069428665,0.083158215,0.097933787,0.113779736,0.130694746,0.148647129,0.167557085,0.187291293,0.207647104,0.228353963,0.249063845,0.269379532,0.288868068,0.307087498,0.32364553
0.876911318,0.887576219,0.898327894,0.909070335,0.919659339,0.929876558,0.939402321,0.947765939,0.954281555,0.957956917,0.957336824,0.950265454,0.933426374,0.901528206,0.845959791,0.877234798,0.887996145,0.898871646,0.909774604,0.920574121,0.931071769,0.940977992,0.949869221,0.95713502,0.961906164,0.962933344,0.958409484,0.945613382,0.920243698,0.875176122,0.887802511,0.900268725,0.913111256,0.926270877,0.939636847,0.953014953,0.966087923,0.978347609,0.989000996,0.996834799,1,0.995701168,0.979695879,0.94563491,0.884630006,-0.669518419,-0.67764589,-0.686264442,-0.695406209,-0.705093856,-0.715330058,-0.726091359,-0.737308634,-0.748847183,-0.760486176,-0.771864351,-0.782448394,-0.791423408,-0.797528813,-0.798677863,0.877347039,0.888083628,0.898912289,0.909733822,0.920398536,0.930680126,0.940248759,0.948624193,0.955119564,0.958770413,0.958222603,0.951585335,0.936147069,0.907872433,0.860527384,0.877667403,0.888499955,0.899452167,0.910434377,0.921310637,0.931875155,0.941829003,0.950739594,0.957994881,0.962748835,0.963837822,0.959678233,0.9480548,0.925713288,0.887539982,0.887290614,0.899651624,0.91236449,0.925363383,0.938528686,0.951653595,0.964402382,0.976237259,0.986314058,0.993324705,0.9952372,0.988899035,0.969396637,0.929244303,0.858056717,-0.669518419,-0.67764589,-0.686264439,-0.695406208,-0.705093855,-0.715330058,-0.726091361,-0.737308632,-0.748847182,-0.760486176,-0.771864352,-0.782448394,-0.791423409,-0.797528815,-0.798677863,0.059506008,0.072244858,0.08597722,0.100729373,0.116503812,0.133274815,0.150971455,0.169472217,0.188589476,0.208070132,0.227585111,0.246755006,0.265160881,0.282367968,0.297981731
0.832071156,0.843917942,0.85605017,0.868403718,0.88087206,0.893280399,0.905359769,0.916696536,0.926667158,0.934346938,0.938344454,0.936564836,0.925732984,0.900556503,0.852318046,0.832435024,0.844388885,0.856658362,0.8691894,0.88188972,0.894605684,0.907100011,0.919008277,0.929785232,0.938633304,0.944373472,0.945270738,0.938666199,0.920299701,0.883027768,0.845267122,0.859339328,0.874074549,0.889466527,0.905468932,0.921965308,0.93873244,0.955374223,0.971228598,0.985233497,0.995701168,1,0.994011697,0.971383214,0.922904264,-0.683844977,-0.692349453,-0.701346472,-0.710870157,-0.720946093,-0.731581589,-0.742759504,-0.75441999,-0.766441379,-0.77862087,-0.790622885,-0.80194932,-0.811834589,-0.819085347,-0.821706172,0.832521179,0.844445086,0.856660964,0.869101513,0.881654427,0.894136143,0.90626571,0.917616318,0.927556615,0.935177722,0.939168973,0.937668131,0.927957032,0.905936934,0.865209416,0.832884266,0.844915741,0.857270012,0.869890278,0.882679259,0.895475663,0.908031859,0.919972135,0.930745079,0.939568087,0.945333775,0.946508604,0.940908657,0.925285179,0.894485555,0.844688325,0.858639777,0.873226704,0.888435948,0.904212194,0.920426701,0.936838979,0.95302597,0.968279805,0.981453384,0.99069201,0.993030407,0.983705529,0.955236835,0.896856051,-0.683844978,-0.692349454,-0.701346469,-0.710870157,-0.720946091,-0.73158159,-0.742759506,-0.754419988,-0.766441378,-0.778620869,-0.790622886,-0.80194932,-0.81183459,-0.819085348,-0.821706172,0.046331588,0.057763604,0.070116107,0.083417338,0.097674244,0.112868386,0.128940039,0.145782857,0.163228833,0.181047989,0.198936774,0.216540312,0.233459799,0.249272187,0.263582576
0.772463688,0.785310935,0.79865174,0.81245888,0.826670298,0.841164127,0.855734806,0.870043174,0.883551684,0.895435387,0.904410379,0.908502401,0.904559443,0.887399034,0.848344497,0.772868023,0.785833467,0.79932566,0.813328264,0.827794488,0.842624941,0.857647371,0.872573925,0.886948103,0.900075822,0.910891287,0.917789716,0.918253788,0.908172597,0.880531089,0.788429673,0.804012589,0.82057316,0.838167889,0.856827934,0.876532329,0.897175751,0.918506522,0.940037325,0.960916315,0.979695879,0.994011697,1,0.991450983,0.958955209,-0.690111524,-0.698907971,-0.708195714,-0.718011433,-0.728384673,-0.739329231,-0.750837215,-0.762862719,-0.775304292,-0.787987846,-0.800619662,-0.812760176,-0.823727196,-0.832443487,-0.837076804,0.772896691,0.785820001,0.799243229,0.813135657,0.827428735,0.841990434,0.856600568,0.870901925,0.884340346,0.896091357,0.904925601,0.909058645,0.905829205,0.891155541,0.8585752,0.773303388,0.78634668,0.799924303,0.814017113,0.828573025,0.843484226,0.858566498,0.873517452,0.887868314,0.900929112,0.911687049,0.918708677,0.919906597,0.912122176,0.89027605,0.787784745,0.803230226,0.81962233,0.837010298,0.855416154,0.874806975,0.895061524,0.915904354,0.936808795,0.956850026,0.974433898,0.986893631,0.989759347,0.975717477,0.933744725,-0.690111524,-0.698907972,-0.708195712,-0.718011433,-0.728384671,-0.739329232,-0.750837218,-0.762862717,-0.775304291,-0.787987845,-0.800619662,-0.812760176,-0.823727198,-0.832443488,-0.837076802,0.02898124,0.038704054,0.049247952,0.060643125,0.072901741,0.086014224,0.099934914,0.114576761,0.129797032,0.145395852,0.161103277,0.176597252,0.19150665,0.205425862,0.21796217
0.693292894,0.706807812,0.721022542,0.735951094,0.751582274,0.767856676,0.78464586,0.80170511,0.818611573,0.834680899,0.848795284,0.859184312,0.862938695,0.855156572,0.827442031,0.693732778,0.707376632,0.721756557,0.736898305,0.75280697,0.769446934,0.786724608,0.804448459,0.822278939,0.839665266,0.855711482,0.8690226,0.877336283,0.876852327,0.860915648,0.712529075,0.729383191,0.747548111,0.76715289,0.788319783,0.811142603,0.835660794,0.861805115,0.889316385,0.917627501,0.94563491,0.971383214,0.991450983,1,0.987647552,-0.682533608,-0.691455049,-0.700860835,-0.710790723,-0.721279358,-0.732349219,-0.744005303,-0.756221604,-0.768926281,-0.781988116,-0.795176995,-0.808143647,-0.820336328,-0.83086267,-0.838156862,0.69365891,0.707238254,0.721521297,0.736517728,0.752208492,0.768521785,0.785310758,0.802306131,0.819057095,0.834860223,0.848618656,0.858695638,0.862582225,0.856342193,0.833621326,0.694105344,0.707817106,0.722270785,0.737488811,0.75347014,0.770169253,0.787478039,0.805185852,0.822932716,0.840157727,0.855993367,0.869175166,0.877806402,0.878946575,0.867767083,0.711829182,0.728529687,0.746506315,0.765880468,0.786765118,0.809242537,0.833337879,0.858961948,0.885824032,0.913298939,0.94016246,0.96419807,0.98143364,0.984973189,0.963777966,-0.682533608,-0.69145505,-0.700860833,-0.710790723,-0.721279356,-0.73234922,-0.744005306,-0.756221603,-0.768926279,-0.781988116,-0.795176995,-0.808143647,-0.820336329,-0.830862672,-0.83815686,0.006431532,0.013944487,0.022145825,0.031067606,0.040728064,0.051128336,0.062240242,0.074000981,0.08629991,0.098975703,0.111801835,0.124499244,0.136733909,0.148125219,0.158286738
0.589009639,0.602639967,0.617154881,0.632612038,0.649055622,0.666496762,0.684897044,0.704126843,0.723909905,0.743750448,0.762769756,0.779509451,0.791466314,0.794264555,0.7801552,0.589471545,0.603239473,0.617931012,0.633616348,0.650356858,0.668188575,0.68710911,0.707043241,0.727799076,0.749014901,0.77003358,0.789770913,0.806370312,0.816567439,0.814407308,0.611951983,0.629607884,0.648905125,0.670053119,0.693277025,0.718803591,0.746843896,0.777551415,0.810954704,0.846858321,0.884630006,0.922904264,0.958955209,0.987647552,1,-0.65283321,-0.661590747,-0.670814853,-0.680548541,-0.690832462,-0.701699927,-0.713172743,-0.725251573,-0.737905223,-0.751062364,-0.764583172,-0.778248275,-0.79169636,-0.804310092,-0.814929646,0.58923581,0.602903335,0.617453482,0.632938042,0.649391077,0.666807978,0.685126719,0.704184638,0.723663244,0.743023297,0.761364759,0.777290577,0.788576942,0.791622672,0.780452732,0.589709679,0.603520453,0.618255757,0.633981278,0.650750631,0.668587491,0.687471179,0.707301127,0.72785441,0.748740931,0.769300248,0.78852446,0.804833068,0.815682818,0.816756751,0.61122645,0.628716232,0.647809407,0.668707399,0.691626028,0.716781106,0.744371408,0.774535042,0.807278434,0.842366201,0.879077835,0.915840651,0.949455706,0.973808637,0.978248589,-0.652833211,-0.661590748,-0.670814851,-0.680548543,-0.69083246,-0.701699929,-0.713172746,-0.725251571,-0.737905221,-0.751062364,-0.764583172,-0.778248275,-0.791696361,-0.804310094,-0.814929643,-0.022117762,-0.017399663,-0.012165672,-0.006382117,-2.39E-05,0.006922917,0.014451294,0.022528287,0.031083082,0.040002594,0.049115119,0.058196661,0.066961986,0.075065775,0.08213505
-0.489267473,-0.501952333,-0.515809035,-0.530918947,-0.547348247,-0.565121017,-0.584206719,-0.604467696,-0.625602324,-0.647071994,-0.667929174,-0.686648681,-0.700697123,-0.705827341,-0.694776563,-0.49058615,-0.503489553,-0.517604562,-0.533021656,-0.549819145,-0.56803797,-0.58767174,-0.60861909,-0.630635198,-0.653273294,-0.675740617,-0.696780485,-0.71433201,-0.724969438,-0.72275077,-0.491636404,-0.504682079,-0.518942102,-0.534492037,-0.551381997,-0.569602128,-0.589056893,-0.609491579,-0.630402167,-0.650910146,-0.669518419,-0.683844977,-0.690111524,-0.682533608,-0.65283321,1,0.999732876,0.998880028,0.997350687,0.995032183,0.991783989,0.987431556,0.981758556,0.974500168,0.965332781,0.953868828,0.939629231,0.921998642,0.900089412,0.872389528,-0.4887823,-0.501375283,-0.515115302,-0.530074026,-0.546303317,-0.563806879,-0.58252556,-0.602283723,-0.622733447,-0.643289028,-0.662982134,-0.680353793,-0.693163894,-0.697969051,-0.689326305,-0.490111008,-0.502926724,-0.51693117,-0.532206079,-0.548816845,-0.566786312,-0.586082911,-0.606571986,-0.627969063,-0.649788623,-0.671224273,-0.691083719,-0.707569498,-0.717961309,-0.71792262,-0.492993687,-0.506306102,-0.520887138,-0.536823869,-0.55418039,-0.572962939,-0.593094462,-0.614337944,-0.636200147,-0.657790864,-0.677539753,-0.69285452,-0.699461659,-0.69058618,-0.65637158,1,0.999732876,0.998880028,0.997350687,0.995032184,0.991783988,0.987431555,0.981758556,0.974500168,0.96533278,0.953868829,0.939629232,0.921998642,0.900089414,0.87238953,0.091457913,0.090866239,0.089910762,0.088523577,0.086629146,0.084140857,0.080967281,0.077010094,0.072169678,0.06635223,0.059469242,0.051449946,0.042235519,0.031783985,0.020057812
-0.493891778,-0.506817422,-0.520930067,-0.536313065,-0.553034646,-0.571120843,-0.590542678,-0.611163166,-0.632679602,-0.65454952,-0.675816275,-0.694937841,-0.709350243,-0.714752564,-0.703787877,-0.49523849,-0.508387182,-0.522763422,-0.538459829,-0.555556964,-0.574097984,-0.594078412,-0.615398057,-0.637811754,-0.660870043,-0.68377295,-0.705250244,-0.723216272,-0.734201793,-0.732187564,-0.496332924,-0.50963186,-0.52416228,-0.540001919,-0.557203036,-0.575757636,-0.595571284,-0.616388798,-0.637702749,-0.658626415,-0.67764589,-0.692349453,-0.698907971,-0.691455049,-0.661590747,0.999732876,1,0.999706199,0.998761935,0.997055611,0.994447566,0.990763537,0.985786723,0.979250498,0.97082763,0.960124132,0.946650984,0.929777915,0.908595804,0.881560603,-0.493420711,-0.506257068,-0.520255996,-0.535491148,-0.552016375,-0.569837202,-0.588895773,-0.60901666,-0.629850132,-0.650805585,-0.670904254,-0.688669137,-0.70182961,-0.706892566,-0.698334577,-0.494777573,-0.507841235,-0.522109981,-0.537667707,-0.554582033,-0.572877942,-0.592525609,-0.61339123,-0.635189493,-0.657431492,-0.679302849,-0.699597278,-0.716493591,-0.727233088,-0.727416611,-0.497696072,-0.511262856,-0.526115612,-0.542343635,-0.560013225,-0.57913256,-0.59962579,-0.621255535,-0.643525228,-0.66553637,-0.685701235,-0.701395926,-0.708291303,-0.699520146,-0.665086838,0.999732876,1,0.9997062,0.998761935,0.997055611,0.994447565,0.990763536,0.985786724,0.979250498,0.970827629,0.960124132,0.946650985,0.929777915,0.908595805,0.881560605,0.092549996,0.091867977,0.090812328,0.089314558,0.087298717,0.084678058,0.081361432,0.077251372,0.072249919,0.066265798,0.05921426,0.051029287,0.041657917,0.031064836,0.019219092
-0.498962845,-0.512133665,-0.526506272,-0.542166003,-0.559183147,-0.577585734,-0.597346412,-0.61832897,-0.64022976,-0.662502607,-0.68418187,-0.703708635,-0.718487847,-0.724163271,-0.713280251,-0.500339324,-0.513737918,-0.528379662,-0.544359321,-0.561759726,-0.580626307,-0.600956585,-0.622651677,-0.645466254,-0.668948383,-0.692291118,-0.714210824,-0.732596934,-0.743935764,-0.742128249,-0.501480813,-0.515038129,-0.529843789,-0.545977699,-0.563494269,-0.582387392,-0.602563758,-0.623767752,-0.645488532,-0.666831088,-0.686264442,-0.701346472,-0.708195714,-0.700860835,-0.670814853,0.998880028,0.999706199,1,0.999673579,0.998616922,0.996691761,0.993724685,0.989498971,0.983746678,0.976137373,0.966270801,0.953647911,0.937622918,0.91726402,0.890993165,-0.498507532,-0.511591972,-0.525854209,-0.541369882,-0.55819486,-0.57633654,-0.595738443,-0.616225465,-0.637446208,-0.658805325,-0.67931375,-0.697476419,-0.710991768,-0.716315612,-0.707840982,-0.499894263,-0.513210798,-0.527748491,-0.543593412,-0.560815445,-0.579441777,-0.599444424,-0.620690578,-0.642894286,-0.665563482,-0.687876057,-0.708611915,-0.725926088,-0.737020746,-0.737432079,-0.502848119,-0.516674067,-0.531802997,-0.548326409,-0.566312806,-0.58577231,-0.606630282,-0.62864899,-0.651328513,-0.67376196,-0.69434392,-0.710418158,-0.717598297,-0.708921707,-0.67424829,0.998880028,0.999706199,1,0.99967358,0.998616922,0.996691761,0.993724684,0.989498971,0.983746678,0.976137372,0.966270801,0.953647912,0.937622918,0.917264021,0.890993168,0.093511506,0.092724699,0.091553256,0.0899281,0.087772903,0.085000874,0.081521317,0.077237896,0.072054711,0.065883558,0.058644181,0.050276198,0.040733578,0.029988914,0.018019143
-0.504504356,-0.51792535,-0.532562535,-0.548503231,-0.565819811,-0.584542364,-0.604645259,-0.625993212,-0.648281843,-0.670961524,-0.693057886,-0.712995263,-0.728147236,-0.73410085,-0.723300113,-0.505912426,-0.519566151,-0.534478277,-0.550745724,-0.568453626,-0.587649762,-0.608333768,-0.63040825,-0.653627977,-0.677538873,-0.701327417,-0.723696925,-0.742512012,-0.754213823,-0.752621005,-0.507103975,-0.520925426,-0.536011796,-0.552445163,-0.570282107,-0.589518449,-0.61006206,-0.631656962,-0.653788969,-0.675554786,-0.695406209,-0.710870157,-0.718011433,-0.710790723,-0.680548541,0.997350687,0.998761935,0.999673579,1,0.999633363,0.99843744,0.996240355,0.992826158,0.987926239,0.981207534,0.972263833,0.960586097,0.945512549,0.926087555,0.900697108,-0.504066385,-0.51740421,-0.531934729,-0.547735579,-0.56486468,-0.58333137,-0.603080653,-0.623937905,-0.645550278,-0.667317928,-0.688241741,-0.706808722,-0.72068611,-0.726277379,-0.717888883,-0.505484792,-0.519059724,-0.533871593,-0.550008661,-0.567543114,-0.586504431,-0.606866594,-0.628497981,-0.651112258,-0.674214531,-0.696975355,-0.718161185,-0.735903416,-0.74736454,-0.748014144,-0.508473476,-0.522563976,-0.537974108,-0.554797573,-0.573105072,-0.5929087,-0.614135065,-0.636546132,-0.659638683,-0.682497417,-0.703499076,-0.7199545,-0.727418602,-0.718830142,-0.683898863,0.997350687,0.998761935,0.999673579,1,0.999633363,0.998437439,0.996240355,0.992826159,0.987926239,0.981207534,0.972263833,0.960586098,0.945512549,0.926087556,0.900697111,0.094321492,0.093413972,0.092109502,0.090338408,0.088024029,0.085079637,0.081415184,0.076935776,0.071548036,0.065167453,0.057719108,0.049149281,0.039420122,0.028513589,0.016416049
-0.510529913,-0.524206567,-0.539113425,-0.555339809,-0.57296021,-0.592006871,-0.612456021,-0.634173535,-0.656854617,-0.679946597,-0.702466871,-0.722823447,-0.738358597,-0.744601577,-0.733891604,-0.511971489,-0.525886066,-0.541073942,-0.557634212,-0.575654363,-0.595184628,-0.616226923,-0.638685605,-0.662315908,-0.686662109,-0.71090474,-0.73373473,-0.752992356,-0.765073267,-0.763711669,-0.513216197,-0.527308046,-0.542681099,-0.559419622,-0.577582394,-0.597167238,-0.618083302,-0.640074384,-0.662623119,-0.684818074,-0.705093856,-0.720946093,-0.728384673,-0.721279358,-0.690832462,0.995032183,0.997055611,0.998616922,0.999633363,1,0.999583413,0.998214111,0.995677775,0.991705968,0.985963781,0.978039566,0.967414565,0.953410721,0.93504758,0.91067337,-0.510110747,-0.523707714,-0.538511933,-0.554603059,-0.572041105,-0.590837451,-0.610938726,-0.632171012,-0.654180314,-0.67636268,-0.697709398,-0.716689911,-0.730940274,-0.736810604,-0.728517494,-0.511562723,-0.525402041,-0.540493767,-0.55692838,-0.574780429,-0.594081794,-0.614808587,-0.636830633,-0.659861576,-0.683404171,-0.70662223,-0.728269389,-0.746453869,-0.758298252,-0.759203806,-0.514585652,-0.528946551,-0.544643369,-0.561772003,-0.580405371,-0.600557597,-0.622156613,-0.644964215,-0.668474039,-0.691762528,-0.713188623,-0.730029922,-0.737781432,-0.729280266,-0.694080111,0.995032184,0.997055612,0.998616922,0.999633363,1,0.999583412,0.99821411,0.995677776,0.991705968,0.98596378,0.978039566,0.967414565,0.953410721,0.935047582,0.910673373,0.094955416,0.09390973,0.092453334,0.09051596,0.088020659,0.084880893,0.081007484,0.076307341,0.070690138,0.064075772,0.056395633,0.047603847,0.037672201,0.026593714,0.014366001
-0.517031068,-0.530969198,-0.546151181,-0.562668367,-0.580597441,-0.599972937,-0.620773164,-0.642865487,-0.665945182,-0.689457182,-0.712411479,-0.733200631,-0.749136229,-0.755689269,-0.745091214,-0.518508154,-0.532689644,-0.548158998,-0.565017528,-0.583355151,-0.603224718,-0.624630656,-0.647479446,-0.671527327,-0.696317661,-0.721026009,-0.744332038,-0.764052767,-0.776538708,-0.775438128,-0.519809144,-0.534177992,-0.549844062,-0.566893838,-0.585388365,-0.605327582,-0.626622083,-0.649015695,-0.671988199,-0.694620395,-0.715330058,-0.731581589,-0.739329231,-0.732349219,-0.701699927,0.991783989,0.994447566,0.996691761,0.99843744,0.999583413,1,0.999521127,0.997935187,0.994975002,0.990304892,0.983508595,0.974058237,0.961259542,0.944106592,0.920908433,-0.516631933,-0.530494078,-0.545577699,-0.561964507,-0.579716677,-0.598847773,-0.619306254,-0.640919232,-0.663332014,-0.685937132,-0.707717015,-0.727124295,-0.741764319,-0.747933272,-0.739755221,-0.518119458,-0.532229432,-0.547606985,-0.564344859,-0.582520043,-0.602166972,-0.623264123,-0.645683123,-0.669138102,-0.693130147,-0.716817232,-0.738941193,-0.757588048,-0.769840781,-0.771031122,-0.521176033,-0.535813478,-0.551802778,-0.569242049,-0.588206474,-0.608712311,-0.630688977,-0.653898344,-0.677831241,-0.70155625,-0.723414928,-0.740651765,-0.74870121,-0.740296124,-0.704828249,0.991783989,0.994447566,0.996691761,0.998437439,0.999583412,1,0.999521127,0.997935188,0.994975002,0.990304892,0.983508596,0.974058237,0.961259542,0.944106593,0.920908436,0.095386045,0.09418334,0.092554616,0.090429007,0.087729347,0.084369428,0.080261208,0.075313805,0.069440554,0.06256657,0.054630669,0.045596178,0.035446192,0.024186766,0.011828883
-0.523974906,-0.53818016,-0.553642576,-0.570455593,-0.588698206,-0.608407452,-0.629564039,-0.652037325,-0.675523376,-0.699465716,-0.722868262,-0.744109662,-0.760472331,-0.767369542,-0.756922985,-0.525489593,-0.539943891,-0.555700313,-0.572862457,-0.591522798,-0.611737028,-0.633512434,-0.656758154,-0.681232204,-0.706478113,-0.731667941,-0.755471904,-0.775685735,-0.788616244,-0.787825406,-0.526849941,-0.541502213,-0.557467479,-0.574834507,-0.59366671,-0.613966342,-0.635645715,-0.6584491,-0.681853994,-0.704934149,-0.726091359,-0.742759504,-0.750837215,-0.744005303,-0.713172743,0.987431556,0.990763537,0.993724685,0.996240355,0.998214111,0.999521127,1,0.999443191,0.997586186,0.994093986,0.988546966,0.980409234,0.968970907,0.953200569,0.931367394,-0.523596651,-0.537729754,-0.553098232,-0.569785907,-0.587857229,-0.607328142,-0.628149242,-0.650149126,-0.672973066,-0.696010973,-0.718237587,-0.738090045,-0.753144178,-0.759642439,-0.751614267,-0.52512179,-0.53950844,-0.555177546,-0.572224178,-0.590727884,-0.610725876,-0.632199314,-0.655022125,-0.678909646,-0.70336229,-0.727533527,-0.750155008,-0.769292271,-0.781989886,-0.783509719,-0.528211482,-0.543131407,-0.559418797,-0.577174036,-0.596474672,-0.617339283,-0.639699048,-0.663316339,-0.687679782,-0.711850883,-0.734154778,-0.751803726,-0.760171847,-0.751885995,-0.716170426,0.987431557,0.990763537,0.993724684,0.996240355,0.99821411,0.999521127,1,0.999443191,0.997586186,0.994093985,0.988546966,0.980409234,0.968970908,0.95320057,0.931367397,0.095580952,0.094201144,0.092378386,0.090041231,0.087112375,0.083506119,0.079135863,0.073913402,0.067756425,0.060596188,0.052380193,0.043082516,0.032699463,0.021252394,0.008768122
-0.531283421,-0.545760621,-0.561508001,-0.578621203,-0.597181712,-0.617229396,-0.63874784,-0.661609128,-0.685511192,-0.709897649,-0.733768395,-0.755490738,-0.772320769,-0.779616212,-0.769388676,-0.532837861,-0.547570032,-0.563618332,-0.58108876,-0.600076546,-0.62064056,-0.642791451,-0.666441782,-0.691352474,-0.717068803,-0.742761539,-0.76709426,-0.787844759,-0.801279258,-0.800875013,-0.534260454,-0.549201701,-0.565471515,-0.583161054,-0.602336286,-0.623002078,-0.64507291,-0.668294157,-0.692141974,-0.715684325,-0.737308634,-0.75441999,-0.762862719,-0.756221604,-0.725251573,0.981758556,0.985786723,0.989498971,0.992826158,0.995677775,0.997935187,0.999443191,1,0.999345585,0.997147586,0.992984875,0.986315385,0.976415124,0.962228182,0.941984504,-0.530926285,-0.54533516,-0.560993,-0.577985834,-0.596380559,-0.616195792,-0.637384702,-0.659778044,-0.683022026,-0.706505281,-0.729196668,-0.749520021,-0.765023962,-0.771898692,-0.764078186,-0.532491161,-0.547159537,-0.563124967,-0.580484953,-0.599321785,-0.619675754,-0.641531168,-0.664764963,-0.689094711,-0.71402159,-0.738696548,-0.761843544,-0.781510516,-0.794706178,-0.79662374,-0.53561369,-0.550821147,-0.567411401,-0.585487212,-0.605128667,-0.626356975,-0.649105533,-0.673137919,-0.697941562,-0.722572279,-0.745340596,-0.763428569,-0.772151675,-0.764030508,-0.728117183,0.981758556,0.985786724,0.98949897,0.992826158,0.995677775,0.997935188,0.999443191,1,0.999345585,0.997147586,0.992984875,0.986315386,0.976415124,0.962228183,0.941984507,0.095503934,0.093926296,0.091887174,0.089314582,0.086131188,0.082252023,0.077592281,0.072066981,0.065598941,0.058126592,0.049607533,0.040028301,0.029400561,0.017763535,0.005162674
-0.538817756,-0.55356967,-0.569604551,-0.587020423,-0.605901557,-0.626291128,-0.648176315,-0.671433016,-0.695762615,-0.720611071,-0.744977414,-0.767221688,-0.784578586,-0.792355031,-0.782455122,-0.540414139,-0.555427185,-0.571770163,-0.589551659,-0.608869958,-0.629787605,-0.65231934,-0.676382269,-0.701741847,-0.727947423,-0.75417175,-0.779076085,-0.800425666,-0.814451853,-0.81455184,-0.541901534,-0.557135176,-0.5737128,-0.591728143,-0.611250014,-0.632286369,-0.654754548,-0.678402072,-0.702705258,-0.726728349,-0.748847183,-0.766441379,-0.775304292,-0.768926281,-0.737905223,0.974500168,0.979250498,0.983746678,0.987926239,0.991705968,0.994975002,0.997586186,0.999345585,1,0.999222348,0.996592715,0.991565798,0.983406371,0.971036766,0.95265057,-0.538481022,-0.553168212,-0.569117651,-0.586417737,-0.605138063,-0.625300355,-0.646860992,-0.669653868,-0.693327554,-0.717271407,-0.740451171,-0.761280866,-0.777285937,-0.784607873,-0.777086527,-0.540087798,-0.555040667,-0.571304913,-0.58898063,-0.608153113,-0.62886618,-0.651107946,-0.674759366,-0.699541729,-0.72495907,-0.750162751,-0.773872832,-0.794124272,-0.807894649,-0.810312213,-0.543243521,-0.558741461,-0.57563732,-0.594036414,-0.614021675,-0.635617432,-0.658760037,-0.683215387,-0.708471345,-0.733580309,-0.756841313,-0.775410009,-0.784547207,-0.776669466,-0.740653866,0.974500168,0.979250499,0.983746677,0.987926238,0.991705967,0.994975003,0.997586186,0.999345584,1,0.999222348,0.996592715,0.991565798,0.983406371,0.971036766,0.952650573,0.095114133,0.093318372,0.091041174,0.088210089,0.084747921,0.080570703,0.075595846,0.069742204,0.062938594,0.055131753,0.046290902,0.036416907,0.025539112,0.013717413,0.001019037
-0.546360345,-0.561385981,-0.577707195,-0.595424676,-0.614625919,-0.635358122,-0.657613106,-0.681272173,-0.706042497,-0.731375709,-0.756274709,-0.77909859,-0.797068633,-0.805449624,-0.796045253,-0.548000879,-0.563294021,-0.579930741,-0.598022502,-0.617671088,-0.638943438,-0.661859449,-0.686342373,-0.712164568,-0.738882832,-0.765676729,-0.791211686,-0.813248775,-0.827994123,-0.828774283,-0.549555133,-0.565080697,-0.581965541,-0.600306266,-0.62017497,-0.641583418,-0.664452864,-0.688534571,-0.713307335,-0.737834946,-0.760486176,-0.77862087,-0.787987846,-0.781988116,-0.751062364,0.965332781,0.97082763,0.976137373,0.981207534,0.985963781,0.990304892,0.994093986,0.997147586,0.999222348,1,0.999065765,0.995875629,0.989688097,0.97940916,0.963202507,-0.546041836,-0.561005794,-0.577244956,-0.594850323,-0.613894567,-0.634403147,-0.656336587,-0.679533339,-0.703646419,-0.728068864,-0.751767464,-0.773151832,-0.789730838,-0.797603955,-0.790521771,-0.547692698,-0.562928719,-0.57949013,-0.597479857,-0.61698659,-0.638058305,-0.660687872,-0.684761713,-0.71000696,-0.73593354,-0.761697531,-0.786020789,-0.806932502,-0.821387073,-0.824455378,-0.550883259,-0.566670856,-0.583871352,-0.602592929,-0.622921835,-0.64488629,-0.668426735,-0.693313108,-0.719036235,-0.744648683,-0.76844302,-0.787554933,-0.797197994,-0.789690817,-0.753735497,0.965332782,0.970827631,0.976137371,0.981207533,0.98596378,0.990304893,0.994093986,0.997147586,0.999222348,1,0.999065765,0.995875629,0.989688097,0.979409161,0.96320251,0.094364862,0.092332858,0.089798473,0.086688935,0.082927415,0.078431299,0.073120716,0.066919049,0.059762058,0.051605985,0.042433272,0.032261046,0.021138761,0.009149964,-0.003612956
-0.553565695,-0.568857509,-0.585457376,-0.603469078,-0.622984,-0.64405441,-0.666678315,-0.690744752,-0.715970112,-0.741816623,-0.767298137,-0.790782422,-0.809489979,-0.818658207,-0.810004793,-0.555252618,-0.570818492,-0.587741463,-0.606136299,-0.626108949,-0.647731791,-0.671031423,-0.695939575,-0.72223893,-0.749498669,-0.776912266,-0.803159025,-0.826008761,-0.841657988,-0.843379588,-0.556875144,-0.572685431,-0.589870194,-0.608529337,-0.628738934,-0.650515637,-0.673786215,-0.698308083,-0.723566063,-0.748628539,-0.771864351,-0.790622885,-0.800619662,-0.795176995,-0.764583172,0.953868828,0.960124132,0.966270801,0.972263833,0.978039566,0.983508595,0.988546966,0.992984875,0.996592715,0.999065765,1,0.998859549,0.994904833,0.987035215,0.973396803,-0.553260927,-0.568493024,-0.585012866,-0.602914408,-0.622273958,-0.643121619,-0.665423411,-0.689024405,-0.713585104,-0.738506582,-0.762762874,-0.784767448,-0.802023105,-0.810598921,-0.804166816,-0.554958102,-0.570468825,-0.587318546,-0.605613377,-0.62544596,-0.646869344,-0.669882512,-0.694379426,-0.720096127,-0.746552836,-0.772916658,-0.797919752,-0.819596604,-0.834891418,-0.838831473,-0.558187815,-0.57425777,-0.591755558,-0.610792707,-0.631459522,-0.653789293,-0.677728285,-0.703053107,-0.729261419,-0.755411513,-0.779797379,-0.799545177,-0.809833975,-0.802896633,-0.767265339,0.953868829,0.960124133,0.966270799,0.972263832,0.978039564,0.983508597,0.988546966,0.992984874,0.996592714,0.999065765,1,0.99885955,0.994904833,0.987035216,0.973396805,0.093208196,0.090927705,0.0881238,0.084723644,0.080651112,0.075825403,0.070169951,0.063613436,0.056099536,0.047595186,0.038097586,0.027641944,0.016300134,0.004182235,-0.008590777
-0.559934541,-0.575474673,-0.592335179,-0.610623573,-0.630436099,-0.651831611,-0.674816542,-0.699291036,-0.724985677,-0.751380476,-0.777510653,-0.801767054,-0.821388793,-0.831609689,-0.824087064,-0.561670246,-0.577491137,-0.594682484,-0.61336299,-0.633643727,-0.655604019,-0.679279382,-0.704613368,-0.731403914,-0.759239702,-0.787338443,-0.814407637,-0.838245296,-0.855062816,-0.858107873,-0.563361888,-0.579439203,-0.596906051,-0.615866301,-0.63640101,-0.658533314,-0.682197863,-0.707161807,-0.732921282,-0.75855688,-0.782448394,-0.80194932,-0.812760176,-0.808143647,-0.778248275,0.939629231,0.946650984,0.953647911,0.960586097,0.967414565,0.974058237,0.980409234,0.986315385,0.991565798,0.995875629,0.998859549,1,0.998572193,0.993485077,0.982888532,-0.559635559,-0.575116058,-0.591896223,-0.610073466,-0.629728539,-0.650897481,-0.673553746,-0.69755198,-0.722564559,-0.74800691,-0.772869408,-0.795581715,-0.813656709,-0.823152012,-0.817680311,-0.561381453,-0.577147294,-0.59426512,-0.612844726,-0.632983508,-0.654740874,-0.678123853,-0.703036893,-0.729229323,-0.756237979,-0.783250134,-0.809020741,-0.831606242,-0.847960995,-0.853091879,-0.564659484,-0.580994468,-0.59877226,-0.618108465,-0.639098575,-0.661782698,-0.686115526,-0.711884264,-0.738599201,-0.765332726,-0.790392273,-0.81091069,-0.822053053,-0.815987821,-0.781090286,0.939629232,0.946650985,0.953647909,0.960586096,0.967414563,0.974058239,0.980409235,0.986315385,0.991565798,0.995875629,0.998859549,1,0.998572193,0.993485077,0.982888535,0.091592806,0.08906284,0.085989919,0.082301554,0.077922817,0.07277533,0.066786524,0.059891198,0.0520419,0.043217312,0.033430675,0.022736745,0.01123168,-0.000945463,-0.013642013
-0.564713902,-0.580468253,-0.597555057,-0.616086475,-0.636165012,-0.657858295,-0.681184404,-0.706059444,-0.732235361,-0.759220355,-0.786086215,-0.811268173,-0.832053339,-0.843709556,-0.837877261,-0.566501285,-0.582543231,-0.599968717,-0.618901286,-0.639458511,-0.661728815,-0.685759807,-0.711511633,-0.738804545,-0.76725695,-0.79612573,-0.824167543,-0.849237665,-0.867600316,-0.87252449,-0.568262808,-0.584573133,-0.602287819,-0.621515661,-0.642344192,-0.664805364,-0.688845188,-0.714245808,-0.740522487,-0.766779327,-0.791423408,-0.811834589,-0.823727196,-0.820336328,-0.79169636,0.921998642,0.929777915,0.937622918,0.945512549,0.953410721,0.961259542,0.968970907,0.976415124,0.983406371,0.989688097,0.994904833,0.998572193,1,0.998132915,0.991160175,-0.564407414,-0.580099124,-0.597101409,-0.615515858,-0.635428798,-0.656884037,-0.679865216,-0.704240759,-0.729701173,-0.755685304,-0.78121304,-0.804748365,-0.823838578,-0.834559807,-0.830498895,-0.566204977,-0.582188904,-0.599536775,-0.618362773,-0.638770172,-0.66082655,-0.684549704,-0.709858738,-0.736522468,-0.764103347,-0.791821926,-0.818474108,-0.842162995,-0.859884485,-0.866662916,-0.569549336,-0.586116505,-0.60414161,-0.623745435,-0.645030327,-0.668045824,-0.692758887,-0.718973121,-0.746220033,-0.77359856,-0.799447602,-0.820931405,-0.833233174,-0.828492436,-0.794953681,0.921998643,0.929777916,0.937622916,0.945512547,0.953410718,0.961259544,0.968970909,0.976415123,0.98340637,0.989688098,0.994904832,0.998572193,1,0.998132915,0.991160176,0.089475216,0.086716198,0.083398897,0.079451847,0.074802037,0.069374318,0.063100924,0.055923602,0.047804562,0.038734933,0.028744681,0.017908741,0.006348401,-0.005766981,-0.018250914
-0.56675192,-0.582661032,-0.599914178,-0.618629475,-0.638917681,-0.660858302,-0.684485644,-0.709738671,-0.736400906,-0.764023607,-0.791737017,-0.81805187,-0.840347182,-0.853983362,-0.850655986,-0.568595234,-0.584798977,-0.602398801,-0.621524367,-0.642301701,-0.664831372,-0.689177567,-0.71532379,-0.743122592,-0.77223663,-0.801983303,-0.831198765,-0.857838543,-0.878277871,-0.885882179,-0.570428696,-0.586912869,-0.604815813,-0.624252651,-0.645319549,-0.668060665,-0.69243841,-0.718257566,-0.74506388,-0.772001492,-0.797528813,-0.819085347,-0.832443487,-0.83086267,-0.804310092,0.900089412,0.908595804,0.91726402,0.926087555,0.93504758,0.944106592,0.953200569,0.962228182,0.971036766,0.97940916,0.987035215,0.993485077,0.998132915,1,0.997372492,-0.566416573,-0.582255096,-0.599413394,-0.617998217,-0.638103043,-0.659782,-0.683032758,-0.707743402,-0.733631354,-0.760171659,-0.786432416,-0.810938039,-0.831306167,-0.843677674,-0.841668879,-0.568270181,-0.584408051,-0.60192009,-0.620925835,-0.641535991,-0.663828818,-0.68783667,-0.71349911,-0.740613105,-0.768779327,-0.797270085,-0.824948129,-0.849999237,-0.8695084,-0.878577971,-0.571714114,-0.588456769,-0.606672763,-0.626489688,-0.64801921,-0.671324103,-0.696389227,-0.723043061,-0.750850875,-0.778956422,-0.805756669,-0.82848427,-0.84238988,-0.839641405,-0.808400626,0.900089413,0.908595805,0.917264018,0.926087554,0.935047577,0.944106595,0.953200571,0.962228181,0.971036765,0.979409161,0.987035214,0.993485077,0.998132915,1,0.997372493,0.086835191,0.083906015,0.08041194,0.076283566,0.071450845,0.065842919,0.059397729,0.052064717,0.043816175,0.034655675,0.024629446,0.01383171,0.002407835,-0.009443378,-0.021501558
-0.564168493,-0.580131542,-0.597449095,-0.616247059,-0.636647258,-0.658745461,-0.682598683,-0.708178526,-0.735314594,-0.763622405,-0.79232209,-0.820045236,-0.84432833,-0.860715415,-0.86107585,-0.566074999,-0.582340166,-0.600012785,-0.619230431,-0.640130334,-0.662829498,-0.68741502,-0.7139033,-0.742193318,-0.772012568,-0.80276943,-0.833423428,-0.862093923,-0.885356552,-0.89679441,-0.567985672,-0.584543885,-0.602534416,-0.622080734,-0.643290761,-0.666225749,-0.690871813,-0.717067445,-0.744405365,-0.772093827,-0.798677863,-0.821706172,-0.837076804,-0.838156862,-0.814929646,0.872389528,0.881560603,0.890993165,0.900697108,0.91067337,0.920908433,0.931367394,0.941984504,0.95265057,0.963202507,0.973396803,0.982888532,0.991160175,0.997372492,1,-0.563770644,-0.579647401,-0.59685012,-0.615492042,-0.635675958,-0.657469833,-0.680890693,-0.705854468,-0.732117745,-0.759209652,-0.786272842,-0.811929447,-0.833920024,-0.848520998,-0.849468557,-0.565687799,-0.581871577,-0.599436722,-0.618509432,-0.639209967,-0.661630729,-0.685823868,-0.711757449,-0.739268617,-0.768013813,-0.797342964,-0.826222348,-0.852972582,-0.87483942,-0.887099503,-0.569288886,-0.586111587,-0.604423325,-0.624360872,-0.646048808,-0.669568693,-0.694931487,-0.72200289,-0.750400249,-0.77933888,-0.807313049,-0.831679197,-0.847831095,-0.848057322,-0.820523206,0.872389529,0.881560605,0.890993163,0.900697107,0.910673366,0.920908437,0.931367396,0.941984503,0.952650569,0.963202509,0.973396802,0.982888532,0.991160174,0.997372491,1,0.083695026,0.080721083,0.077191569,0.073040737,0.068202994,0.062613174,0.056215907,0.048968847,0.040854091,0.031886424,0.022125971,0.011682826,0.000722226,-0.010532095,-0.021829501
0.999894072,0.999451382,0.997997555,0.995319314,0.991145169,0.985127871,0.976819178,0.965639818,0.950838156,0.931423894,0.906091931,0.873029861,0.82962076,0.771850404,0.693431709,0.999253821,0.998730585,0.997187635,0.994412629,0.990136772,0.984018863,0.975622611,0.964391172,0.949613671,0.930372449,0.905490539,0.873378817,0.831803485,0.777374716,0.704678923,0.9986475,0.997822138,0.995839934,0.992427045,0.987224794,0.979760009,0.969402909,0.955312983,0.93636642,0.911050196,0.877347039,0.832521179,0.772896691,0.69365891,0.58923581,-0.4887823,-0.493420711,-0.498507532,-0.504066385,-0.510110747,-0.516631933,-0.523596651,-0.530926285,-0.538481022,-0.546041836,-0.553260927,-0.559635559,-0.564407414,-0.566416573,-0.563770644,1,0.999549822,0.99807757,0.995365028,0.991134671,0.985032965,0.97660746,0.965282523,0.950330747,0.93083204,0.905648202,0.873320976,0.83193456,0.778776096,0.7097765,0.99934921,0.99881459,0.997247836,0.994430997,0.990088249,0.983870416,0.97533406,0.963920604,0.948933085,0.929503602,0.904581314,0.872849716,0.832615856,0.781491816,0.715785726,0.998679762,0.997854991,0.995867009,0.992436902,0.987197593,0.979661962,0.969176401,0.95485919,0.935513622,0.909495286,0.874550732,0.827526534,0.764049159,0.678287995,0.563647961,-0.488782298,-0.493420709,-0.49850753,-0.504066381,-0.510110748,-0.516631933,-0.523596653,-0.530926283,-0.538481021,-0.546041835,-0.553260927,-0.559635559,-0.564407415,-0.566416574,-0.563770644,0.098255481,0.114638034,0.132140856,0.150772872,0.170512697,0.191303272,0.213034167,0.23553688,0.258570813,0.281828383,0.304931456,0.327466574,0.349007055,0.369146041,0.38755449
0.999398141,0.999845886,0.999338882,0.997666743,0.994560417,0.989674009,0.9825591,0.972633403,0.959137949,0.941068931,0.917097415,0.885372941,0.843216473,0.786511895,0.708798246,0.998644141,0.998993751,0.998377026,0.996583906,0.9933473,0.988326447,0.981083755,0.971057998,0.957529356,0.939564825,0.915961781,0.885091772,0.844659559,0.791179064,0.719078681,0.998096221,0.99815742,0.997118077,0.994707056,0.990567704,0.984227327,0.975054282,0.962201937,0.944533619,0.920513227,0.888083628,0.844445086,0.785820001,0.707238254,0.602903335,-0.501375283,-0.506257068,-0.511591972,-0.51740421,-0.523707714,-0.530494078,-0.537729754,-0.54533516,-0.553168212,-0.561005794,-0.568493024,-0.575116058,-0.580099124,-0.582255096,-0.579647401,0.999549822,1,0.999486547,0.99779448,0.994649077,0.989698494,0.98249037,0.972446184,0.958831135,0.940711414,0.916924969,0.885976751,0.845894092,0.793877164,0.725718768,0.998785317,0.999133529,0.998505084,0.996684711,0.993398708,0.988298792,0.980940678,0.970761839,0.957056803,0.938942928,0.91534491,0.884909918,0.845891021,0.795821201,0.730887261,0.998141348,0.998207039,0.997167009,0.99474543,0.990577752,0.984177998,0.974891586,0.961831807,0.943790477,0.91910161,0.885472924,0.839686169,0.777260233,0.692192699,0.577632488,-0.501375282,-0.506257066,-0.51159197,-0.517404206,-0.523707715,-0.530494078,-0.537729756,-0.545335158,-0.553168211,-0.561005793,-0.568493024,-0.575116058,-0.580099125,-0.582255097,-0.579647401,0.099441668,0.115878611,0.133445168,0.152150955,0.171975055,0.192860626,0.214696959,0.237314704,0.260471592,0.283857469,0.307090427,0.329752216,0.35141022,0.371650668,0.390137224
0.99787367,0.999268747,0.999774773,0.999185523,0.997235823,0.993582666,0.987779119,0.979241542,0.967205169,0.950653996,0.928235804,0.898061805,0.857388805,0.801993888,0.725231538,0.996986865,0.998263092,0.998635098,0.997896263,0.99578248,0.991954765,0.985975643,0.97728084,0.965142703,0.948613651,0.926465252,0.897028579,0.857943934,0.805623323,0.734326772,0.996504598,0.9975078,0.99747594,0.996141868,0.993152381,0.988036778,0.980163156,0.968680261,0.952439747,0.929883034,0.898912289,0.856660964,0.799243229,0.721521297,0.617453482,-0.515115302,-0.520255996,-0.525854209,-0.531934729,-0.538511933,-0.545577699,-0.553098232,-0.560993,-0.569117651,-0.577244956,-0.585012866,-0.591896223,-0.597101409,-0.599413394,-0.59685012,0.99807757,0.999486547,1,0.999407532,0.997438736,0.993745087,0.987876051,0.97925194,0.967132084,0.950570174,0.928380594,0.899030779,0.860488588,0.809861958,0.742795797,0.997180299,0.99846666,0.998840941,0.998091781,0.995948972,0.992066562,0.986000929,0.977187033,0.964912064,0.948279424,0.926189133,0.897250776,0.859660358,0.810866425,0.746925728,0.996566235,0.99757863,0.997552174,0.996215455,0.993207958,0.988046464,0.980077169,0.968410079,0.951827008,0.928641392,0.896521795,0.852182865,0.791029738,0.706875476,0.592589701,-0.515115301,-0.520255994,-0.525854207,-0.531934725,-0.538511934,-0.545577699,-0.553098234,-0.560992997,-0.569117651,-0.577244955,-0.585012866,-0.591896223,-0.59710141,-0.599413395,-0.59685012,0.100480745,0.116948576,0.134554053,0.153307509,0.173188562,0.194140715,0.216053185,0.238756065,0.262005813,0.285490185,0.308824064,0.331584967,0.35333487,0.37365346,0.392197254
0.995101254,0.997503509,0.999092997,0.999669196,0.998972558,0.996664867,0.992302779,0.985303454,0.974898418,0.960061396,0.939418044,0.911041597,0.872123219,0.818328664,0.742817032,0.994058524,0.996317385,0.997744021,0.998136642,0.997235682,0.994705594,0.990110802,0.982885738,0.972296468,0.957382066,0.93688855,0.909105743,0.87160669,0.820695815,0.750454043,0.993650699,0.995653907,0.996697943,0.996521175,0.994775594,0.990994365,0.98454735,0.974580653,0.959935954,0.939033326,0.909733822,0.869101513,0.813135657,0.736517728,0.632938042,-0.530074026,-0.535491148,-0.541369882,-0.547735579,-0.554603059,-0.561964507,-0.569785907,-0.577985834,-0.586417737,-0.594850323,-0.602914408,-0.610073466,-0.615515858,-0.617998217,-0.615492042,0.995365028,0.99779448,0.999407532,1,0.999307648,0.996987277,0.992592386,0.985544349,0.975098731,0.960298539,0.939935459,0.912439236,0.875716046,0.826776511,0.761107578,0.99431187,0.996594231,0.998039405,0.998441422,0.997535235,0.994979003,0.990331684,0.983027586,0.972348211,0.957384266,0.937011297,0.909800378,0.873887542,0.826631495,0.763949844,0.993733289,0.995751366,0.996808108,0.996638122,0.99488676,0.991075561,0.984553699,0.974430121,0.959478681,0.937993848,0.907605248,0.864958584,0.805339098,0.722361829,0.608591381,-0.530074025,-0.535491145,-0.541369879,-0.547735575,-0.55460306,-0.561964507,-0.569785908,-0.577985832,-0.586417737,-0.594850323,-0.602914408,-0.610073466,-0.615515859,-0.617998218,-0.615492042,0.101339381,0.117808764,0.135422048,0.154190288,0.174093704,0.19507628,0.2170274,0.239776957,0.263080628,0.286624697,0.310021575,0.332845318,0.354653211,0.375018967,0.393592223
0.990801959,0.994273692,0.997020963,0.998850805,0.999511425,0.998671756,0.995894682,0.990600951,0.982021187,0.96912159,0.95050771,0.9242161,0.887371718,0.835525284,0.761629998,0.98957511,0.992874197,0.995424202,0.997029826,0.997437937,0.996318472,0.993240003,0.987637934,0.97877419,0.965676359,0.94706577,0.921190815,0.885554965,0.836349701,0.767466051,0.989252358,0.992315524,0.994507178,0.995573051,0.995172436,0.992844684,0.987963977,0.979676367,0.966815933,0.947783258,0.920398536,0.881654427,0.827428735,0.752208492,0.649391077,-0.546303317,-0.552016375,-0.55819486,-0.56486468,-0.572041105,-0.579716677,-0.587857229,-0.596380559,-0.605138063,-0.613894567,-0.622273958,-0.629728539,-0.635428798,-0.638103043,-0.635675958,0.991134671,0.994649077,0.997438736,0.999307648,1,0.99918041,0.996409185,0.991111653,0.982542451,0.969736547,0.951464613,0.926119365,0.891543833,0.84464678,0.780747211,0.98989743,0.993235561,0.99582306,0.997461128,0.997891901,0.996779849,0.993688915,0.988055183,0.979156721,0.966073458,0.947657271,0.922440365,0.888496289,0.843088721,0.781986932,0.989361332,0.992446232,0.994659372,0.995743299,0.995351458,0.993012611,0.988081672,0.979669417,0.966544527,0.946984947,0.918582388,0.877912505,0.820134856,0.738652442,0.625696728,-0.546303316,-0.552016373,-0.558194858,-0.564864676,-0.572041105,-0.579716678,-0.58785723,-0.596380556,-0.605138062,-0.613894566,-0.622273958,-0.629728539,-0.635428799,-0.638103044,-0.635675958,0.101976968,0.118411154,0.135993116,0.154734615,0.174616529,0.195583475,0.21752528,0.240272072,0.263579362,0.287132753,0.310543146,0.333382151,0.355203359,0.37557531,0.394141191
0.984620593,0.989225394,0.993207579,0.996383955,0.998513065,0.999273895,0.998238868,0.994835915,0.988298506,0.977589185,0.961296651,0.937423501,0.903029481,0.853548164,0.781717578,0.983174984,0.987572052,0.99131563,0.99421889,0.996037411,0.996449131,0.995029581,0.991218079,0.984275301,0.973220077,0.956750811,0.933075249,0.899625913,0.852476851,0.785319055,0.982950132,0.98713381,0.990546828,0.992944468,0.993995881,0.993249454,0.990086897,0.983657582,0.972791261,0.955871904,0.930680126,0.894136143,0.841990434,0.768521785,0.666807978,-0.563806879,-0.569837202,-0.57633654,-0.58333137,-0.590837451,-0.598847773,-0.607328142,-0.616195792,-0.625300355,-0.634403147,-0.643121619,-0.650897481,-0.656884037,-0.659782,-0.657469833,0.985032965,0.989698494,0.993745087,0.996987277,0.99918041,1,0.999016643,0.995663357,0.989197664,0.978650262,0.962773701,0.939925642,0.907885818,0.86345782,0.801783589,0.983576991,0.988031227,0.991834453,0.994797155,0.9966711,0.99712977,0.995745105,0.991958104,0.985046461,0.974082147,0.957895079,0.934979173,0.903343836,0.860153237,0.80101965,0.983092157,0.987305894,0.990750984,0.993180212,0.994257795,0.99352275,0.990339201,0.983823469,0.972742842,0.955362332,0.929237977,0.89087552,0.835304027,0.755700544,0.643933274,-0.563806879,-0.5698372,-0.576336537,-0.583331366,-0.590837451,-0.598847773,-0.607328143,-0.61619579,-0.625300354,-0.634403147,-0.643121619,-0.650897481,-0.656884038,-0.659782001,-0.657469833,0.102344299,0.11869715,0.136198488,0.154860736,0.174665474,0.195558105,0.21742923,0.240109732,0.263355727,0.286853133,0.310212583,0.333004578,0.35478034,0.375104347,0.393613972
0.976102786,0.981903861,0.987199333,0.99181843,0.995533147,0.998036093,0.998913369,0.997604692,0.993351359,0.985117611,0.971480286,0.950412821,0.918913144,0.87229824,0.80308422,0.974395587,0.979946568,0.984953446,0.989240206,0.992573873,0.994643462,0.995034966,0.993195386,0.98838803,0.979626867,0.965590414,0.944448018,0.913561452,0.868884513,0.803899676,0.974283945,0.979647359,0.984355629,0.988176195,0.990791125,0.991761341,0.990480093,0.986104418,0.977464192,0.96293103,0.940248759,0.90626571,0.856600568,0.785310758,0.685126719,-0.58252556,-0.588895773,-0.595738443,-0.603080653,-0.610938726,-0.619306254,-0.628149242,-0.637384702,-0.646860992,-0.656336587,-0.665423411,-0.673553746,-0.679865216,-0.683032758,-0.680890693,0.97660746,0.98249037,0.987876051,0.992592386,0.996409185,0.999016643,1,0.998804761,0.994696422,0.986706685,0.973574554,0.953626546,0.924581051,0.883135343,0.824247125,0.974889907,0.98051923,0.98561169,0.98998958,0.993417221,0.995580422,0.996062874,0.994314517,0.989616775,0.98103769,0.967388233,0.947126027,0.918196131,0.877660165,0.820966128,0.974467248,0.979870846,0.98462401,0.98849248,0.991154475,0.992162987,0.990895661,0.98647915,0.977684406,0.962768648,0.939256223,0.903585031,0.850650637,0.773391236,0.663280326,-0.58252556,-0.588895771,-0.595738441,-0.603080649,-0.610938726,-0.619306255,-0.628149243,-0.6373847,-0.646860991,-0.656336587,-0.665423411,-0.673553746,-0.679865217,-0.683032759,-0.680890693,0.102379215,0.118592741,0.13595131,0.154467919,0.174124872,0.194868522,0.216590626,0.239123454,0.262224678,0.285581787,0.308806728,0.331470623,0.353124067,0.373328959,0.391717735
0.964670738,0.971727873,0.978413165,0.984571393,0.989991733,0.994384781,0.997355456,0.99836114,0.996657532,0.991217926,0.980614733,0.962800091,0.934717236,0.891571555,0.82565525,0.962648568,0.969404112,0.975739946,0.981493614,0.986446826,0.990303409,0.992664138,0.992988513,0.990547625,0.984356044,0.973077289,0.954846784,0.926958357,0.885245756,0.822977888,0.962668153,0.969265767,0.975339774,0.980672823,0.984963547,0.987789649,0.988560893,0.986447558,0.980285616,0.968440481,0.948624193,0.917616318,0.870901925,0.802306131,0.704184638,-0.602283723,-0.60901666,-0.616225465,-0.623937905,-0.632171012,-0.640919232,-0.650149126,-0.659778044,-0.669653868,-0.679533339,-0.689024405,-0.69755198,-0.704240759,-0.707743402,-0.705854468,0.965282523,0.972446184,0.97925194,0.985544349,0.991111653,0.995663357,0.998804761,1,0.998529276,0.993432609,0.983442452,0.966860988,0.941350577,0.903504809,0.848093839,0.963249987,0.970108625,0.976560422,0.982442429,0.987535007,0.991540306,0.99405841,0.99455334,0.992315706,0.986415283,0.975648988,0.958442345,0.932678301,0.895315579,0.841633569,0.962902981,0.969553148,0.975687652,0.981088392,0.98545143,0.988348253,0.989175381,0.987075901,0.980831165,0.968697831,0.948175059,0.915637967,0.865848819,0.791496726,0.683629248,-0.602283723,-0.609016658,-0.616225462,-0.623937902,-0.632171012,-0.640919233,-0.650149127,-0.659778042,-0.669653868,-0.679533339,-0.689024405,-0.69755198,-0.70424076,-0.707743403,-0.705854469,0.102004953,0.118006332,0.135143897,0.153431073,0.172850881,0.193350794,0.214824166,0.237105412,0.25995493,0.283063339,0.306045899,0.328476552,0.349907503,0.369900006,0.388082721
0.949594707,0.957959714,0.966104766,0.973893848,0.98113774,0.987570299,0.992821598,0.996374138,0.997506636,0.995211455,0.988067429,0.974017679,0.949963546,0.911010851,0.849234005,0.947190462,0.955190808,0.962911745,0.970207536,0.976878366,0.982647337,0.987135294,0.989820298,0.989988002,0.986661109,0.978495644,0.963600873,0.939209597,0.901040766,0.842150806,0.947361866,0.955238212,0.962739549,0.969667256,0.975740804,0.980559776,0.983556544,0.983921698,0.980505236,0.971675047,0.955119564,0.927556615,0.884340346,0.819057095,0.723663244,-0.622733447,-0.629850132,-0.637446208,-0.645550278,-0.654180314,-0.663332014,-0.672973066,-0.683022026,-0.693327554,-0.703646419,-0.713585104,-0.722564559,-0.729701173,-0.733631354,-0.732117745,0.950330747,0.958831135,0.967132084,0.975098731,0.982542451,0.989197664,0.994696422,0.998529276,1,0.998166948,0.991766415,0.979087311,0.957746501,0.92424268,0.873161984,0.947916091,0.956048434,0.963920888,0.971388658,0.978252238,0.984234931,0.988958892,0.991908707,0.992391344,0.989486144,0.981983533,0.968284386,0.946215696,0.912637516,0.86266163,0.947661146,0.955605252,0.963186203,0.970205768,0.976382377,0.981311442,0.984414928,0.984860082,0.981447521,0.972443375,0.955331682,0.926434318,0.880385713,0.809620896,0.704733094,-0.622733447,-0.62985013,-0.637446205,-0.645550274,-0.654180314,-0.663332014,-0.672973066,-0.683022024,-0.693327553,-0.703646419,-0.713585104,-0.722564559,-0.729701174,-0.733631355,-0.732117745,0.10112517,0.116823366,0.133641926,0.151594481,0.170664727,0.190801418,0.211900016,0.233797982,0.256259852,0.2789813,0.301583366,0.323645557,0.344724499,0.364383228,0.382248094
0.929952123,0.939662483,0.94932395,0.958823935,0.968000005,0.976615608,0.984333724,0.990671358,0.994941465,0.996169001,0.992954779,0.983251474,0.963939678,0.9300484,0.873453299,0.927080575,0.936348402,0.945493439,0.954390239,0.962861834,0.970655873,0.977419654,0.982657375,0.985678058,0.985522806,0.98085125,0.969759018,0.949430993,0.91548449,0.860774563,0.927426574,0.936608999,0.945582601,0.954171489,0.962120905,0.969058347,0.974446188,0.977504206,0.977106818,0.971636405,0.958770413,0.935177722,0.896091357,0.834860223,0.743023297,-0.643289028,-0.650805585,-0.658805325,-0.667317928,-0.67636268,-0.685937132,-0.696010973,-0.706505281,-0.717271407,-0.728068864,-0.738506582,-0.74800691,-0.755685304,-0.760171659,-0.759209652,0.93083204,0.940711414,0.950570174,0.960298539,0.969736547,0.978650262,0.986706685,0.993432609,0.998166948,1,0.997687,0.989520745,0.973090936,0.944819744,0.899123922,0.927949986,0.937383479,0.94672153,0.955841371,0.964568343,0.972652605,0.979745252,0.985359543,0.988828139,0.989250627,0.9854222,0.975731271,0.95796099,0.928884232,0.883454973,0.927806899,0.937075938,0.946152791,0.95486333,0.962953607,0.970049424,0.975606174,0.978824965,0.978537249,0.973032348,0.959794194,0.935107467,0.893492357,0.827133717,0.726148813,-0.643289029,-0.650805583,-0.658805322,-0.667317924,-0.676362679,-0.685937133,-0.696010974,-0.706505279,-0.717271406,-0.728068864,-0.738506582,-0.74800691,-0.755685305,-0.76017166,-0.759209652,0.099619151,0.11490082,0.13127815,0.14876467,0.167344647,0.186968275,0.207533696,0.22888248,0.250785,0.272944304,0.294990227,0.316511207,0.337071741,0.356239626,0.373640661
0.904602498,0.915671253,0.926881483,0.938148763,0.949343392,0.960265855,0.970621377,0.97997314,0.987682814,0.99282605,0.994047668,0.989337456,0.975588802,0.947793129,0.897667114,0.901154117,0.911683327,0.922261946,0.93278872,0.943114395,0.953017233,0.962178518,0.970137875,0.976238979,0.979555092,0.97876552,0.971971602,0.956332764,0.927390281,0.877825258,0.901698271,0.912185391,0.922646787,0.932933661,0.942822552,0.951975829,0.959894632,0.965838861,0.968720771,0.966953599,0.958222603,0.939168973,0.904925601,0.848618656,0.761364759,-0.662982134,-0.670904254,-0.67931375,-0.688241741,-0.697709398,-0.707717015,-0.718237587,-0.729196668,-0.740451171,-0.751767464,-0.762762874,-0.772869408,-0.78121304,-0.786432416,-0.786272842,0.905648202,0.916924969,0.928380594,0.939935459,0.951464613,0.962773701,0.973574554,0.983442452,0.991766415,0.997687,1,0.99702807,0.986363845,0.964386342,0.92537574,0.902189155,0.912923039,0.92374285,0.934552087,0.945206229,0.955488859,0.965088148,0.973555983,0.98026269,0.98434246,0.984611618,0.979465157,0.966663575,0.942915604,0.903041669,0.902181436,0.912778819,0.923373038,0.933818748,0.943895553,0.953267156,0.961431898,0.967636736,0.970758863,0.969129305,0.96025374,0.940405141,0.904015611,0.84303866,0.747107786,-0.662982135,-0.670904253,-0.679313747,-0.688241737,-0.697709397,-0.707717017,-0.718237587,-0.729196666,-0.74045117,-0.751767465,-0.762762874,-0.772869409,-0.781213041,-0.786432417,-0.786272842,0.097343126,0.112068676,0.127854019,0.144712161,0.162627764,0.18155258,0.201388078,0.22198115,0.243109991,0.264487772,0.285756702,0.306518167,0.326348641,0.344824214,0.361572153
0.872085458,0.884488301,0.897241402,0.910293736,0.923555038,0.936871491,0.950001712,0.962569469,0.974003684,0.983454726,0.98964216,0.990632847,0.983384172,0.962913303,0.920849071,0.867917621,0.879658838,0.891635178,0.903773696,0.915958142,0.928004205,0.939635909,0.950439537,0.959807681,0.966863956,0.970330009,0.968341622,0.958068591,0.935020022,0.891755325,0.868682383,0.880429152,0.892348108,0.904322173,0.916165196,0.927582273,0.938123545,0.947102337,0.953485859,0.955740119,0.951585335,0.937668131,0.909058645,0.858695638,0.777290577,-0.680353793,-0.688669137,-0.697476419,-0.706808722,-0.716689911,-0.727124295,-0.738090045,-0.749520021,-0.761280866,-0.773151832,-0.784767448,-0.795581715,-0.804748365,-0.810938039,-0.811929447,0.873320976,0.885976751,0.899030779,0.912439236,0.926119365,0.939925642,0.953626546,0.966860988,0.979087311,0.989520745,0.99702807,1,0.99607906,0.981656635,0.950936889,0.869142213,0.881133001,0.8934061,0.905895787,0.918493458,0.931023549,0.943220785,0.954687751,0.964847604,0.972888159,0.977670054,0.977623341,0.970520062,0.953044873,0.919930916,0.869297731,0.881184857,0.893274185,0.905454191,0.917544585,0.92925555,0.940139589,0.949504169,0.956291241,0.958898205,0.954883546,0.940547185,0.91027754,0.8558385,0.766395432,-0.680353794,-0.688669137,-0.697476416,-0.706808718,-0.716689909,-0.727124297,-0.738090045,-0.74952002,-0.761280865,-0.773151833,-0.784767448,-0.795581716,-0.804748366,-0.81093804,-0.811929447,0.094123263,0.108121172,0.12312903,0.139158738,0.156195076,0.174191427,0.193053275,0.21263421,0.232722546,0.253044798,0.273259749,0.292986473,0.311818271,0.329343669,0.345193716
0.830483723,0.844139044,0.858369056,0.873161718,0.888473565,0.904206334,0.920185121,0.936111852,0.951506198,0.965624803,0.977304304,0.984745629,0.985046435,0.973348463,0.941311975,0.825408586,0.838247007,0.851515386,0.865173177,0.87914259,0.893284134,0.907374438,0.921059721,0.933799216,0.944790519,0.952828898,0.956126065,0.951916878,0.935749112,0.90015088,0.826412001,0.839306814,0.852581966,0.866156714,0.879888466,0.893533619,0.906702946,0.91877909,0.928805714,0.93533055,0.936147069,0.927957032,0.905829205,0.862582225,0.788576942,-0.693163894,-0.70182961,-0.710991768,-0.72068611,-0.730940274,-0.741764319,-0.753144178,-0.765023962,-0.777285937,-0.789730838,-0.802023105,-0.813656709,-0.823838578,-0.831306167,-0.833920024,0.83193456,0.845894092,0.860488588,0.875716046,0.891543833,0.907885818,0.924581051,0.941350577,0.957746501,0.973090936,0.986363845,0.99607906,1,0.994618681,0.974166531,0.826848088,0.83998728,0.853615935,0.867703649,0.882183762,0.896929679,0.911733424,0.926262614,0.940012133,0.95224819,0.961907819,0.967497443,0.966853171,0.956700688,0.931765742,0.827199962,0.840274076,0.85376809,0.867609468,0.881664997,0.895700877,0.909336691,0.921958081,0.932595725,0.939745885,0.941063227,0.932931606,0.909766775,0.863220027,0.782043999,-0.693163896,-0.70182961,-0.710991766,-0.720686106,-0.730940273,-0.741764322,-0.753144178,-0.76502396,-0.777285936,-0.789730839,-0.802023105,-0.81365671,-0.823838579,-0.831306168,-0.833920023,0.089760085,0.102819844,0.11682221,0.131777192,0.147669262,0.164453412,0.182039855,0.20029041,0.219006125,0.237930581,0.256744034,0.275088814,0.29258076,0.308825769,0.323461478
0.777084181,0.791823172,0.807371553,0.823761954,0.841005517,0.859070483,0.877863483,0.89718567,0.916676786,0.935740524,0.953387682,0.968032683,0.977024044,0.975777796,0.956177843,0.770854212,0.784577027,0.798926188,0.813897233,0.829456081,0.845515679,0.861915968,0.878378375,0.894450238,0.909433085,0.922237704,0.931209608,0.933728878,0.925491194,0.899141378,0.772105127,0.785936222,0.800358109,0.815330583,0.830760717,0.846465173,0.86212821,0.877220382,0.890888388,0.901799249,0.907872433,0.905936934,0.891155541,0.856342193,0.791622672,-0.697969051,-0.706892566,-0.716315612,-0.726277379,-0.736810604,-0.747933272,-0.759642439,-0.771898692,-0.784607873,-0.797603955,-0.810598921,-0.823152012,-0.834559807,-0.843677674,-0.848520998,0.778776096,0.793877164,0.809861958,0.826776511,0.84464678,0.86345782,0.883135343,0.903504809,0.92424268,0.944819744,0.964386342,0.981656635,0.994618681,1,0.992226747,0.772534134,0.786615411,0.801396615,0.816886855,0.833067327,0.849868875,0.867152609,0.884667757,0.902003908,0.91853715,0.933323938,0.945004725,0.951556624,0.949846467,0.934722311,0.773121974,0.787183548,0.801887878,0.817206375,0.833059969,0.849281126,0.865571059,0.881414493,0.895960623,0.907846737,0.914883075,0.913619245,0.898607165,0.861515943,0.79080661,-0.697969053,-0.706892566,-0.71631561,-0.726277375,-0.736810602,-0.747933274,-0.759642439,-0.77189869,-0.784607871,-0.797603956,-0.810598921,-0.823152012,-0.834559808,-0.843677674,-0.848520997,0.084023116,0.095883915,0.108597843,0.122171953,0.136589772,0.151807725,0.167741484,0.184262781,0.201188407,0.218283361,0.235255161,0.251776073,0.267491468,0.282030915,0.295042631
0.707820669,0.723336785,0.73989744,0.757585272,0.776473822,0.796609472,0.81799715,0.840561834,0.86409905,0.888210968,0.912157567,0.934674487,0.953517047,0.964596474,0.96032137,0.700117329,0.714360897,0.729416249,0.745317696,0.762079272,0.779673585,0.79801487,0.816916608,0.83603942,0.854825584,0.872355735,0.887187219,0.896958657,0.897676295,0.882335499,0.701606949,0.716007915,0.731199249,0.747184482,0.76392567,0.781308535,0.799104468,0.816893175,0.833956658,0.849129187,0.860527384,0.865209416,0.8585752,0.833621326,0.780452732,-0.689326305,-0.698334577,-0.707840982,-0.717888883,-0.728517494,-0.739755221,-0.751614267,-0.764078186,-0.777086527,-0.790521771,-0.804166816,-0.817680311,-0.830498895,-0.841668879,-0.849468557,0.7097765,0.725718768,0.742795797,0.761107578,0.780747211,0.801783589,0.824247125,0.848093839,0.873161984,0.899123922,0.92537574,0.950936889,0.974166531,0.992226747,1,0.70206008,0.716725841,0.732292806,0.748812846,0.76632017,0.784811278,0.80422863,0.824421521,0.845101326,0.865792773,0.885727446,0.903757221,0.9181081,0.925935445,0.922411298,0.70292975,0.717628959,0.733186741,0.749622634,0.766918288,0.7849829,0.803615153,0.822423068,0.840710752,0.8573104,0.870267686,0.876413041,0.870596715,0.844716465,0.787170771,-0.689326308,-0.698334577,-0.707840981,-0.717888878,-0.728517492,-0.739755224,-0.751614268,-0.764078185,-0.777086525,-0.790521773,-0.804166815,-0.81768031,-0.830498896,-0.841668879,-0.849468555,0.076641708,0.086976219,0.09804605,0.109853866,0.122381321,0.135585912,0.149389507,0.163675659,0.178280437,0.192995493,0.207562672,0.221692544,0.235069069,0.2473543,0.258213676
0.999232437,0.998673424,0.99708352,0.994245152,0.989881447,0.983638255,0.975058497,0.963551404,0.948350207,0.928444394,0.902501529,0.868671779,0.824287501,0.765269826,0.685263315,0.999894982,0.999455813,0.998011153,0.995351055,0.991209639,0.985249225,0.977037861,0.966024114,0.951503934,0.932568515,0.908052443,0.876382131,0.835344542,0.781576372,0.709692991,0.998750412,0.9979323,0.995959718,0.992559119,0.987372168,0.979926039,0.969591309,0.955527825,0.936612047,0.911331082,0.877667403,0.832884266,0.773303388,0.694105344,0.589709679,-0.490111008,-0.494777573,-0.499894263,-0.505484792,-0.511562723,-0.518119458,-0.52512179,-0.532491161,-0.540087798,-0.547692698,-0.554958102,-0.561381453,-0.566204977,-0.568270181,-0.565687799,0.99934921,0.998785317,0.997180299,0.99431187,0.98989743,0.983576991,0.974889907,0.963249987,0.947916091,0.927949986,0.902189155,0.869142213,0.826848088,0.772534134,0.70206008,1,0.999551507,0.998085525,0.995386587,0.991181856,0.98512575,0.976779224,0.965589117,0.950865211,0.931748218,0.907198441,0.875914326,0.836223257,0.785764708,0.720881774,0.998700324,0.99786475,0.995864154,0.992418878,0.987160858,0.979601627,0.969085784,0.954729187,0.935331891,0.909245146,0.874209745,0.827064854,0.76342807,0.677460454,0.562564943,-0.490111007,-0.494777571,-0.499894261,-0.505484788,-0.511562724,-0.518119458,-0.525121792,-0.532491159,-0.540087797,-0.547692697,-0.554958102,-0.561381453,-0.566204978,-0.568270182,-0.565687799,0.099253247,0.115548256,0.132956357,0.151486286,0.171116607,0.191790388,0.213397551,0.23577023,0.258668811,0.28178704,0.304748614,0.327142359,0.348544557,0.368552406,0.386842264
0.998651043,0.998964702,0.998300673,0.996443543,0.993117969,0.987969977,0.980540795,0.970234662,0.95627486,0.937633866,0.912950658,0.880330822,0.837035704,0.778873054,0.699301017,0.999399801,0.99984746,0.999345363,0.99768625,0.994606427,0.989769238,0.982742155,0.972970266,0.959741718,0.942133846,0.918957536,0.88860251,0.848797834,0.796088519,0.724936946,0.998235276,0.998306242,0.997279586,0.99488454,0.990764875,0.98444833,0.975303714,0.962484852,0.944855442,0.920879594,0.888499955,0.844915741,0.78634668,0.707817106,0.603520453,-0.502926724,-0.507841235,-0.513210798,-0.519059724,-0.525402041,-0.532229432,-0.53950844,-0.547159537,-0.555040667,-0.562928719,-0.570468825,-0.577147294,-0.582188904,-0.584408051,-0.581871577,0.99881459,0.999133529,0.99846666,0.996594231,0.993235561,0.988031227,0.98051923,0.970108625,0.956048434,0.937383479,0.912923039,0.881133001,0.83998728,0.786615411,0.716725841,0.999551507,1,0.999488874,0.997805742,0.994680372,0.989768662,0.982631429,0.972712448,0.959314089,0.941563738,0.918399077,0.888484719,0.850097482,0.800802391,0.736827215,0.99818383,0.998238097,0.997184652,0.994746812,0.990558892,0.984133359,0.974813558,0.961709977,0.943610681,0.918844653,0.885112942,0.839188694,0.776580485,0.691276147,0.576422052,-0.502926723,-0.507841233,-0.513210795,-0.519059721,-0.525402042,-0.532229432,-0.539508442,-0.547159534,-0.555040666,-0.562928718,-0.570468824,-0.577147294,-0.582188905,-0.584408052,-0.581871577,0.100549177,0.116882408,0.134336887,0.15292203,0.172616878,0.193364759,0.215055399,0.237520209,0.260518089,0.283740447,0.306807502,0.329303637,0.350799634,0.370886341,0.38923358
0.997031091,0.998271371,0.998595907,0.997792593,0.995588875,0.991632271,0.985463698,0.976483682,0.9639066,0.946688557,0.923439582,0.892219146,0.850213807,0.793110761,0.714168501,0.99788071,0.999271534,0.99977751,0.999195287,0.997264731,0.993651657,0.987924511,0.979526406,0.967739012,0.951626856,0.929977338,0.90114285,0.862792228,0.811374007,0.741188223,0.996691161,0.997707372,0.997692127,0.996378731,0.993414511,0.988329309,0.980491796,0.969051306,0.952859992,0.930359609,0.899452167,0.857270012,0.799924303,0.722270785,0.618255757,-0.51693117,-0.522109981,-0.527748491,-0.533871593,-0.540493767,-0.547606985,-0.555177546,-0.563124967,-0.571304913,-0.57949013,-0.587318546,-0.59426512,-0.599536775,-0.60192009,-0.599436722,0.997247836,0.998505084,0.998840941,0.998039405,0.99582306,0.991834453,0.98561169,0.976560422,0.963920888,0.94672153,0.92374285,0.8934061,0.853615935,0.801396615,0.732292806,0.998085525,0.999488874,1,0.999410897,0.997455401,0.993792426,0.987984296,0.979473306,0.967555796,0.951346861,0.929761693,0.901430271,0.86457641,0.816686221,0.753864581,0.996639266,0.997639736,0.997599177,0.996245197,0.993215974,0.988026491,0.980020546,0.9683049,0.951657019,0.928384507,0.896148187,0.851652722,0.790291246,0.705865393,0.59124153,-0.516931169,-0.522109979,-0.527748489,-0.533871589,-0.540493767,-0.547606985,-0.555177548,-0.563124964,-0.571304912,-0.579490129,-0.587318546,-0.59426512,-0.599536776,-0.601920091,-0.599436722,0.101707616,0.118052158,0.13552457,0.154134965,0.173862938,0.194652216,0.216392555,0.238914969,0.261977299,0.285269146,0.308407868,0.330974032,0.352533504,0.372671247,0.391050793
0.994153523,0.996376778,0.997756145,0.998084196,0.997092714,0.994432342,0.989645436,0.982130511,0.971094514,0.955478289,0.93386296,0.904260692,0.863779653,0.80797917,0.729904084,0.99512113,0.997514268,0.99909787,0.999673978,0.998987682,0.996709059,0.992409477,0.985532027,0.975353721,0.960927851,0.941019042,0.913942196,0.877303953,0.827451787,0.75851385,0.993900835,0.995921253,0.996986961,0.9968369,0.995123719,0.991381269,0.984980142,0.975067206,0.960484812,0.939653533,0.910434377,0.869890278,0.814017113,0.737488811,0.633981278,-0.532206079,-0.537667707,-0.543593412,-0.550008661,-0.55692838,-0.564344859,-0.572224178,-0.580484953,-0.58898063,-0.597479857,-0.605613377,-0.612844726,-0.618362773,-0.620925835,-0.618509432,0.994430997,0.996684711,0.998091781,0.998441422,0.997461128,0.994797155,0.98998958,0.982442429,0.971388658,0.955841371,0.934552087,0.905895787,0.867703649,0.816886855,0.748812846,0.995386587,0.997805742,0.999410897,1,0.999312724,0.997012905,0.992666441,0.985716207,0.975454392,0.960985382,0.941202485,0.914700685,0.879648659,0.833449281,0.772076841,0.993849598,0.995855465,0.996897633,0.996709584,0.994935165,0.991093835,0.984531993,0.974354829,0.95933115,0.937748659,0.907227995,0.864403259,0.804545708,0.721256968,0.607097484,-0.532206078,-0.537667705,-0.543593409,-0.550008657,-0.55692838,-0.564344859,-0.572224179,-0.58048495,-0.588980629,-0.597479856,-0.605613377,-0.612844726,-0.618362774,-0.620925836,-0.618509432,0.102695072,0.119017361,0.136472083,0.155070063,0.17479152,0.195580734,0.217327756,0.239863591,0.262945571,0.286262158,0.309428657,0.332022654,0.353605904,0.373758145,0.392137012
0.989741219,0.993005611,0.995509173,0.997050811,0.997368522,0.9961181,0.992845553,0.986949616,0.977631863,0.963819626,0.944065764,0.916334546,0.877652568,0.823444143,0.746525995,0.990846927,0.994303816,0.997038271,0.998859495,0.999519826,0.998695814,0.995964194,0.990770561,0.98238972,0.96986601,0.951942702,0.926897782,0.892274401,0.844314935,0.776966337,0.989589372,0.992675221,0.994895102,0.995995459,0.995636416,0.99335819,0.988535897,0.980316579,0.96753522,0.948593134,0.921310637,0.882679259,0.828573025,0.75347014,0.650750631,-0.548816845,-0.554582033,-0.560815445,-0.567543114,-0.574780429,-0.582520043,-0.590727884,-0.599321785,-0.608153113,-0.61698659,-0.62544596,-0.632983508,-0.638770172,-0.641535991,-0.639209967,0.990088249,0.993398708,0.995948972,0.997535235,0.997891901,0.9966711,0.993417221,0.987535007,0.978252238,0.964568343,0.945206229,0.918493458,0.882183762,0.833067327,0.76632017,0.991181856,0.994680372,0.997455401,0.999312724,1,0.999188339,0.996449803,0.991230506,0.982821035,0.970317358,0.952592208,0.9282059,0.895270418,0.851101516,0.791535435,0.989540129,0.992612897,0.994811365,0.995876789,0.995460876,0.993089987,0.988115824,0.9796448,0.966439741,0.946770733,0.918219043,0.877346823,0.819297318,0.737457734,0.624054206,-0.548816844,-0.554582031,-0.560815442,-0.567543111,-0.574780429,-0.582520043,-0.590727886,-0.599321782,-0.608153113,-0.616986589,-0.62544596,-0.632983508,-0.638770173,-0.641535992,-0.639209967,0.103470315,0.119728319,0.137120595,0.155658667,0.175323445,0.196059934,0.217758789,0.240251489,0.263295527,0.286579087,0.309716464,0.332283367,0.353838525,0.373957362,0.392292189
0.983443523,0.987807746,0.991506747,0.994347741,0.996077208,0.996358594,0.994744351,0.990636328,0.98323356,0.97145249,0.953819277,0.928250662,0.89168942,0.839418433,0.764012055,0.984711034,0.989294228,0.993255326,0.996412807,0.998528701,0.999288745,0.998278101,0.994948113,0.988574673,0.978196417,0.962537707,0.939841339,0.907586867,0.861908713,0.796564304,0.983408701,0.987622269,0.99107209,0.993514348,0.994619234,0.993936242,0.990848282,0.984506009,0.973740391,0.956936445,0.931875155,0.895475663,0.843484226,0.770169253,0.668587491,-0.566786312,-0.572877942,-0.579441777,-0.586504431,-0.594081794,-0.602166972,-0.610725876,-0.619675754,-0.62886618,-0.638058305,-0.646869344,-0.654740874,-0.66082655,-0.663828818,-0.661630729,0.983870416,0.988298792,0.992066562,0.994979003,0.996779849,0.99712977,0.995580422,0.991540306,0.984234931,0.972652605,0.955488859,0.931023549,0.896929679,0.849868875,0.784811278,0.98512575,0.989768662,0.993792426,0.997012905,0.999188339,1,0.999029355,0.995729175,0.989391862,0.979108251,0.963732821,0.941792639,0.911342506,0.869608194,0.812281348,0.983363061,0.987565351,0.990996306,0.993407226,0.994460327,0.993691848,0.99046219,0.98388261,0.97271359,0.955211001,0.928918725,0.890326764,0.834445091,0.75443208,0.642149028,-0.566786311,-0.572877941,-0.579441774,-0.586504428,-0.594081793,-0.602166972,-0.610725877,-0.619675751,-0.62886618,-0.638058304,-0.646869344,-0.654740875,-0.660826551,-0.663828819,-0.661630729,0.103982543,0.12012348,0.137396942,0.155815108,0.175359639,0.195976443,0.217557154,0.239934298,0.262866376,0.286042376,0.309076922,0.331545284,0.353004595,0.373027207,0.391260893
0.974815337,0.980336825,0.985302661,0.989530717,0.992778687,0.99472074,0.994919257,0.992782949,0.98751215,0.978016219,0.962797484,0.939727023,0.905663106,0.855742324,0.782283576,0.976272737,0.982044239,0.987308758,0.991896564,0.995582312,0.998064252,0.99893978,0.997670149,0.993536708,0.985576927,0.972500161,0.952517423,0.923046444,0.880112897,0.817278424,0.974916676,0.980319597,0.985076039,0.988954584,0.991638618,0.992690478,0.99150496,0.987240772,0.978729416,0.964343978,0.941829003,0.908031859,0.858566498,0.787478039,0.687471179,-0.586082911,-0.592525609,-0.599444424,-0.606866594,-0.614808587,-0.623264123,-0.632199314,-0.641531168,-0.651107946,-0.660687872,-0.669882512,-0.678123853,-0.684549704,-0.68783667,-0.685823868,0.97533406,0.980940678,0.986000929,0.990331684,0.993688915,0.995745105,0.996062874,0.99405841,0.988958892,0.979745252,0.965088148,0.943220785,0.911733424,0.867152609,0.80422863,0.976779224,0.982631429,0.987984296,0.992666441,0.996449803,0.999029355,1,0.998825539,0.994804733,0.987027881,0.974334974,0.955222867,0.92769041,0.888872349,0.834311068,0.974876581,0.980270425,0.985011053,0.988862504,0.991500688,0.992475383,0.991159915,0.986675051,0.977783821,0.96273279,0.939032122,0.903101307,0.84981348,0.772084601,0.66137907,-0.58608291,-0.592525608,-0.599444421,-0.606866591,-0.614808586,-0.623264124,-0.632199315,-0.641531166,-0.651107945,-0.660687872,-0.669882513,-0.678123853,-0.684549705,-0.687836671,-0.685823868,0.104167075,0.120124573,0.137208167,0.155430604,0.17477434,0.195186384,0.216559781,0.238728811,0.261454022,0.28442657,0.307263105,0.32954031,0.350815586,0.370659833,0.388717346
0.963296294,0.970028094,0.976329089,0.982030564,0.986904682,0.990640075,0.992813381,0.992844979,0.989941637,0.983011049,0.970536478,0.950347484,0.9192198,0.8721418,0.801166747,0.964977071,0.971995371,0.978638052,0.984750123,0.990122363,0.994469579,0.997406111,0.998408415,0.99676907,0.991530652,0.981393468,0.964542683,0.938338968,0.898701966,0.838995212,0.96355622,0.970206397,0.976343902,0.981752837,0.986133515,0.989065457,0.989960426,0.987990881,0.981994967,0.970340129,0.950739594,0.919972135,0.873517452,0.805185852,0.707301127,-0.606571986,-0.61339123,-0.620690578,-0.628497981,-0.636830633,-0.645683123,-0.655022125,-0.664764963,-0.674759366,-0.684761713,-0.694379426,-0.703036893,-0.709858738,-0.71349911,-0.711757449,0.963920604,0.970761839,0.977187033,0.983027586,0.988055183,0.991958104,0.994314517,0.99455334,0.991908707,0.985359543,0.973555983,0.954687751,0.926262614,0.884667757,0.824421521,0.965589117,0.972712448,0.979473306,0.985716207,0.991230506,0.995729175,0.998825539,1,0.998563673,0.993612688,0.983978379,0.96813286,0.94402306,0.908694816,0.857540145,0.963524033,0.970167823,0.976293179,0.981680052,0.986021848,0.98888633,0.989665005,0.987494107,0.981145748,0.968864138,0.948131825,0.915302302,0.865111308,0.790221207,0.681667283,-0.606571986,-0.613391228,-0.620690575,-0.628497978,-0.636830632,-0.645683124,-0.655022125,-0.664764961,-0.674759365,-0.684761713,-0.694379426,-0.703036894,-0.709858738,-0.713499111,-0.711757449,0.103942757,0.119633342,0.136437518,0.154368464,0.173409445,0.193508788,0.214561455,0.236404329,0.258801288,0.281447345,0.303963319,0.325929642,0.346906363,0.366465011,0.384247755
0.948187657,0.956173857,0.963870438,0.97112529,0.97772887,0.983388765,0.987701191,0.990104292,0.98981807,0.985756107,0.976390052,0.959515498,0.931831811,0.888182252,0.820349817,0.950132018,0.958447745,0.966536718,0.974262117,0.981434966,0.987791489,0.992968743,0.996465073,0.997591842,0.995405301,0.988605559,0.975361537,0.952986225,0.917301609,0.861477537,0.948631916,0.956578949,0.964164894,0.971192997,0.977384887,0.982342496,0.985500796,0.986053233,0.982852691,0.974269833,0.957994881,0.930745079,0.887868314,0.822932716,0.72785441,-0.627969063,-0.635189493,-0.642894286,-0.651112258,-0.659861576,-0.669138102,-0.678909646,-0.689094711,-0.699541729,-0.71000696,-0.720096127,-0.729229323,-0.736522468,-0.740613105,-0.739268617,0.948933085,0.957056803,0.964912064,0.972348211,0.979156721,0.985046461,0.989616775,0.992315706,0.992391344,0.988828139,0.98026269,0.964847604,0.940012133,0.902003908,0.845101326,0.950865211,0.959314089,0.967555796,0.975454392,0.982821035,0.989391862,0.994804733,0.998563673,1,0.99822439,0.992068243,0.979987984,0.959887008,0.928729529,0.881762194,0.948610606,0.956554553,0.964132788,0.97114485,0.977306119,0.982207702,0.985265735,0.985639479,0.98211874,0.97295505,0.955612897,0.92638858,0.879884864,0.80850411,0.70282247,-0.627969063,-0.635189492,-0.642894283,-0.651112255,-0.659861575,-0.669138103,-0.678909647,-0.689094709,-0.699541728,-0.71000696,-0.720096127,-0.729229323,-0.736522469,-0.740613106,-0.739268618,0.103205944,0.118524969,0.134937277,0.152456271,0.171066016,0.190716372,0.211304817,0.232671848,0.254586231,0.276748914,0.298787522,0.320289148,0.340819445,0.359953163,0.377332001
0.928619852,0.937889372,0.947027463,0.955902259,0.964326948,0.97203342,0.978643928,0.983622044,0.986209909,0.98533736,0.979475614,0.966398746,0.94274229,0.903215428,0.839335596,0.930876579,0.940526588,0.950117133,0.959533493,0.968611729,0.977115275,0.984710927,0.990927291,0.995104337,0.996323564,0.993297721,0.984194329,0.966294913,0.935340859,0.884323439,0.929277384,0.938556312,0.947644357,0.956368046,0.964475427,0.971597062,0.977198728,0.980503955,0.980390994,0.975245958,0.962748835,0.939568087,0.900929112,0.840157727,0.748740931,-0.649788623,-0.657431492,-0.665563482,-0.674214531,-0.683404171,-0.693130147,-0.70336229,-0.71402159,-0.72495907,-0.73593354,-0.746552836,-0.756237979,-0.764103347,-0.768779327,-0.768013813,0.929503602,0.938942928,0.948279424,0.957384266,0.966073458,0.974082147,0.98103769,0.986415283,0.989486144,0.989250627,0.98434246,0.972888159,0.95224819,0.91853715,0.865792773,0.931748218,0.941563738,0.951346861,0.960985382,0.970317358,0.979108251,0.987027881,0.993612688,0.99822439,1,0.997783709,0.990030447,0.974614967,0.948435175,0.906607068,0.929270835,0.938550785,0.947636569,0.956351535,0.964438243,0.971517527,0.977038009,0.980191473,0.979796686,0.974125764,0.960639466,0.935591927,0.893465016,0.826402838,0.724498025,-0.649788623,-0.657431491,-0.665563478,-0.674214528,-0.683404169,-0.693130149,-0.703362291,-0.714021587,-0.72495907,-0.735933541,-0.746552836,-0.756237979,-0.764103348,-0.768779328,-0.768013813,0.101825191,0.116641762,0.132521362,0.149477328,0.167494462,0.186524387,0.20646778,0.227169958,0.248406443,0.269886641,0.291248192,0.312088402,0.331982137,0.350510499,0.367316667
0.903540926,0.914097921,0.924698379,0.935234696,0.945547797,0.955400072,0.964447512,0.972188585,0.977899065,0.980539063,0.978595695,0.969841052,0.950869023,0.916278297,0.857340988,0.906169885,0.917168087,0.928292568,0.939455081,0.95052217,0.961291236,0.971467205,0.980619287,0.988128678,0.993117612,0.994329792,0.989953691,0.977265793,0.951957344,0.906873248,0.904442918,0.915064398,0.925683652,0.936155074,0.946258892,0.955661527,0.963868631,0.97014507,0.973408196,0.972076215,0.963837822,0.945333775,0.911687049,0.855993367,0.769300248,-0.671224273,-0.679302849,-0.687876057,-0.696975355,-0.70662223,-0.716817232,-0.727533527,-0.738696548,-0.750162751,-0.761697531,-0.772916658,-0.783250134,-0.791821926,-0.797270085,-0.797342964,0.904581314,0.91534491,0.926189133,0.937011297,0.947657271,0.957895079,0.967388233,0.975648988,0.981983533,0.9854222,0.984611618,0.977670054,0.961907819,0.933323938,0.885727446,0.907198441,0.918399077,0.929761693,0.941202485,0.952592208,0.963732821,0.974334974,0.983978379,0.992068243,0.997783709,1,0.997192142,0.987230966,0.966975892,0.931442605,0.904456518,0.91508425,0.925708104,0.936179912,0.946275325,0.955652343,0.963801471,0.969958772,0.97298651,0.971195312,0.962063132,0.941825988,0.904868737,0.843092617,0.746094198,-0.671224273,-0.679302849,-0.687876053,-0.696975352,-0.706622228,-0.716817233,-0.727533527,-0.738696545,-0.75016275,-0.761697531,-0.772916659,-0.783250134,-0.791821927,-0.797270086,-0.797342964,0.099638485,0.113790097,0.128961951,0.145166912,0.1623904,0.180586017,0.199658415,0.219459128,0.239772635,0.260319782,0.28075204,0.300681147,0.319695436,0.337386016,0.353399705
0.87163394,0.883446078,0.895491948,0.90769254,0.919922046,0.931980441,0.943566507,0.95422519,0.963280565,0.96974171,0.972134874,0.968259492,0.954703781,0.925998045,0.87321307,0.874709856,0.887036135,0.899692009,0.912620494,0.925724709,0.938843803,0.951730766,0.964008095,0.975114294,0.984232851,0.990164075,0.991150095,0.984503293,0.965914801,0.928140996,0.87281274,0.884751077,0.896893059,0.909125906,0.921268425,0.933031177,0.943970379,0.953406023,0.960312138,0.963161324,0.959678233,0.946508604,0.918708677,0.869175166,0.78852446,-0.691083719,-0.699597278,-0.708611915,-0.718161185,-0.728269389,-0.738941193,-0.750155008,-0.761843544,-0.773872832,-0.786020789,-0.797919752,-0.809020741,-0.818474108,-0.824948129,-0.826222348,0.872849716,0.884909918,0.897250776,0.909800378,0.922440365,0.934979173,0.947126027,0.958442345,0.968284386,0.975731271,0.979465157,0.977623341,0.967497443,0.945004725,0.903757221,0.875914326,0.888484719,0.901430271,0.914700685,0.9282059,0.941792639,0.955222867,0.96813286,0.979987984,0.990030447,0.997192142,1,0.996359649,0.983138165,0.955304713,0.872854399,0.884805864,0.89696136,0.909206304,0.921356026,0.933114255,0.944024489,0.953381513,0.960109676,0.962582041,0.958323554,0.943588666,0.912706142,0.857370468,0.766689523,-0.69108372,-0.699597278,-0.708611912,-0.718161183,-0.728269386,-0.738941195,-0.750155009,-0.761843542,-0.773872831,-0.78602079,-0.797919752,-0.809020742,-0.818474109,-0.82494813,-0.826222349,0.096444007,0.109728701,0.123975068,0.139194947,0.15537417,0.172468507,0.19038745,0.208990348,0.228073206,0.247371814,0.266555941,0.285256714,0.303080897,0.3196338,0.334568234
0.831206891,0.844187993,0.857605388,0.87141314,0.885524619,0.899785274,0.913947122,0.927615533,0.940181376,0.950727287,0.957851046,0.959422214,0.952079016,0.930352991,0.885194475,0.834824687,0.848408442,0.862540222,0.877199368,0.892332209,0.907828443,0.92350069,0.939040114,0.953962822,0.967540467,0.978665391,0.985680266,0.985994938,0.975379184,0.946597741,0.83269419,0.845869548,0.859468559,0.873416435,0.887577448,0.901715568,0.915449973,0.928172464,0.938935996,0.946297101,0.9480548,0.940908657,0.919906597,0.877806402,0.804833068,-0.707569498,-0.716493591,-0.725926088,-0.735903416,-0.746453869,-0.757588048,-0.769292271,-0.781510516,-0.794124272,-0.806932502,-0.819596604,-0.831606242,-0.842162995,-0.849999237,-0.852972582,0.832615856,0.845891021,0.859660358,0.873887542,0.888496289,0.903343836,0.918196131,0.932678301,0.946215696,0.95796099,0.966663575,0.970520062,0.966853171,0.951556624,0.9181081,0.836223257,0.850097482,0.86457641,0.879648659,0.895270418,0.911342506,0.92769041,0.94402306,0.959887008,0.974614967,0.987230966,0.996359649,1,0.995099757,0.976670892,0.832776066,0.845973935,0.85959849,0.873574093,0.887762898,0.901924016,0.915666896,0.928362571,0.939021033,0.946109406,0.947241309,0.938743592,0.914954559,0.867429764,0.78482932,-0.707569499,-0.716493592,-0.725926085,-0.735903414,-0.746453865,-0.75758805,-0.769292272,-0.781510514,-0.794124271,-0.806932503,-0.819596605,-0.831606243,-0.842162996,-0.849999238,-0.852972582,0.091993948,0.104159696,0.117208593,0.131150705,0.145971934,0.161630339,0.178041197,0.195073478,0.212537661,0.230188555,0.247719428,0.264786569,0.281020923,0.296046834,0.30952573
0.779875036,0.793860405,0.808491662,0.823760362,0.839625152,0.855985532,0.872658581,0.889326656,0.905470413,0.920277883,0.932462517,0.940024632,0.939735347,0.926237003,0.890497098,0.784156828,0.798853513,0.814327355,0.830599213,0.847665667,0.865476734,0.883917977,0.902767653,0.921644814,0.939944098,0.95669784,0.970414928,0.978692498,0.977498942,0.959763076,0.781700014,0.79595331,0.810859086,0.826385714,0.84245013,0.858879903,0.875371377,0.891408173,0.906150108,0.918276331,0.925713288,0.925285179,0.912122176,0.878946575,0.815682818,-0.717961309,-0.727233088,-0.737020746,-0.74736454,-0.758298252,-0.769840781,-0.781989886,-0.794706178,-0.807894649,-0.821387073,-0.834891418,-0.847960995,-0.859884485,-0.8695084,-0.87483942,0.781491816,0.795821201,0.810866425,0.826631495,0.843088721,0.860153237,0.877660165,0.895315579,0.912637516,0.928884232,0.942915604,0.953044873,0.956700688,0.949846467,0.925935445,0.785764708,0.800802391,0.816686221,0.833449281,0.851101516,0.869608194,0.888872349,0.908694816,0.928729529,0.948435175,0.966975892,0.983138165,0.995099757,1,0.99303567,0.781841132,0.796130176,0.81107829,0.826654218,0.8427745,0.859264345,0.875814104,0.891892186,0.906623876,0.918611759,0.925615513,0.924112093,0.908550094,0.870461624,0.798155061,-0.71796131,-0.727233089,-0.737020743,-0.747364538,-0.758298248,-0.769840784,-0.781989887,-0.794706176,-0.807894648,-0.821387075,-0.834891418,-0.847960995,-0.859884486,-0.869508401,-0.87483942,0.085972704,0.096700137,0.10820658,0.120499281,0.133563677,0.147360123,0.16181068,0.176795983,0.192144407,0.207634559,0.222989329,0.237897032,0.252019668,0.265006513,0.276530995
0.713953987,0.728659033,0.744218115,0.760664343,0.778007664,0.796210715,0.815168832,0.83466082,0.854285428,0.873376804,0.890823172,0.904839746,0.912450831,0.908577234,0.884429119,0.719056573,0.734607642,0.751168337,0.768806104,0.787575046,0.807496148,0.82854305,0.850602998,0.873429331,0.8965842,0.919303779,0.940353332,0.957645402,0.967525685,0.963331587,0.716140213,0.731191062,0.747123406,0.763953676,0.781658773,0.80014091,0.819189774,0.838404779,0.857087636,0.874090576,0.887539982,0.894485555,0.89027605,0.867767083,0.816756751,-0.71792262,-0.727416611,-0.737432079,-0.748014144,-0.759203806,-0.771031122,-0.783509719,-0.79662374,-0.810312213,-0.824455378,-0.838831473,-0.853091879,-0.866662916,-0.878577971,-0.887099503,0.715785726,0.730887261,0.746925728,0.763949844,0.781986932,0.80101965,0.820966128,0.841633569,0.86266163,0.883454973,0.903041669,0.919930916,0.931765742,0.934722311,0.922411298,0.720881774,0.736827215,0.753864581,0.772076841,0.791535435,0.812281348,0.834311068,0.857540145,0.881762194,0.906607068,0.931442605,0.955304713,0.976670892,0.99303567,1,0.716369903,0.731475549,0.747474158,0.764384129,0.782184186,0.800777396,0.81995218,0.839299778,0.858098062,0.875139155,0.888407169,0.894639651,0.888546733,0.861825154,0.802618679,-0.717922622,-0.727416613,-0.737432077,-0.748014143,-0.759203801,-0.771031125,-0.78350972,-0.796623738,-0.810312211,-0.82445538,-0.838831473,-0.853091879,-0.866662917,-0.878577972,-0.887099501,0.077949812,0.086825167,0.096341793,0.106502671,0.117291943,0.12867209,0.14057304,0.152889443,0.165471639,0.178127818,0.190617955,0.202670898,0.213988405,0.22425259,0.233154117
0.998705418,0.998199984,0.996673992,0.99391239,0.989641462,0.98351107,0.975069135,0.963731183,0.948738299,0.929089876,0.903465843,0.870032205,0.826141141,0.767736322,0.688479155,0.998734618,0.998254252,0.996763148,0.994050911,0.989851154,0.983825631,0.975541631,0.964446665,0.949835043,0.930795341,0.906157903,0.874342494,0.833125972,0.779130384,0.706950734,0.999861754,0.999367772,0.997779263,0.994835806,0.990195497,0.983406318,0.973865057,0.960764849,0.943024239,0.919183381,0.887290614,0.844688325,0.787784745,0.711829182,0.61122645,-0.492993687,-0.497696072,-0.502848119,-0.508473476,-0.514585652,-0.521176033,-0.528211482,-0.53561369,-0.543243521,-0.550883259,-0.558187815,-0.564659484,-0.569549336,-0.571714114,-0.569288886,0.998679762,0.998141348,0.996566235,0.993733289,0.989361332,0.983092157,0.974467248,0.962902981,0.947661146,0.927806899,0.902181436,0.869297731,0.827199962,0.773121974,0.70292975,0.998700324,0.99818383,0.996639266,0.993849598,0.989540129,0.983363061,0.974876581,0.963524033,0.948610606,0.929270835,0.904456518,0.872854399,0.832776066,0.781841132,0.716369903,1,0.999522777,0.997946977,0.995007443,0.990354281,0.983522043,0.973884403,0.960594267,0.942498684,0.91800842,0.884938043,0.840214361,0.779545971,0.697149893,0.586355893,-0.492993686,-0.49769607,-0.502848117,-0.508473473,-0.514585652,-0.521176033,-0.528211484,-0.535613688,-0.54324352,-0.550883258,-0.558187814,-0.564659484,-0.569549337,-0.571714115,-0.569288885,0.091083825,0.107175482,0.124381289,0.142712935,0.162152603,0.182647656,0.204092939,0.226325931,0.249112436,0.272151173,0.295069534,0.317458073,0.338892001,0.358964249,0.377344294
0.997861836,0.998242375,0.99765771,0.995895445,0.99268401,0.987674231,0.980413325,0.970313072,0.956606183,0.938277037,0.913979507,0.88183829,0.839138704,0.781715857,0.703048668,0.997879754,0.998284502,0.997733865,0.996020131,0.992879103,0.987973579,0.980870282,0.971013242,0.957688919,0.93997188,0.916668428,0.886161018,0.846167554,0.793216701,0.721747804,0.999352532,0.999806027,0.999232439,0.997376458,0.993901215,0.988358982,0.980149489,0.96846585,0.952221477,0.929943199,0.899651624,0.858639777,0.803230226,0.728529687,0.628716232,-0.506306102,-0.511262856,-0.516674067,-0.522563976,-0.528946551,-0.535813478,-0.543131407,-0.550821147,-0.558741461,-0.566670856,-0.57425777,-0.580994468,-0.586116505,-0.588456769,-0.586111587,0.997854991,0.998207039,0.99757863,0.995751366,0.992446232,0.987305894,0.979870846,0.969553148,0.955605252,0.937075938,0.912778819,0.881184857,0.840274076,0.787183548,0.717628959,0.99786475,0.998238097,0.997639736,0.995855465,0.992612897,0.987565351,0.980270425,0.970167823,0.956554553,0.938550785,0.91508425,0.884805864,0.845973935,0.796130176,0.731475549,0.999522777,1,0.999447769,0.997606504,0.99413196,0.988563784,0.980279674,0.968433923,0.951870204,0.928987998,0.897575859,0.854511085,0.795410808,0.714330719,0.604333411,-0.5063061,-0.511262854,-0.516674065,-0.522563972,-0.528946551,-0.535813478,-0.543131409,-0.550821145,-0.558741461,-0.566670855,-0.574257769,-0.580994468,-0.586116506,-0.58845677,-0.586111586,0.090902847,0.106990471,0.124200273,0.142545169,0.162008494,0.182538683,0.204031319,0.226324184,0.24918264,0.272304042,0.295313052,0.317796155,0.339322912,0.359479145,0.377926521
0.995854455,0.997178152,0.997601298,0.996915413,0.994852492,0.991065833,0.985103568,0.976375326,0.964106873,0.947268722,0.924488974,0.893850333,0.852568581,0.796364428,0.718522343,0.995859163,0.997205981,0.997662038,0.997023561,0.995029956,0.991346557,0.985541134,0.977055812,0.965170611,0.948947231,0.927168248,0.898178262,0.859633971,0.807965931,0.737448438,0.997737887,0.999206639,0.999727224,0.999051219,0.996848841,0.99267896,0.985946843,0.975848369,0.961294627,0.940801789,0.91236449,0.873226704,0.81962233,0.746506315,0.647809407,-0.520887138,-0.526115612,-0.531802997,-0.537974108,-0.544643369,-0.551802778,-0.559418797,-0.567411401,-0.57563732,-0.583871352,-0.591755558,-0.59877226,-0.60414161,-0.606672763,-0.604423325,0.995867009,0.997167009,0.997552174,0.996808108,0.994659372,0.990750984,0.98462401,0.975687652,0.963186203,0.946152791,0.923373038,0.893274185,0.85376809,0.801887878,0.733186741,0.995864154,0.997184652,0.997599177,0.996897633,0.994811365,0.990996306,0.985011053,0.976293179,0.964132788,0.947636569,0.925708104,0.89696136,0.85959849,0.81107829,0.747474158,0.997946977,0.999447769,1,0.999351515,0.99716588,0.992990285,0.986209253,0.975981527,0.961150619,0.940107951,0.910618551,0.86951136,0.812309618,0.732897768,0.624046505,-0.520887136,-0.526115611,-0.531802994,-0.537974105,-0.544643369,-0.551802778,-0.559418799,-0.567411399,-0.575637319,-0.583871351,-0.591755558,-0.59877226,-0.604141611,-0.606672764,-0.604423324,0.090281577,0.106328031,0.123503004,0.141820771,0.161266033,0.181788601,0.203285219,0.225594511,0.248482064,0.271644612,0.294704881,0.317246015,0.338832506,0.35904339,0.377532518
0.992404579,0.994731724,0.996233604,0.996707191,0.995889786,0.993439042,0.98890608,0.981700481,0.971043061,0.955892243,0.934851255,0.905960748,0.866364832,0.811664328,0.734937065,0.992393377,0.994742205,0.996275479,0.996794892,0.996045178,0.993696078,0.989318452,0.982354595,0.972080039,0.957545358,0.937510291,0.910281622,0.873453104,0.823352836,0.754080727,0.994751418,0.997308527,0.999009652,0.999615411,0.99880563,0.996148636,0.99105852,0.982737505,0.9700981,0.951649553,0.925363383,0.888435948,0.837010298,0.765880468,0.668707399,-0.536823869,-0.542343635,-0.548326409,-0.554797573,-0.561772003,-0.569242049,-0.577174036,-0.585487212,-0.594036414,-0.602592929,-0.610792707,-0.618108465,-0.623745435,-0.626489688,-0.624360872,0.992436902,0.99474543,0.996215455,0.996638122,0.995743299,0.993180212,0.98849248,0.981088392,0.970205768,0.95486333,0.933818748,0.905454191,0.867609468,0.817206375,0.749622634,0.992418878,0.994746812,0.996245197,0.996709584,0.995876789,0.993407226,0.988862504,0.981680052,0.97114485,0.956351535,0.936179912,0.909206304,0.873574093,0.826654218,0.764384129,0.995007443,0.997606504,0.999351515,1,0.999225983,0.996587232,0.991478629,0.983067292,0.970200807,0.951266964,0.924011048,0.88521617,0.830310349,0.752997003,0.645727759,-0.536823868,-0.542343633,-0.548326406,-0.55479757,-0.561772003,-0.569242049,-0.577174038,-0.585487209,-0.594036413,-0.602592928,-0.610792706,-0.618108465,-0.623745435,-0.626489689,-0.624360871,0.089113783,0.105072263,0.122163313,0.140402705,0.15977675,0.180236993,0.201681848,0.223951448,0.246812431,0.269961865,0.293021572,0.315572335,0.337174379,0.357400454,0.375896688
0.987145497,0.990538956,0.993194587,0.994916675,0.995449966,0.994458831,0.991500015,0.985985815,0.977134849,0.963896082,0.944849661,0.917995107,0.880403681,0.827551659,0.75229838,0.987114662,0.990527851,0.993212764,0.994978407,0.995576956,0.994684895,0.991878765,0.986603744,0.978133557,0.965510201,0.947472311,0.922289805,0.887492642,0.839302968,0.771637584,0.990041778,0.99376569,0.996741156,0.998740461,0.99945613,0.998469523,0.995207691,0.988883826,0.978416823,0.962314167,0.938528686,0.904212194,0.855416154,0.786765118,0.691626028,-0.55418039,-0.560013225,-0.566312806,-0.573105072,-0.580405371,-0.588206474,-0.596474672,-0.605128667,-0.614021675,-0.622921835,-0.631459522,-0.639098575,-0.645030327,-0.64801921,-0.646048808,0.987197593,0.990577752,0.993207958,0.99488676,0.995351458,0.994257795,0.991154475,0.98545143,0.976382377,0.962953607,0.943895553,0.917544585,0.881664997,0.833059969,0.766918288,0.987160858,0.990558892,0.993215974,0.994935165,0.995460876,0.994460327,0.991500688,0.986021848,0.977306119,0.964438243,0.946275325,0.921356026,0.887762898,0.8427745,0.782184186,0.990354281,0.99413196,0.99716588,0.999225983,1,0.999060067,0.99581586,0.989447927,0.978813501,0.962302777,0.93764689,0.901587634,0.849458291,0.77477225,0.669632612,-0.554180389,-0.560013223,-0.566312803,-0.573105069,-0.580405371,-0.588206474,-0.596474674,-0.605128665,-0.614021674,-0.622921834,-0.631459522,-0.639098574,-0.645030327,-0.648019211,-0.646048807,0.087264975,0.103076125,0.120020803,0.13811643,0.157351199,0.177678812,0.19899997,0.221157135,0.243919042,0.266984307,0.289975189,0.312471406,0.334030022,0.354218239,0.372674664
0.979590715,0.984114605,0.988001889,0.991066421,0.99306301,0.993665693,0.992440191,0.988805146,0.981980732,0.970910291,0.954154016,0.929672752,0.894465416,0.843880844,0.770549485,0.979535124,0.984076046,0.987989637,0.99109444,0.993152664,0.99385043,0.992773255,0.989372735,0.982924438,0.972465474,0.956716347,0.933912482,0.90152076,0.855655566,0.790043576,0.983141858,0.988115761,0.992466474,0.995981133,0.998368773,0.999228233,0.998004766,0.993928501,0.985931324,0.972526091,0.951653595,0.920426701,0.874806975,0.809242537,0.716781106,-0.572962939,-0.57913256,-0.58577231,-0.5929087,-0.600557597,-0.608712311,-0.617339283,-0.626356975,-0.635617432,-0.64488629,-0.653789293,-0.661782698,-0.668045824,-0.671324103,-0.669568693,0.979661962,0.984177998,0.988046464,0.991075561,0.993012611,0.99352275,0.992162987,0.988348253,0.981311442,0.970049424,0.953267156,0.92925555,0.895700877,0.849281126,0.7849829,0.979601627,0.984133359,0.988026491,0.991093835,0.993089987,0.993691848,0.992475383,0.98888633,0.982207702,0.971517527,0.955652343,0.933114255,0.901924016,0.859264345,0.800777396,0.983522043,0.988563784,0.992990285,0.996587232,0.999060067,1,0.99883712,0.9947719,0.986678591,0.972958024,0.951335352,0.918518532,0.869749586,0.798344841,0.696027814,-0.572962938,-0.579132558,-0.585772307,-0.592908697,-0.600557597,-0.608712311,-0.617339285,-0.626356973,-0.635617431,-0.644886289,-0.653789293,-0.661782698,-0.668045824,-0.671324105,-0.669568692,0.084562784,0.100150843,0.116869233,0.134737171,0.153745045,0.173849214,0.19495342,0.216903467,0.2394715,0.26235923,0.285191095,0.307547448,0.328983687,0.349062504,0.367415346
0.969087625,0.974805274,0.980003117,0.984507293,0.988085875,0.99042624,0.991107339,0.989558891,0.985007739,0.976397066,0.962272145,0.940559905,0.908190116,0.860384351,0.789536872,0.969000295,0.974731226,0.979951171,0.98449089,0.988125773,0.990555183,0.991377772,0.990056159,0.985872688,0.977864816,0.964739677,0.944702712,0.915160913,0.872122014,0.809118824,0.973423426,0.979734116,0.985567285,0.990728804,0.994948893,0.997849426,0.998900487,0.99735686,0.992172191,0.981874507,0.964402382,0.936838979,0.895061524,0.833337879,0.744371408,-0.593094462,-0.59962579,-0.606630282,-0.614135065,-0.622156613,-0.630688977,-0.639699048,-0.649105533,-0.658760037,-0.668426735,-0.677728285,-0.686115526,-0.692758887,-0.696389227,-0.694931487,0.969176401,0.974891586,0.980077169,0.984553699,0.988081672,0.990339201,0.990895661,0.989175381,0.984414928,0.975606174,0.961431898,0.940139589,0.909336691,0.865571059,0.803615153,0.969085784,0.974813558,0.980020546,0.984531993,0.988115824,0.99046219,0.991159915,0.989665005,0.985265735,0.977038009,0.963801471,0.944024489,0.915666896,0.875814104,0.81995218,0.973884403,0.980279674,0.986209253,0.991478629,0.99581586,0.99883712,1,0.998533284,0.99333797,0.982836723,0.964760478,0.935795128,0.891099525,0.823789636,0.725177903,-0.593094462,-0.599625789,-0.606630279,-0.614135062,-0.622156613,-0.630688977,-0.639699049,-0.649105531,-0.658760037,-0.668426734,-0.677728285,-0.686115526,-0.692758887,-0.696389229,-0.694931486,0.080784113,0.096051858,0.112441166,0.129973206,0.148640915,0.168403905,0.189169875,0.210789239,0.2330392,0.255626542,0.278180119,0.300283146,0.321491339,0.3413643,0.359526863
0.95475613,0.961726207,0.968310637,0.974351096,0.979632813,0.983861058,0.986633395,0.987396784,0.985391637,0.979568712,0.968466173,0.949985291,0.920994214,0.876592722,0.808937588,0.954627563,0.961605706,0.968206308,0.974275547,0.979605809,0.983914157,0.986817617,0.987795808,0.986144486,0.980908835,0.970789967,0.953971078,0.927806449,0.888203205,0.828502573,0.960037278,0.967772457,0.975199136,0.982146626,0.988372069,0.993527303,0.997115635,0.998426496,0.996446945,0.989733643,0.976237259,0.95302597,0.915904354,0.858961948,0.774535042,-0.614337944,-0.621255535,-0.62864899,-0.636546132,-0.644964215,-0.653898344,-0.663316339,-0.673137919,-0.683215387,-0.693313108,-0.703053107,-0.711884264,-0.718973121,-0.723043061,-0.72200289,0.95485919,0.961831807,0.968410079,0.974430121,0.979669417,0.983823469,0.98647915,0.987075901,0.984860082,0.978824965,0.967636736,0.949504169,0.921958081,0.881414493,0.822423068,0.954729187,0.961709977,0.9683049,0.974354829,0.9796448,0.98388261,0.986675051,0.987494107,0.985639479,0.980191473,0.969958772,0.953381513,0.928362571,0.891892186,0.839299778,0.960594267,0.968433923,0.975981527,0.983067292,0.989447927,0.9947719,0.998533284,1,0.998112673,0.99133106,0.977408735,0.953027619,0.91327873,0.851081116,0.757306719,-0.614337944,-0.621255534,-0.628648987,-0.636546129,-0.644964214,-0.653898344,-0.663316341,-0.673137916,-0.683215386,-0.693313107,-0.703053107,-0.711884264,-0.718973122,-0.723043063,-0.72200289,0.075638235,0.090460224,0.106387562,0.123443516,0.141623987,0.160892546,0.181161983,0.202288889,0.224057611,0.246182514,0.268299741,0.289998255,0.310836683,0.330373434,0.34822749
0.935402135,0.943672389,0.951710112,0.95937638,0.966478257,0.972744519,0.977798096,0.981111178,0.981947017,0.979274772,0.9716373,0.956923682,0.931954752,0.891722641,0.828155935,0.935219471,0.943490538,0.951536112,0.959221564,0.966360854,0.972694207,0.977863589,0.981373326,0.982541476,0.980431233,0.973748758,0.960667557,0.938502598,0.903074468,0.847545413,0.941828189,0.951071644,0.96020203,0.969077775,0.977489952,0.985128973,0.991541973,0.996065939,0.997736826,0.995158377,0.986314058,0.968279805,0.936808795,0.885824032,0.807278434,-0.636200147,-0.643525228,-0.651328513,-0.659638683,-0.668474039,-0.677831241,-0.687679782,-0.697941562,-0.708471345,-0.719036235,-0.729261419,-0.738599201,-0.746220033,-0.750850875,-0.750400249,0.935513622,0.943790477,0.951827008,0.959478681,0.966544527,0.972742842,0.977684406,0.980831165,0.981447521,0.978537249,0.970758863,0.956291241,0.932595725,0.895960623,0.840710752,0.935331891,0.943610681,0.951657019,0.95933115,0.966439741,0.97271359,0.977783821,0.981145748,0.98211874,0.979796686,0.97298651,0.960109676,0.939021033,0.906623876,0.858098062,0.942498684,0.951870204,0.961150619,0.970200807,0.978813501,0.986678591,0.99333797,0.998112673,1,0.997517573,0.988465645,0.969549467,0.935818698,0.880010331,0.792532824,-0.636200147,-0.643525227,-0.65132851,-0.65963868,-0.668474039,-0.677831242,-0.687679783,-0.69794156,-0.708471345,-0.719036234,-0.729261419,-0.738599201,-0.746220034,-0.750850877,-0.750400249,0.068743837,0.082957659,0.098250693,0.114648453,0.132150275,0.150724537,0.170290514,0.190712933,0.211785903,0.233234547,0.254705956,0.275798537,0.296077165,0.315101505,0.332485684
0.909385256,0.918982749,0.928520993,0.937884985,0.946909213,0.955352812,0.962872525,0.968976058,0.972961895,0.973832631,0.970153282,0.959821857,0.939636502,0.904509571,0.846168374,0.909131121,0.918719382,0.928253862,0.937623538,0.946669375,0.955161424,0.962774747,0.969048281,0.973334213,0.974727985,0.97195715,0.963205121,0.945770398,0.915413716,0.865147738,0.91720457,0.928028199,0.938963649,0.949905272,0.960686592,0.971047271,0.980591647,0.988720928,0.994540511,0.996726452,0.993324705,0.981453384,0.956850026,0.913298939,0.842366201,-0.657790864,-0.66553637,-0.67376196,-0.682497417,-0.691762528,-0.70155625,-0.711850883,-0.722572279,-0.733580309,-0.744648683,-0.755411513,-0.765332726,-0.77359856,-0.778956422,-0.77933888,0.909495286,0.91910161,0.928641392,0.937993848,0.946984947,0.955362332,0.962768648,0.968697831,0.972443375,0.973032348,0.969129305,0.958898205,0.939745885,0.907846737,0.8573104,0.909245146,0.918844653,0.928384507,0.937748659,0.946770733,0.955211001,0.96273279,0.968864138,0.97295505,0.974125764,0.971195312,0.962582041,0.946109406,0.918611759,0.875139155,0.91800842,0.928987998,0.940107951,0.951266964,0.962302777,0.972958024,0.982836723,0.99133106,0.997517573,1,0.996659386,0.984264913,0.957868125,0.910057329,0.830768019,-0.657790864,-0.66553637,-0.673761957,-0.682497415,-0.691762527,-0.701556251,-0.711850885,-0.722572277,-0.733580309,-0.744648683,-0.755411513,-0.765332726,-0.773598561,-0.778956424,-0.77933888,0.059599133,0.07299367,0.087428092,0.102930283,0.119503563,0.137122148,0.155713518,0.175152978,0.195247689,0.215737549,0.236285229,0.256503273,0.275967049,0.294240582,0.310934377
0.874458328,0.885372722,0.896421329,0.907518215,0.918531799,0.929259795,0.939403147,0.948518176,0.955954993,0.960770308,0.961576779,0.95631366,0.941796808,0.912908447,0.861230772,0.874109362,0.885000676,0.89602941,0.907113141,0.918126139,0.928876217,0.939081535,0.948328179,0.956018064,0.961298388,0.962941866,0.959171717,0.947307201,0.92309575,0.879457283,0.883979061,0.896428169,0.909245727,0.922370036,0.93568729,0.948999478,0.96198485,0.974130222,0.984637567,0.992289633,0.9952372,0.99069201,0.974433898,0.94016246,0.879077835,-0.677539753,-0.685701235,-0.69434392,-0.703499076,-0.713188623,-0.723414928,-0.734154778,-0.745340596,-0.756841313,-0.76844302,-0.779797379,-0.790392273,-0.799447602,-0.805756669,-0.807313049,0.874550732,0.885472924,0.896521795,0.907605248,0.918582388,0.929237977,0.939256223,0.948175059,0.955331682,0.959794194,0.96025374,0.954883546,0.941063227,0.914883075,0.870267686,0.874209745,0.885112942,0.896148187,0.907227995,0.918219043,0.928918725,0.939032122,0.948131825,0.955612897,0.960639466,0.962063132,0.958323554,0.947241309,0.925615513,0.888407169,0.884938043,0.897575859,0.910618551,0.924011048,0.93764689,0.951335352,0.964760478,0.977408735,0.988465645,0.996659386,1,0.995380481,0.97792293,0.940130343,0.871482188,-0.677539753,-0.685701235,-0.694343916,-0.703499074,-0.713188622,-0.723414929,-0.73415478,-0.745340593,-0.756841312,-0.76844302,-0.779797379,-0.790392273,-0.799447603,-0.805756671,-0.807313049,0.047553678,0.059854572,0.073138546,0.087435958,0.10275475,0.119076202,0.136338126,0.154429433,0.173174441,0.192332847,0.211588698,0.23057455,0.248881537,0.266081885,0.281783926
0.827477084,0.839635335,0.852139672,0.864938938,0.877942881,0.890997471,0.903860448,0.916153235,0.927299023,0.936436751,0.94226318,0.942806987,0.93496523,0.913672659,0.870468815,0.827002211,0.839118421,0.851580725,0.864340797,0.877313325,0.890353175,0.903233655,0.91560371,0.926935298,0.936453778,0.943010941,0.944914207,0.939561766,0.922764173,0.887448202,0.839077615,0.853147554,0.867875263,0.883252287,0.899229565,0.915687245,0.932398187,0.948962041,0.96471295,0.978586852,0.988899035,0.993030407,0.986893631,0.96419807,0.915840651,-0.69285452,-0.701395926,-0.710418158,-0.7199545,-0.730029922,-0.740651765,-0.751803726,-0.763428569,-0.775410009,-0.787554933,-0.799545177,-0.81091069,-0.820931405,-0.82848427,-0.831679197,0.827526534,0.839686169,0.852182865,0.864958584,0.877912505,0.89087552,0.903585031,0.915637967,0.926434318,0.935107467,0.940405141,0.940547185,0.932931606,0.913619245,0.876413041,0.827064854,0.839188694,0.851652722,0.864403259,0.877346823,0.890326764,0.903101307,0.915302302,0.92638858,0.935591927,0.941825988,0.943588666,0.938743592,0.924112093,0.894639651,0.840214361,0.854511085,0.86951136,0.88521617,0.901587634,0.918518532,0.935795128,0.953027619,0.969549467,0.984264913,0.995380481,1,0.99342205,0.96817415,0.913342879,-0.69285452,-0.701395927,-0.710418155,-0.719954499,-0.73002992,-0.740651766,-0.751803728,-0.763428566,-0.775410008,-0.787554933,-0.799545178,-0.81091069,-0.820931406,-0.828484272,-0.831679196,0.031778514,0.042628929,0.054382476,0.067072025,0.080710866,0.095288816,0.110756624,0.127020552,0.143927174,0.161262259,0.17873844,0.196015614,0.212707236,0.228398481,0.24269728
0.764080802,0.777305318,0.791100753,0.805456641,0.820332038,0.835632098,0.851186122,0.86670083,0.881699944,0.895442014,0.906758888,0.913838599,0.913755929,0.901630165,0.86913334,0.763439704,0.77659651,0.790319806,0.804600991,0.819402763,0.83463745,0.850147528,0.865663916,0.880754461,0.894757623,0.906651473,0.914891761,0.917043478,0.909100896,0.884163279,0.778211314,0.793806106,0.810378125,0.827982474,0.846648581,0.866353358,0.886989263,0.908302702,0.929805857,0.950649674,0.969396637,0.983705529,0.989759347,0.98143364,0.949455706,-0.699461659,-0.708291303,-0.717598297,-0.727418602,-0.737781432,-0.74870121,-0.760171847,-0.772151675,-0.784547207,-0.797197994,-0.809833975,-0.822053053,-0.833233174,-0.84238988,-0.847831095,0.764049159,0.777260233,0.791029738,0.805339098,0.820134856,0.835304027,0.850650637,0.865848819,0.880385713,0.893492357,0.904015611,0.91027754,0.909766775,0.898607165,0.870596715,0.76342807,0.776580485,0.790291246,0.804545708,0.819297318,0.834445091,0.84981348,0.865111308,0.879884864,0.893465016,0.904868737,0.912706142,0.914954559,0.908550094,0.888546733,0.779545971,0.795410808,0.812309618,0.830310349,0.849458291,0.869749586,0.891099525,0.91327873,0.935818698,0.957868125,0.97792293,0.99342205,1,0.990389879,0.953428248,-0.69946166,-0.708291303,-0.717598294,-0.727418601,-0.73778143,-0.748701212,-0.760171849,-0.772151673,-0.784547205,-0.797197994,-0.809833975,-0.822053053,-0.833233175,-0.842389882,-0.847831094,0.011290695,0.020230512,0.029963038,0.04052358,0.05193156,0.06418703,0.077256811,0.091069065,0.105498865,0.120365759,0.135419852,0.150357427,0.164822375,0.1784188,0.190756643
0.678454523,0.692399699,0.707141781,0.72271633,0.739139422,0.756386748,0.774375341,0.792920599,0.811680218,0.830079856,0.847154522,0.861348534,0.870054276,0.868776317,0.849602293,0.677598195,0.691441718,0.706071731,0.721524332,0.73781745,0.754931543,0.772793452,0.79123801,0.809960198,0.828455653,0.845891374,0.860959688,0.871518651,0.873927334,0.861719177,0.695607877,0.712471934,0.730653085,0.75028041,0.771476284,0.794334836,0.818896598,0.845094972,0.872676678,0.901086556,0.929244303,0.955236835,0.975717477,0.984973189,0.973808637,-0.69058618,-0.699520146,-0.708921707,-0.718830142,-0.729280266,-0.740296124,-0.751885995,-0.764030508,-0.776669466,-0.789690817,-0.802896633,-0.815987821,-0.828492436,-0.839641405,-0.848057322,0.678287995,0.692192699,0.706875476,0.722361829,0.738652442,0.755700544,0.773391236,0.791496726,0.809620896,0.827133717,0.84303866,0.8558385,0.863220027,0.861515943,0.844716465,0.677460454,0.691276147,0.705865393,0.721256968,0.737457734,0.75443208,0.772084601,0.790221207,0.80850411,0.826402838,0.843092617,0.857370468,0.867429764,0.870461624,0.861825154,0.697149893,0.714330719,0.732897768,0.752997003,0.77477225,0.798344841,0.823789636,0.851081116,0.880010331,0.910057329,0.940130343,0.96817415,0.990389879,1,0.985864265,-0.690586181,-0.699520147,-0.708921704,-0.718830143,-0.729280264,-0.740296126,-0.751885998,-0.764030505,-0.776669464,-0.789690817,-0.802896633,-0.81598782,-0.828492437,-0.839641407,-0.84805732,-0.014864189,-0.008410924,-0.001314627,0.00646213,0.014945623,0.02414796,0.034055609,0.044623918,0.055763824,0.067337848,0.079144223,0.090926625,0.102369435,0.113103538,0.122744839
0.564017619,0.578085547,0.593155101,0.609310958,0.626631725,0.645173197,0.664955217,0.685925732,0.707913055,0.730564869,0.753202714,0.774650971,0.792807102,0.803844419,0.800691323,0.562894935,0.576818385,0.591725353,0.607699315,0.624818363,0.643139858,0.662688903,0.683426334,0.705208129,0.727737543,0.750446515,0.772375496,0.791842875,0.805824461,0.808672178,0.584624531,0.602240237,0.621509525,0.642643591,0.665870106,0.691419448,0.719508454,0.750299921,0.78383794,0.819953044,0.858056717,0.896856051,0.933744725,0.963777966,0.978248589,-0.65637158,-0.665086838,-0.67424829,-0.683898863,-0.694080111,-0.704828249,-0.716170426,-0.728117183,-0.740653866,-0.753735497,-0.767265339,-0.781090286,-0.794953681,-0.808400626,-0.820523206,0.563647961,0.577632488,0.592589701,0.608591381,0.625696728,0.643933274,0.663280326,0.683629248,0.704733094,0.726148813,0.747107786,0.766395432,0.782043999,0.79080661,0.787170771,0.562564943,0.576422052,0.59124153,0.607097484,0.624054206,0.642149028,0.66137907,0.681667283,0.70282247,0.724498025,0.746094198,0.766689523,0.78482932,0.798155061,0.802618679,0.586355893,0.604333411,0.624046505,0.645727759,0.669632612,0.696027814,0.725177903,0.757306719,0.792532824,0.830768019,0.871482188,0.913342879,0.953428248,0.985864265,1,-0.65637158,-0.66508684,-0.674248288,-0.683898864,-0.694080109,-0.704828252,-0.716170429,-0.728117181,-0.740653863,-0.753735498,-0.767265339,-0.781090285,-0.794953682,-0.808400627,-0.820523203,-0.047051935,-0.043747942,-0.039997809,-0.035762745,-0.031009231,-0.02571153,-0.019859962,-0.013466506,-0.006576486,0.000725635,0.008298092,0.015944579,0.023402026,0.03033857,0.036383101
-0.489267472,-0.501952332,-0.515809034,-0.530918946,-0.547348246,-0.565121017,-0.584206718,-0.604467696,-0.625602324,-0.647071994,-0.667929175,-0.686648683,-0.700697125,-0.705827343,-0.694776565,-0.490586149,-0.503489552,-0.517604561,-0.533021655,-0.549819144,-0.56803797,-0.58767174,-0.60861909,-0.630635198,-0.653273295,-0.675740618,-0.696780486,-0.714332011,-0.72496944,-0.722750772,-0.491636402,-0.504682078,-0.518942101,-0.534492036,-0.551381996,-0.569602127,-0.589056893,-0.609491578,-0.630402167,-0.650910146,-0.669518419,-0.683844978,-0.690111524,-0.682533608,-0.652833211,1,0.999732876,0.998880028,0.997350687,0.995032184,0.991783989,0.987431557,0.981758556,0.974500168,0.965332782,0.953868829,0.939629232,0.921998643,0.900089413,0.872389529,-0.488782298,-0.501375282,-0.515115301,-0.530074025,-0.546303316,-0.563806879,-0.58252556,-0.602283723,-0.622733447,-0.643289029,-0.662982135,-0.680353794,-0.693163896,-0.697969053,-0.689326308,-0.490111007,-0.502926723,-0.516931169,-0.532206078,-0.548816844,-0.566786311,-0.58608291,-0.606571986,-0.627969063,-0.649788623,-0.671224273,-0.69108372,-0.707569499,-0.71796131,-0.717922622,-0.492993686,-0.5063061,-0.520887136,-0.536823868,-0.554180389,-0.572962938,-0.593094462,-0.614337944,-0.636200147,-0.657790864,-0.677539753,-0.69285452,-0.69946166,-0.690586181,-0.65637158,1,0.999732876,0.998880028,0.997350688,0.995032184,0.991783989,0.987431556,0.981758557,0.974500168,0.965332781,0.95386883,0.939629233,0.921998643,0.900089415,0.872389532,0.091457916,0.090866242,0.089910765,0.088523581,0.086629149,0.08414086,0.080967285,0.077010098,0.072169682,0.066352234,0.059469246,0.05144995,0.042235523,0.03178399,0.020057817
-0.493891776,-0.50681742,-0.520930065,-0.536313063,-0.553034644,-0.571120841,-0.590542676,-0.611163164,-0.6326796,-0.654549519,-0.675816273,-0.69493784,-0.709350242,-0.714752563,-0.703787877,-0.495238488,-0.50838718,-0.52276342,-0.538459827,-0.555556962,-0.574097982,-0.59407841,-0.615398056,-0.637811753,-0.660870042,-0.68377295,-0.705250245,-0.723216273,-0.734201794,-0.732187566,-0.496332922,-0.509631858,-0.524162278,-0.540001917,-0.557203034,-0.575757634,-0.595571282,-0.616388797,-0.637702748,-0.658626414,-0.67764589,-0.692349454,-0.698907972,-0.69145505,-0.661590748,0.999732876,1,0.999706199,0.998761935,0.997055612,0.994447566,0.990763537,0.985786724,0.979250499,0.970827631,0.960124133,0.946650985,0.929777916,0.908595805,0.881560605,-0.493420709,-0.506257066,-0.520255994,-0.535491145,-0.552016373,-0.5698372,-0.588895771,-0.609016658,-0.62985013,-0.650805583,-0.670904253,-0.688669137,-0.70182961,-0.706892566,-0.698334577,-0.494777571,-0.507841233,-0.522109979,-0.537667705,-0.554582031,-0.572877941,-0.592525608,-0.613391228,-0.635189492,-0.657431491,-0.679302849,-0.699597278,-0.716493592,-0.727233089,-0.727416613,-0.49769607,-0.511262854,-0.526115611,-0.542343633,-0.560013223,-0.579132558,-0.599625789,-0.621255534,-0.643525227,-0.66553637,-0.685701235,-0.701395927,-0.708291303,-0.699520147,-0.66508684,0.999732876,1,0.9997062,0.998761935,0.997055612,0.994447566,0.990763537,0.985786725,0.979250499,0.970827631,0.960124133,0.946650986,0.929777917,0.908595807,0.881560607,0.092549996,0.091867978,0.090812328,0.089314559,0.087298718,0.084678059,0.081361432,0.077251373,0.07224992,0.066265799,0.059214261,0.051029288,0.041657918,0.031064837,0.019219092
-0.498962843,-0.512133663,-0.52650627,-0.542166001,-0.559183144,-0.577585731,-0.597346409,-0.618328967,-0.640229756,-0.662502604,-0.684181866,-0.703708631,-0.718487843,-0.724163267,-0.713280247,-0.500339321,-0.513737916,-0.52837966,-0.544359318,-0.561759723,-0.580626304,-0.600956582,-0.622651673,-0.64546625,-0.668948379,-0.692291114,-0.71421082,-0.73259693,-0.74393576,-0.742128245,-0.50148081,-0.515038126,-0.529843786,-0.545977696,-0.563494266,-0.582387389,-0.602563755,-0.623767748,-0.645488529,-0.666831085,-0.686264439,-0.701346469,-0.708195712,-0.700860833,-0.670814851,0.998880028,0.9997062,1,0.999673579,0.998616922,0.996691761,0.993724684,0.98949897,0.983746677,0.976137371,0.966270799,0.953647909,0.937622916,0.917264018,0.890993163,-0.49850753,-0.51159197,-0.525854207,-0.541369879,-0.558194858,-0.576336537,-0.595738441,-0.616225462,-0.637446205,-0.658805322,-0.679313747,-0.697476416,-0.710991766,-0.71631561,-0.707840981,-0.499894261,-0.513210795,-0.527748489,-0.543593409,-0.560815442,-0.579441774,-0.599444421,-0.620690575,-0.642894283,-0.665563478,-0.687876053,-0.708611912,-0.725926085,-0.737020743,-0.737432077,-0.502848117,-0.516674065,-0.531802994,-0.548326406,-0.566312803,-0.585772307,-0.606630279,-0.628648987,-0.65132851,-0.673761957,-0.694343916,-0.710418155,-0.717598294,-0.708921704,-0.674248288,0.998880028,0.9997062,1,0.999673579,0.998616922,0.99669176,0.993724683,0.98949897,0.983746677,0.97613737,0.9662708,0.95364791,0.937622917,0.917264019,0.890993166,0.093511503,0.092724697,0.091553254,0.089928098,0.087772901,0.085000872,0.081521315,0.077237895,0.072054709,0.065883557,0.05864418,0.050276197,0.040733577,0.029988914,0.018019143
-0.504504352,-0.517925346,-0.532562531,-0.548503227,-0.565819807,-0.584542361,-0.604645255,-0.625993208,-0.64828184,-0.67096152,-0.693057882,-0.71299526,-0.728147233,-0.734100847,-0.72330011,-0.505912422,-0.519566147,-0.534478273,-0.55074572,-0.568453622,-0.587649759,-0.608333765,-0.630408248,-0.653627975,-0.677538871,-0.701327416,-0.723696924,-0.742512011,-0.754213823,-0.752621006,-0.507103971,-0.520925423,-0.536011792,-0.552445159,-0.570282103,-0.589518445,-0.610062057,-0.631656959,-0.653788967,-0.675554784,-0.695406208,-0.710870157,-0.718011433,-0.710790723,-0.680548543,0.997350687,0.998761935,0.99967358,1,0.999633363,0.998437439,0.996240355,0.992826158,0.987926238,0.981207533,0.972263832,0.960586096,0.945512547,0.926087554,0.900697107,-0.504066381,-0.517404206,-0.531934725,-0.547735575,-0.564864676,-0.583331366,-0.603080649,-0.623937902,-0.645550274,-0.667317924,-0.688241737,-0.706808718,-0.720686106,-0.726277375,-0.717888878,-0.505484788,-0.519059721,-0.533871589,-0.550008657,-0.567543111,-0.586504428,-0.606866591,-0.628497978,-0.651112255,-0.674214528,-0.696975352,-0.718161183,-0.735903414,-0.747364538,-0.748014143,-0.508473473,-0.522563972,-0.537974105,-0.55479757,-0.573105069,-0.592908697,-0.614135062,-0.636546129,-0.65963868,-0.682497415,-0.703499074,-0.719954499,-0.727418601,-0.718830143,-0.683898864,0.997350688,0.998761935,0.999673579,1,0.999633363,0.998437439,0.996240354,0.992826158,0.987926238,0.981207533,0.972263832,0.960586097,0.945512548,0.926087555,0.900697109,0.094321494,0.093413975,0.092109504,0.09033841,0.088024031,0.085079639,0.081415186,0.076935778,0.071548038,0.065167455,0.05771911,0.049149282,0.039420123,0.02851359,0.01641605
-0.510529913,-0.524206567,-0.539113426,-0.555339809,-0.57296021,-0.592006871,-0.612456021,-0.634173535,-0.656854617,-0.679946596,-0.702466869,-0.722823445,-0.738358595,-0.744601574,-0.733891601,-0.511971489,-0.525886066,-0.541073942,-0.557634212,-0.575654362,-0.595184628,-0.616226923,-0.638685604,-0.662315907,-0.686662107,-0.710904737,-0.733734727,-0.752992352,-0.765073262,-0.763711662,-0.513216198,-0.527308047,-0.542681099,-0.559419622,-0.577582394,-0.597167239,-0.618083302,-0.640074383,-0.662623119,-0.684818073,-0.705093855,-0.720946091,-0.728384671,-0.721279356,-0.69083246,0.995032184,0.997055611,0.998616922,0.999633363,1,0.999583412,0.99821411,0.995677775,0.991705967,0.98596378,0.978039564,0.967414563,0.953410718,0.935047577,0.910673366,-0.510110748,-0.523707715,-0.538511934,-0.55460306,-0.572041105,-0.590837451,-0.610938726,-0.632171012,-0.654180314,-0.676362679,-0.697709397,-0.716689909,-0.730940273,-0.736810602,-0.728517492,-0.511562724,-0.525402042,-0.540493767,-0.55692838,-0.574780429,-0.594081793,-0.614808586,-0.636830632,-0.659861575,-0.683404169,-0.706622228,-0.728269386,-0.746453865,-0.758298248,-0.759203801,-0.514585652,-0.528946551,-0.544643369,-0.561772003,-0.580405371,-0.600557597,-0.622156613,-0.644964214,-0.668474039,-0.691762527,-0.713188622,-0.73002992,-0.73778143,-0.729280264,-0.694080109,0.995032184,0.997055612,0.998616922,0.999633363,1,0.999583412,0.99821411,0.995677775,0.991705967,0.985963779,0.978039565,0.967414563,0.953410718,0.935047578,0.910673369,0.09495541,0.093909724,0.092453329,0.090515954,0.088020653,0.084880887,0.081007479,0.076307336,0.070690133,0.064075766,0.056395627,0.047603842,0.037672195,0.026593709,0.014365996
-0.517031068,-0.530969198,-0.546151181,-0.562668367,-0.580597441,-0.599972937,-0.620773164,-0.642865487,-0.665945183,-0.689457183,-0.712411481,-0.733200632,-0.749136231,-0.755689271,-0.745091217,-0.518508154,-0.532689644,-0.548158998,-0.565017528,-0.583355151,-0.603224718,-0.624630656,-0.647479447,-0.671527328,-0.696317662,-0.72102601,-0.74433204,-0.764052769,-0.776538711,-0.775438131,-0.519809144,-0.534177992,-0.549844061,-0.566893838,-0.585388365,-0.605327582,-0.626622083,-0.649015695,-0.671988199,-0.694620395,-0.715330058,-0.73158159,-0.739329232,-0.73234922,-0.701699929,0.991783988,0.994447565,0.996691761,0.998437439,0.999583412,1,0.999521127,0.997935188,0.994975003,0.990304893,0.983508597,0.974058239,0.961259544,0.944106595,0.920908437,-0.516631933,-0.530494078,-0.545577699,-0.561964507,-0.579716678,-0.598847773,-0.619306255,-0.640919233,-0.663332014,-0.685937133,-0.707717017,-0.727124297,-0.741764322,-0.747933274,-0.739755224,-0.518119458,-0.532229432,-0.547606985,-0.564344859,-0.582520043,-0.602166972,-0.623264124,-0.645683124,-0.669138103,-0.693130149,-0.716817233,-0.738941195,-0.75758805,-0.769840784,-0.771031125,-0.521176033,-0.535813478,-0.551802778,-0.569242049,-0.588206474,-0.608712311,-0.630688977,-0.653898344,-0.677831242,-0.701556251,-0.723414929,-0.740651766,-0.748701212,-0.740296126,-0.704828252,0.991783989,0.994447566,0.99669176,0.998437439,0.999583412,1,0.999521127,0.997935188,0.994975003,0.990304893,0.983508597,0.974058239,0.961259544,0.944106597,0.920908439,0.095386044,0.094183339,0.092554615,0.090429007,0.087729346,0.084369427,0.080261207,0.075313804,0.069440553,0.062566569,0.054630667,0.045596177,0.03544619,0.024186764,0.011828881
-0.523974908,-0.538180162,-0.553642577,-0.570455595,-0.588698207,-0.608407453,-0.62956404,-0.652037326,-0.675523377,-0.699465717,-0.722868263,-0.744109663,-0.760472332,-0.767369544,-0.756922986,-0.525489595,-0.539943893,-0.555700315,-0.572862459,-0.5915228,-0.611737029,-0.633512436,-0.656758156,-0.681232206,-0.706478114,-0.731667943,-0.755471905,-0.775685737,-0.788616246,-0.787825409,-0.526849944,-0.541502215,-0.557467481,-0.574834508,-0.593666712,-0.613966343,-0.635645717,-0.658449101,-0.681853995,-0.704934151,-0.726091361,-0.742759506,-0.750837218,-0.744005306,-0.713172746,0.987431555,0.990763536,0.993724684,0.996240355,0.99821411,0.999521127,1,0.999443191,0.997586186,0.994093986,0.988546966,0.980409235,0.968970909,0.953200571,0.931367396,-0.523596653,-0.537729756,-0.553098234,-0.569785908,-0.58785723,-0.607328143,-0.628149243,-0.650149127,-0.672973066,-0.696010974,-0.718237587,-0.738090045,-0.753144178,-0.759642439,-0.751614268,-0.525121792,-0.539508442,-0.555177548,-0.572224179,-0.590727886,-0.610725877,-0.632199315,-0.655022125,-0.678909647,-0.703362291,-0.727533527,-0.750155009,-0.769292272,-0.781989887,-0.78350972,-0.528211484,-0.543131409,-0.559418799,-0.577174038,-0.596474674,-0.617339285,-0.639699049,-0.663316341,-0.687679783,-0.711850885,-0.73415478,-0.751803728,-0.760171849,-0.751885998,-0.716170429,0.987431556,0.990763537,0.993724683,0.996240354,0.99821411,0.999521127,1,0.999443191,0.997586186,0.994093986,0.988546967,0.980409235,0.968970909,0.953200572,0.931367399,0.095580961,0.094201153,0.092378394,0.09004124,0.087112383,0.083506127,0.079135871,0.07391341,0.067756433,0.060596195,0.052380201,0.043082523,0.032699469,0.021252401,0.008768128
-0.531283419,-0.545760619,-0.561507999,-0.578621201,-0.59718171,-0.617229394,-0.638747838,-0.661609126,-0.68551119,-0.709897647,-0.733768393,-0.755490736,-0.772320767,-0.77961621,-0.769388674,-0.532837859,-0.54757003,-0.56361833,-0.581088758,-0.600076544,-0.620640557,-0.642791449,-0.66644178,-0.691352471,-0.717068801,-0.742761536,-0.767094257,-0.787844756,-0.801279255,-0.80087501,-0.534260451,-0.549201699,-0.565471512,-0.583161052,-0.602336284,-0.623002076,-0.645072908,-0.668294155,-0.692141972,-0.715684323,-0.737308632,-0.754419988,-0.762862717,-0.756221603,-0.725251571,0.981758556,0.985786724,0.989498971,0.992826159,0.995677776,0.997935188,0.999443191,1,0.999345584,0.997147586,0.992984874,0.986315385,0.976415123,0.962228181,0.941984503,-0.530926283,-0.545335158,-0.560992997,-0.577985832,-0.596380556,-0.61619579,-0.6373847,-0.659778042,-0.683022024,-0.706505279,-0.729196666,-0.74952002,-0.76502396,-0.77189869,-0.764078185,-0.532491159,-0.547159534,-0.563124964,-0.58048495,-0.599321782,-0.619675751,-0.641531166,-0.664764961,-0.689094709,-0.714021587,-0.738696545,-0.761843542,-0.781510514,-0.794706176,-0.796623738,-0.535613688,-0.550821145,-0.567411399,-0.585487209,-0.605128665,-0.626356973,-0.649105531,-0.673137916,-0.69794156,-0.722572277,-0.745340593,-0.763428566,-0.772151673,-0.764030505,-0.728117181,0.981758557,0.985786725,0.98949897,0.992826158,0.995677775,0.997935188,0.999443191,1,0.999345585,0.997147585,0.992984875,0.986315385,0.976415123,0.962228182,0.941984506,0.095503934,0.093926296,0.091887174,0.089314582,0.086131188,0.082252022,0.077592281,0.072066981,0.06559894,0.058126591,0.049607532,0.0400283,0.02940056,0.017763534,0.005162672
-0.538817755,-0.553569669,-0.56960455,-0.587020422,-0.605901556,-0.626291128,-0.648176314,-0.671433015,-0.695762614,-0.72061107,-0.744977413,-0.767221687,-0.784578585,-0.792355029,-0.78245512,-0.540414138,-0.555427185,-0.571770162,-0.589551658,-0.608869958,-0.629787604,-0.65231934,-0.676382269,-0.701741847,-0.727947423,-0.754171749,-0.779076085,-0.800425665,-0.814451852,-0.814551838,-0.541901534,-0.557135175,-0.573712799,-0.591728142,-0.611250013,-0.632286369,-0.654754547,-0.678402072,-0.702705257,-0.726728348,-0.748847182,-0.766441378,-0.775304291,-0.768926279,-0.737905221,0.974500168,0.979250498,0.983746678,0.987926239,0.991705968,0.994975002,0.997586186,0.999345585,1,0.999222348,0.996592714,0.991565798,0.98340637,0.971036765,0.952650569,-0.538481021,-0.553168211,-0.569117651,-0.586417737,-0.605138062,-0.625300354,-0.646860991,-0.669653868,-0.693327553,-0.717271406,-0.74045117,-0.761280865,-0.777285936,-0.784607871,-0.777086525,-0.540087797,-0.555040666,-0.571304912,-0.588980629,-0.608153113,-0.62886618,-0.651107945,-0.674759365,-0.699541728,-0.72495907,-0.75016275,-0.773872831,-0.794124271,-0.807894648,-0.810312211,-0.54324352,-0.558741461,-0.575637319,-0.594036413,-0.614021674,-0.635617431,-0.658760037,-0.683215386,-0.708471345,-0.733580309,-0.756841312,-0.775410008,-0.784547205,-0.776669464,-0.740653863,0.974500168,0.979250499,0.983746677,0.987926238,0.991705967,0.994975003,0.997586186,0.999345585,1,0.999222348,0.996592715,0.991565798,0.983406371,0.971036765,0.952650572,0.095114136,0.093318374,0.091041176,0.088210091,0.084747923,0.080570704,0.075595847,0.069742205,0.062938595,0.055131754,0.046290903,0.036416907,0.025539111,0.013717412,0.001019036
-0.546360344,-0.56138598,-0.577707194,-0.595424675,-0.614625918,-0.635358121,-0.657613105,-0.681272172,-0.706042496,-0.731375709,-0.756274709,-0.77909859,-0.797068633,-0.805449624,-0.796045253,-0.548000878,-0.56329402,-0.57993074,-0.598022501,-0.617671088,-0.638943437,-0.661859448,-0.686342373,-0.712164567,-0.738882831,-0.765676728,-0.791211686,-0.813248774,-0.827994123,-0.828774283,-0.549555132,-0.565080696,-0.58196554,-0.600306265,-0.620174969,-0.641583417,-0.664452863,-0.68853457,-0.713307335,-0.737834945,-0.760486176,-0.778620869,-0.787987845,-0.781988116,-0.751062364,0.96533278,0.970827629,0.976137372,0.981207534,0.98596378,0.990304892,0.994093985,0.997147586,0.999222348,1,0.999065765,0.995875629,0.989688098,0.979409161,0.963202509,-0.546041835,-0.561005793,-0.577244955,-0.594850323,-0.613894566,-0.634403147,-0.656336587,-0.679533339,-0.703646419,-0.728068864,-0.751767465,-0.773151833,-0.789730839,-0.797603956,-0.790521773,-0.547692697,-0.562928718,-0.579490129,-0.597479856,-0.616986589,-0.638058304,-0.660687872,-0.684761713,-0.71000696,-0.735933541,-0.761697531,-0.78602079,-0.806932503,-0.821387075,-0.82445538,-0.550883258,-0.566670855,-0.583871351,-0.602592928,-0.622921834,-0.644886289,-0.668426734,-0.693313107,-0.719036234,-0.744648683,-0.76844302,-0.787554933,-0.797197994,-0.789690817,-0.753735498,0.965332781,0.970827631,0.97613737,0.981207533,0.985963779,0.990304893,0.994093986,0.997147585,0.999222348,1,0.999065766,0.995875629,0.989688098,0.979409162,0.963202512,0.094364858,0.092332854,0.089798469,0.086688931,0.082927411,0.078431296,0.073120713,0.066919046,0.059762055,0.051605982,0.042433269,0.032261043,0.021138759,0.009149962,-0.003612958
-0.553565694,-0.568857509,-0.585457376,-0.603469077,-0.622984,-0.64405441,-0.666678315,-0.690744752,-0.715970112,-0.741816624,-0.767298138,-0.790782423,-0.80948998,-0.818658207,-0.810004793,-0.555252618,-0.570818492,-0.587741463,-0.606136299,-0.626108949,-0.647731791,-0.671031423,-0.695939575,-0.72223893,-0.74949867,-0.776912266,-0.803159026,-0.826008762,-0.841657989,-0.843379589,-0.556875144,-0.572685431,-0.589870193,-0.608529337,-0.628738934,-0.650515637,-0.673786215,-0.698308083,-0.723566063,-0.748628539,-0.771864352,-0.790622886,-0.800619662,-0.795176995,-0.764583172,0.953868829,0.960124132,0.966270801,0.972263833,0.978039566,0.983508596,0.988546966,0.992984875,0.996592715,0.999065765,1,0.998859549,0.994904832,0.987035214,0.973396802,-0.553260927,-0.568493024,-0.585012866,-0.602914408,-0.622273958,-0.643121619,-0.665423411,-0.689024405,-0.713585104,-0.738506582,-0.762762874,-0.784767448,-0.802023105,-0.810598921,-0.804166815,-0.554958102,-0.570468824,-0.587318546,-0.605613377,-0.62544596,-0.646869344,-0.669882513,-0.694379426,-0.720096127,-0.746552836,-0.772916659,-0.797919752,-0.819596605,-0.834891418,-0.838831473,-0.558187814,-0.574257769,-0.591755558,-0.610792706,-0.631459522,-0.653789293,-0.677728285,-0.703053107,-0.729261419,-0.755411513,-0.779797379,-0.799545178,-0.809833975,-0.802896633,-0.767265339,0.95386883,0.960124133,0.9662708,0.972263832,0.978039565,0.983508597,0.988546967,0.992984875,0.996592715,0.999065766,1,0.998859549,0.994904832,0.987035215,0.973396804,0.093208201,0.090927709,0.088123805,0.084723649,0.080651117,0.075825408,0.070169955,0.06361344,0.056099541,0.04759519,0.038097589,0.027641948,0.016300137,0.004182238,-0.008590775
-0.559934541,-0.575474672,-0.592335179,-0.610623573,-0.630436099,-0.651831611,-0.674816542,-0.699291036,-0.724985677,-0.751380476,-0.777510654,-0.801767054,-0.821388794,-0.83160969,-0.824087066,-0.561670246,-0.577491137,-0.594682484,-0.61336299,-0.633643727,-0.655604019,-0.679279383,-0.704613368,-0.731403914,-0.759239703,-0.787338444,-0.814407638,-0.838245297,-0.855062818,-0.858107875,-0.563361888,-0.579439203,-0.596906051,-0.615866301,-0.63640101,-0.658533314,-0.682197863,-0.707161807,-0.732921282,-0.75855688,-0.782448394,-0.80194932,-0.812760176,-0.808143647,-0.778248275,0.939629232,0.946650985,0.953647912,0.960586098,0.967414565,0.974058237,0.980409234,0.986315386,0.991565798,0.995875629,0.99885955,1,0.998572193,0.993485077,0.982888532,-0.559635559,-0.575116058,-0.591896223,-0.610073466,-0.629728539,-0.650897481,-0.673553746,-0.69755198,-0.722564559,-0.74800691,-0.772869409,-0.795581716,-0.81365671,-0.823152012,-0.81768031,-0.561381453,-0.577147294,-0.59426512,-0.612844726,-0.632983508,-0.654740875,-0.678123853,-0.703036894,-0.729229323,-0.756237979,-0.783250134,-0.809020742,-0.831606243,-0.847960995,-0.853091879,-0.564659484,-0.580994468,-0.59877226,-0.618108465,-0.639098574,-0.661782698,-0.686115526,-0.711884264,-0.738599201,-0.765332726,-0.790392273,-0.81091069,-0.822053053,-0.81598782,-0.781090285,0.939629233,0.946650986,0.95364791,0.960586097,0.967414563,0.974058239,0.980409235,0.986315385,0.991565798,0.995875629,0.998859549,1,0.998572193,0.993485077,0.982888534,0.091592804,0.089062839,0.085989917,0.082301553,0.077922816,0.072775329,0.066786523,0.059891197,0.052041899,0.043217311,0.033430675,0.022736745,0.01123168,-0.000945462,-0.013642012
-0.564713903,-0.580468254,-0.597555058,-0.616086476,-0.636165013,-0.657858296,-0.681184405,-0.706059445,-0.732235362,-0.759220356,-0.786086215,-0.811268174,-0.83205334,-0.843709557,-0.837877262,-0.566501286,-0.582543232,-0.599968718,-0.618901287,-0.639458512,-0.661728816,-0.685759808,-0.711511634,-0.738804546,-0.767256951,-0.796125731,-0.824167543,-0.849237666,-0.867600317,-0.872524491,-0.56826281,-0.584573135,-0.60228782,-0.621515662,-0.642344193,-0.664805365,-0.688845189,-0.714245809,-0.740522488,-0.766779328,-0.791423409,-0.81183459,-0.823727198,-0.820336329,-0.791696361,0.921998642,0.929777915,0.937622918,0.945512549,0.953410721,0.961259542,0.968970908,0.976415124,0.983406371,0.989688097,0.994904833,0.998572193,1,0.998132915,0.991160174,-0.564407415,-0.580099125,-0.59710141,-0.615515859,-0.635428799,-0.656884038,-0.679865217,-0.70424076,-0.729701174,-0.755685305,-0.781213041,-0.804748366,-0.823838579,-0.834559808,-0.830498896,-0.566204978,-0.582188905,-0.599536776,-0.618362774,-0.638770173,-0.660826551,-0.684549705,-0.709858738,-0.736522469,-0.764103348,-0.791821927,-0.818474109,-0.842162996,-0.859884486,-0.866662917,-0.569549337,-0.586116506,-0.604141611,-0.623745435,-0.645030327,-0.668045824,-0.692758887,-0.718973122,-0.746220034,-0.773598561,-0.799447603,-0.820931406,-0.833233175,-0.828492437,-0.794953682,0.921998643,0.929777917,0.937622917,0.945512548,0.953410718,0.961259544,0.968970909,0.976415123,0.983406371,0.989688098,0.994904832,0.998572193,1,0.998132915,0.991160176,0.089475213,0.086716195,0.083398894,0.079451844,0.074802035,0.069374316,0.063100922,0.0559236,0.04780456,0.038734932,0.02874468,0.01790874,0.006348401,-0.005766981,-0.018250914
-0.566751921,-0.582661033,-0.599914179,-0.618629476,-0.638917682,-0.660858304,-0.684485645,-0.709738672,-0.736400908,-0.764023608,-0.791737018,-0.818051871,-0.840347183,-0.853983363,-0.850655987,-0.568595235,-0.584798978,-0.602398802,-0.621524368,-0.642301702,-0.664831374,-0.689177569,-0.715323791,-0.743122593,-0.772236631,-0.801983304,-0.831198766,-0.857838544,-0.878277872,-0.885882179,-0.570428697,-0.58691287,-0.604815814,-0.624252652,-0.645319551,-0.668060666,-0.692438411,-0.718257567,-0.745063881,-0.772001493,-0.797528815,-0.819085348,-0.832443488,-0.830862672,-0.804310094,0.900089414,0.908595805,0.917264021,0.926087556,0.935047582,0.944106593,0.95320057,0.962228183,0.971036766,0.979409161,0.987035216,0.993485077,0.998132915,1,0.997372491,-0.566416574,-0.582255097,-0.599413395,-0.617998218,-0.638103044,-0.659782001,-0.683032759,-0.707743403,-0.733631355,-0.76017166,-0.786432417,-0.81093804,-0.831306168,-0.843677674,-0.841668879,-0.568270182,-0.584408052,-0.601920091,-0.620925836,-0.641535992,-0.663828819,-0.687836671,-0.713499111,-0.740613106,-0.768779328,-0.797270086,-0.82494813,-0.849999238,-0.869508401,-0.878577972,-0.571714115,-0.58845677,-0.606672764,-0.626489689,-0.648019211,-0.671324105,-0.696389229,-0.723043063,-0.750850877,-0.778956424,-0.805756671,-0.828484272,-0.842389882,-0.839641407,-0.808400627,0.900089415,0.908595807,0.917264019,0.926087555,0.935047578,0.944106597,0.953200572,0.962228182,0.971036765,0.979409162,0.987035215,0.993485077,0.998132915,1,0.997372492,0.086835192,0.083906016,0.080411941,0.076283568,0.071450846,0.06584292,0.059397731,0.052064719,0.043816177,0.034655678,0.024629448,0.013831713,0.002407837,-0.009443375,-0.021501556
-0.564168492,-0.580131542,-0.597449094,-0.616247058,-0.636647257,-0.658745461,-0.682598683,-0.708178526,-0.735314595,-0.763622405,-0.79232209,-0.820045236,-0.84432833,-0.860715414,-0.861075848,-0.566074998,-0.582340165,-0.600012784,-0.619230431,-0.640130334,-0.662829498,-0.68741502,-0.713903301,-0.742193318,-0.772012568,-0.802769431,-0.833423429,-0.862093923,-0.885356551,-0.896794409,-0.567985672,-0.584543884,-0.602534415,-0.622080733,-0.643290761,-0.666225748,-0.690871813,-0.717067445,-0.744405365,-0.772093827,-0.798677863,-0.821706172,-0.837076802,-0.83815686,-0.814929643,0.87238953,0.881560605,0.890993168,0.900697111,0.910673373,0.920908436,0.931367397,0.941984507,0.952650573,0.96320251,0.973396805,0.982888535,0.991160176,0.997372493,1,-0.563770644,-0.579647401,-0.59685012,-0.615492042,-0.635675958,-0.657469833,-0.680890693,-0.705854469,-0.732117745,-0.759209652,-0.786272842,-0.811929447,-0.833920023,-0.848520997,-0.849468555,-0.565687799,-0.581871577,-0.599436722,-0.618509432,-0.639209967,-0.661630729,-0.685823868,-0.711757449,-0.739268618,-0.768013813,-0.797342964,-0.826222349,-0.852972582,-0.87483942,-0.887099501,-0.569288885,-0.586111586,-0.604423324,-0.624360871,-0.646048807,-0.669568692,-0.694931486,-0.72200289,-0.750400249,-0.77933888,-0.807313049,-0.831679196,-0.847831094,-0.84805732,-0.820523203,0.872389532,0.881560607,0.890993166,0.900697109,0.910673369,0.920908439,0.931367399,0.941984506,0.952650572,0.963202512,0.973396804,0.982888534,0.991160176,0.997372492,1,0.083695031,0.080721087,0.077191573,0.073040742,0.068202998,0.062613179,0.056215912,0.048968852,0.040854096,0.031886429,0.022125976,0.011682831,0.000722231,-0.010532091,-0.021829498
0.095915375,0.096572938,0.096957526,0.097003668,0.096629748,0.095733397,0.094183793,0.091813482,0.088406854,0.083681809,0.077276623,0.068719201,0.057412039,0.042641078,0.023682141,0.096950482,0.097732468,0.098257005,0.098460844,0.09826524,0.097571242,0.09625257,0.094147642,0.091048644,0.086683993,0.080705104,0.072655184,0.061946885,0.04784543,0.029499636,0.092938258,0.093120367,0.092936645,0.092297269,0.091087908,0.089161584,0.08632658,0.082331634,0.076845404,0.069428665,0.059506008,0.046331588,0.02898124,0.006431532,-0.022117762,0.091457913,0.092549996,0.093511506,0.094321492,0.094955416,0.095386045,0.095580952,0.095503934,0.095114133,0.094364862,0.093208196,0.091592806,0.089475216,0.086835191,0.083695026,0.098255481,0.099441668,0.100480745,0.101339381,0.101976968,0.102344299,0.102379215,0.102004953,0.10112517,0.099619151,0.097343126,0.094123263,0.089760085,0.084023116,0.076641708,0.099253247,0.100549177,0.101707616,0.102695072,0.103470315,0.103982543,0.104167075,0.103942757,0.103205944,0.101825191,0.099638485,0.096444007,0.091993948,0.085972704,0.077949812,0.091083825,0.090902847,0.090281577,0.089113783,0.087264975,0.084562784,0.080784113,0.075638235,0.068743837,0.059599133,0.047553678,0.031778514,0.011290695,-0.014864189,-0.047051935,0.091457916,0.092549996,0.093511503,0.094321494,0.09495541,0.095386044,0.095580961,0.095503934,0.095114136,0.094364858,0.093208201,0.091592804,0.089475213,0.086835192,0.083695031,1,0.998978594,0.995678944,0.9897207,0.980692783,0.968167234,0.951721062,0.930971843,0.90562946,0.875545789,0.840806983,0.801756598,0.759053667,0.713664126,0.666696818
0.112244181,0.112943707,0.113343621,0.113371725,0.112937776,0.111928348,0.110198421,0.107562293,0.103781051,0.098542494,0.0914464,0.081969393,0.069444508,0.053061419,0.031966949,0.113193989,0.114002658,0.114524202,0.114687966,0.114405757,0.113566526,0.112028544,0.109610445,0.106079269,0.101131143,0.094376446,0.085304142,0.07325387,0.057389654,0.036721448,0.109078315,0.109266424,0.109053963,0.108342132,0.107004984,0.104880441,0.101757154,0.09735827,0.091319348,0.083158215,0.072244858,0.057763604,0.038704054,0.013944487,-0.017399663,0.090866239,0.091867977,0.092724699,0.093413972,0.09390973,0.09418334,0.094201144,0.093926296,0.093318372,0.092332858,0.090927705,0.08906284,0.086716198,0.083906015,0.080721083,0.114638034,0.115878611,0.116948576,0.117808764,0.118411154,0.11869715,0.118592741,0.118006332,0.116823366,0.11490082,0.112068676,0.108121172,0.102819844,0.095883915,0.086976219,0.115548256,0.116882408,0.118052158,0.119017361,0.119728319,0.12012348,0.120124573,0.119633342,0.118524969,0.116641762,0.113790097,0.109728701,0.104159696,0.096700137,0.086825167,0.107175482,0.106990471,0.106328031,0.105072263,0.103076125,0.100150843,0.096051858,0.090460224,0.082957659,0.07299367,0.059854572,0.042628929,0.020230512,-0.008410924,-0.043747942,0.090866242,0.091867978,0.092724697,0.093413975,0.093909724,0.094183339,0.094201153,0.093926296,0.093318374,0.092332854,0.090927709,0.089062839,0.086716195,0.083906016,0.080721087,0.998978594,1,0.998856895,0.99516474,0.988504218,0.978433725,0.964510353,0.946324194,0.923549231,0.895994259,0.86369396,0.826937505,0.786327407,0.742774341,0.697337914
0.12969267,0.130443382,0.130866494,0.130882596,0.130392193,0.129269967,0.127355638,0.124443863,0.120270655,0.114491417,0.106664487,0.096211252,0.082389834,0.064285839,0.040906158,0.130550112,0.131393544,0.131918615,0.13204674,0.131679588,0.130693126,0.128929026,0.126184657,0.122200029,0.11663656,0.109060516,0.098902528,0.085423634,0.067678698,0.044527472,0.126332227,0.126534359,0.126299527,0.125519377,0.124055577,0.121729949,0.11831019,0.113492131,0.106875998,0.097933787,0.08597722,0.070116107,0.049247952,0.022145825,-0.012165672,0.089910762,0.090812328,0.091553256,0.092109502,0.092453334,0.092554616,0.092378386,0.091887174,0.091041174,0.089798473,0.0881238,0.085989919,0.083398897,0.08041194,0.077191569,0.132140856,0.133445168,0.134554053,0.135422048,0.135993116,0.136198488,0.13595131,0.135143897,0.133641926,0.13127815,0.127854019,0.12312903,0.11682221,0.108597843,0.09804605,0.132956357,0.134336887,0.13552457,0.136472083,0.137120595,0.137396942,0.137208167,0.136437518,0.134937277,0.132521362,0.128961951,0.123975068,0.117208593,0.10820658,0.096341793,0.124381289,0.124200273,0.123503004,0.122163313,0.120020803,0.116869233,0.112441166,0.106387562,0.098250693,0.087428092,0.073138546,0.054382476,0.029963038,-0.001314627,-0.039997809,0.089910765,0.090812328,0.091553254,0.092109504,0.092453329,0.092554615,0.092378394,0.091887174,0.091041176,0.089798469,0.088123805,0.085989917,0.083398894,0.080411941,0.077191573,0.995678944,0.998856895,1,0.998720791,0.994592803,0.987161593,0.975964657,0.960564248,0.940597142,0.915826664,0.886232176,0.852043378,0.813799843,0.772349466,0.728694966
0.148270562,0.149082549,0.149537659,0.149548783,0.149006525,0.147772837,0.145671075,0.142474837,0.137893232,0.131546904,0.122949707,0.111463703,0.096266424,0.076331257,0.05051366,0.149028376,0.149915499,0.150451528,0.150549412,0.150099993,0.148965336,0.146969345,0.143886605,0.139428162,0.13321824,0.124775821,0.113468985,0.09847437,0.07872939,0.052931697,0.144710913,0.14493617,0.144686518,0.143843473,0.14225556,0.139727488,0.136004679,0.130753914,0.123537846,0.113779736,0.100729373,0.083417338,0.060643125,0.031067606,-0.006382117,0.088523577,0.089314558,0.0899281,0.090338408,0.09051596,0.090429007,0.090041231,0.089314582,0.088210089,0.086688935,0.084723644,0.082301554,0.079451847,0.076283566,0.073040737,0.150772872,0.152150955,0.153307509,0.154190288,0.154734615,0.154860736,0.154467919,0.153431073,0.151594481,0.14876467,0.144712161,0.139158738,0.131777192,0.122171953,0.109853866,0.151486286,0.15292203,0.154134965,0.155070063,0.155658667,0.155815108,0.155430604,0.154368464,0.152456271,0.149477328,0.145166912,0.139194947,0.131150705,0.120499281,0.106502671,0.142712935,0.142545169,0.141820771,0.140402705,0.13811643,0.134737171,0.129973206,0.123443516,0.114648453,0.102930283,0.087435958,0.067072025,0.04052358,0.00646213,-0.035762745,0.088523581,0.089314559,0.089928098,0.09033841,0.090515954,0.090429007,0.09004124,0.089314582,0.088210091,0.086688931,0.084723649,0.082301553,0.079451844,0.076283568,0.073040742,0.9897207,0.99516474,0.998720791,1,0.998570144,0.993965084,0.985703367,0.973319377,0.956411634,0.934695789,0.908092058,0.87676545,0.84118583,0.802130245,0.760536197
0.167957482,0.16884152,0.169338235,0.169352335,0.168763889,0.167421272,0.165130387,0.161642342,0.156637505,0.149699383,0.140294271,0.127720756,0.11106999,0.089194773,0.060787228,0.168608342,0.169548777,0.170104011,0.170178004,0.169650077,0.168367494,0.166135221,0.16270354,0.157752594,0.150866919,0.141515019,0.128998152,0.112402662,0.090540024,0.06193352,0.164195581,0.164454031,0.164198255,0.163299084,0.161591162,0.158861105,0.154830776,0.149136212,0.141300303,0.130694746,0.116503812,0.097674244,0.072901741,0.040728064,-2.39E-05,0.086629146,0.087298717,0.087772903,0.088024029,0.088020659,0.087729347,0.087112375,0.086131188,0.084747921,0.082927415,0.080651112,0.077922817,0.074802037,0.071450845,0.068202994,0.170512697,0.171975055,0.173188562,0.174093704,0.174616529,0.174665474,0.174124872,0.172850881,0.170664727,0.167344647,0.162627764,0.156195076,0.147669262,0.136589772,0.122381321,0.171116607,0.172616878,0.173862938,0.17479152,0.175323445,0.175359639,0.17477434,0.173409445,0.171066016,0.167494462,0.1623904,0.15537417,0.145971934,0.133563677,0.117291943,0.162152603,0.162008494,0.161266033,0.15977675,0.157351199,0.153745045,0.148640915,0.141623987,0.132150275,0.119503563,0.10275475,0.080710866,0.05193156,0.014945623,-0.031009231,0.086629149,0.087298718,0.087772901,0.088024031,0.088020653,0.087729346,0.087112383,0.086131188,0.084747923,0.082927411,0.080651117,0.077922816,0.074802035,0.071450846,0.068202998,0.980692783,0.988504218,0.994592803,0.998570144,1,0.998406059,0.993288965,0.984155606,0.970565572,0.952184921,0.928871076,0.900719125,0.868122245,0.831778129,0.792550169
0.188697613,0.189664963,0.190213562,0.190239478,0.189611631,0.188164014,0.185684011,0.18189885,0.176458359,0.16890657,0.158659175,0.144947158,0.126769482,0.102849889,0.071705022,0.189234303,0.190238193,0.190821598,0.190878989,0.190277514,0.188848762,0.186377628,0.182588623,0.177129089,0.169541428,0.159240516,0.145456553,0.127179695,0.103086908,0.07151461,0.18473238,0.185034931,0.184782825,0.183835698,0.182013632,0.179084234,0.1747446,0.168598431,0.160126787,0.148647129,0.133274815,0.112868386,0.086014224,0.051128336,0.006922917,0.084140857,0.084678058,0.085000874,0.085079637,0.084880893,0.084369428,0.083506119,0.082252023,0.080570703,0.078431299,0.075825403,0.07277533,0.069374318,0.065842919,0.062613174,0.191303272,0.192860626,0.194140715,0.19507628,0.195583475,0.195558105,0.194868522,0.193350794,0.190801418,0.186968275,0.18155258,0.174191427,0.164453412,0.151807725,0.135585912,0.191790388,0.193364759,0.194652216,0.195580734,0.196059934,0.195976443,0.195186384,0.193508788,0.190716372,0.186524387,0.180586017,0.172468507,0.161630339,0.147360123,0.12867209,0.182647656,0.182538683,0.181788601,0.180236993,0.177678812,0.173849214,0.168403905,0.160892546,0.150724537,0.137122148,0.119076202,0.095288816,0.06418703,0.02414796,-0.02571153,0.08414086,0.084678059,0.085000872,0.085079639,0.084880887,0.084369427,0.083506127,0.082252022,0.080570704,0.078431296,0.075825408,0.072775329,0.069374316,0.06584292,0.062613179,0.968167234,0.978433725,0.987161593,0.993965084,0.998406059,1,0.998231183,0.992579881,0.982566596,0.967806331,0.948090431,0.92343903,0.894161633,0.86086784,0.824337635
0.21038199,0.21144395,0.212055026,0.212102234,0.211442803,0.209895601,0.207228521,0.203143623,0.197258517,0.189075562,0.177956955,0.163062121,0.143292207,0.117233592,0.083215387,0.210797625,0.211875225,0.212496169,0.212545002,0.211876101,0.210304594,0.207594271,0.203442503,0.197462073,0.189150957,0.177867415,0.162766546,0.142736616,0.116311694,0.081628971,0.206214707,0.206572725,0.20633491,0.205349268,0.20342073,0.200297097,0.195649636,0.189048307,0.179930508,0.167557085,0.150971455,0.128940039,0.099934914,0.062240242,0.014451294,0.080967281,0.081361432,0.081521317,0.081415184,0.081007484,0.080261208,0.079135863,0.077592281,0.075595846,0.073120716,0.070169951,0.066786524,0.063100924,0.059397729,0.056215907,0.213034167,0.214696959,0.216053185,0.2170274,0.21752528,0.21742923,0.216590626,0.214824166,0.211900016,0.207533696,0.201388078,0.193053275,0.182039855,0.167741484,0.149389507,0.213397551,0.215055399,0.216392555,0.217327756,0.217758789,0.217557154,0.216559781,0.214561455,0.211304817,0.20646778,0.199658415,0.19038745,0.178041197,0.16181068,0.14057304,0.204092939,0.204031319,0.203285219,0.201681848,0.19899997,0.19495342,0.189169875,0.181161983,0.170290514,0.155713518,0.136338126,0.110756624,0.077256811,0.034055609,-0.019859962,0.080967285,0.081361432,0.081521315,0.081415186,0.081007479,0.080261207,0.079135871,0.077592281,0.075595847,0.073120713,0.070169955,0.066786523,0.063100922,0.059397731,0.056215912,0.951721062,0.964510353,0.975964657,0.985703367,0.993288965,0.998231183,1,0.998050583,0.991864828,0.981005877,0.965196304,0.944376722,0.918766286,0.888877848,0.855398589
0.232843763,0.234011134,0.234695151,0.234773454,0.234091131,0.232451304,0.229601549,0.225217647,0.218883513,0.21005788,0.198046832,0.181934595,0.160519224,0.132241833,0.095232364,0.233132068,0.234293251,0.23496112,0.235009933,0.234280818,0.232571773,0.229624603,0.22510837,0.218599748,0.209550257,0.197258839,0.180801781,0.15896012,0.130117056,0.092198617,0.228478346,0.228903179,0.228690731,0.227677055,0.225651483,0.222341385,0.21739136,0.210336497,0.200569045,0.187291293,0.169472217,0.145782857,0.114576761,0.074000981,0.022528287,0.077010094,0.077251372,0.077237896,0.076935776,0.076307341,0.075313805,0.073913402,0.072066981,0.069742204,0.066919049,0.063613436,0.059891198,0.055923602,0.052064717,0.048968847,0.23553688,0.237314704,0.238756065,0.239776957,0.240272072,0.240109732,0.239123454,0.237105412,0.233797982,0.22888248,0.22198115,0.21263421,0.20029041,0.184262781,0.163675659,0.23577023,0.237520209,0.238914969,0.239863591,0.240251489,0.239934298,0.238728811,0.236404329,0.232671848,0.227169958,0.219459128,0.208990348,0.195073478,0.176795983,0.152889443,0.226325931,0.226324184,0.225594511,0.223951448,0.221157135,0.216903467,0.210789239,0.202288889,0.190712933,0.175152978,0.154429433,0.127020552,0.091069065,0.044623918,-0.013466506,0.077010098,0.077251373,0.077237895,0.076935778,0.076307336,0.075313804,0.07391341,0.072066981,0.069742205,0.066919046,0.06361344,0.059891197,0.0559236,0.052064719,0.048968852,0.930971843,0.946324194,0.960564248,0.973319377,0.984155606,0.992579881,0.998050583,1,0.997872746,0.991180155,0.979574258,0.962912407,0.941317447,0.915197364,0.885137484
0.255844095,0.257126373,0.257892966,0.258011929,0.257315907,0.25559184,0.252566378,0.247888176,0.241106297,0.231634273,0.218719873,0.201368988,0.178271893,0.147717249,0.107625058,0.255999747,0.257253255,0.25797681,0.258034153,0.257252832,0.255413247,0.252234573,0.247356664,0.240318877,0.230524635,0.217211304,0.199373151,0.175679241,0.144354636,0.10310312,0.25128721,0.2517894,0.251613183,0.250582483,0.248470777,0.244984625,0.239741426,0.232240659,0.221828421,0.207647104,0.188589476,0.163228833,0.129797032,0.08629991,0.031083082,0.072169678,0.072249919,0.072054711,0.071548036,0.070690138,0.069440554,0.067756425,0.065598941,0.062938594,0.059762058,0.056099536,0.0520419,0.047804562,0.043816175,0.040854091,0.258570813,0.260471592,0.262005813,0.263080628,0.263579362,0.263355727,0.262224678,0.25995493,0.256259852,0.250785,0.243109991,0.232722546,0.219006125,0.201188407,0.178280437,0.258668811,0.260518089,0.261977299,0.262945571,0.263295527,0.262866376,0.261454022,0.258801288,0.254586231,0.248406443,0.239772635,0.228073206,0.212537661,0.192144407,0.165471639,0.249112436,0.24918264,0.248482064,0.246812431,0.243919042,0.2394715,0.2330392,0.224057611,0.211785903,0.195247689,0.173174441,0.143927174,0.105498865,0.055763824,-0.006576486,0.072169682,0.07224992,0.072054709,0.071548038,0.070690133,0.069440553,0.067756433,0.06559894,0.062938595,0.059762055,0.056099541,0.052041899,0.04780456,0.043816177,0.040854096,0.90562946,0.923549231,0.940597142,0.956411634,0.970565572,0.982566596,0.991864828,0.997872746,1,0.997707309,0.99057568,0.978376758,0.961132418,0.939138843,0.912871443
0.279077114,0.280481573,0.281338712,0.281506942,0.280806357,0.27900751,0.275815814,0.270852306,0.263630466,0.253517542,0.239701355,0.221106997,0.196313074,0.16344964,0.120217297,0.279096095,0.280448667,0.281235264,0.281309042,0.280483841,0.278522239,0.275120442,0.26988858,0.262327918,0.251792663,0.237456911,0.218230393,0.192666241,0.1588251,0.114178703,0.274338018,0.274926365,0.274796166,0.273759236,0.271573179,0.267923668,0.262400766,0.254468086,0.24342518,0.228353963,0.208070132,0.181047989,0.145395852,0.098975703,0.040002594,0.06635223,0.066265798,0.065883558,0.065167453,0.064075772,0.06256657,0.060596188,0.058126592,0.055131753,0.051605985,0.047595186,0.043217312,0.038734933,0.034655675,0.031886424,0.281828383,0.283857469,0.285490185,0.286624697,0.287132753,0.286853133,0.285581787,0.283063339,0.2789813,0.272944304,0.264487772,0.253044798,0.237930581,0.218283361,0.192995493,0.28178704,0.283740447,0.285269146,0.286262158,0.286579087,0.286042376,0.28442657,0.281447345,0.276748914,0.269886641,0.260319782,0.247371814,0.230188555,0.207634559,0.178127818,0.272151173,0.272304042,0.271644612,0.269961865,0.266984307,0.26235923,0.255626542,0.246182514,0.233234547,0.215737549,0.192332847,0.161262259,0.120365759,0.067337848,0.000725635,0.066352234,0.066265799,0.065883557,0.065167455,0.064075766,0.062566569,0.060596195,0.058126591,0.055131754,0.051605982,0.04759519,0.043217311,0.038734932,0.034655678,0.031886429,0.875545789,0.895994259,0.915826664,0.934695789,0.952184921,0.967806331,0.981005877,0.991180155,0.997707309,1,0.997569385,0.990100736,0.977512202,0.959983146,0.937872735
0.302166182,0.303696607,0.304649386,0.304873422,0.304176382,0.302312528,0.298966089,0.293730441,0.286083258,0.275345049,0.260642721,0.240818904,0.214337606,0.179165381,0.132775707,0.302046275,0.303501448,0.304355911,0.30445236,0.303591052,0.301516833,0.297902982,0.292329849,0.284260369,0.272999045,0.257655702,0.237053797,0.209627489,0.173267898,0.125206491,0.297256094,0.29793628,0.297859486,0.296825654,0.294576788,0.290777967,0.284992239,0.276647686,0.26499764,0.249063845,0.227585111,0.198936774,0.161103277,0.111801835,0.049115119,0.059469242,0.05921426,0.058644181,0.057719108,0.056395633,0.054630669,0.052380193,0.049607533,0.046290902,0.042433272,0.038097586,0.033430675,0.028744681,0.024629446,0.022125971,0.304931456,0.307090427,0.308824064,0.310021575,0.310543146,0.310212583,0.308806728,0.306045899,0.301583366,0.294990227,0.285756702,0.273259749,0.256744034,0.235255161,0.207562672,0.304748614,0.306807502,0.308407868,0.309428657,0.309716464,0.309076922,0.307263105,0.303963319,0.298787522,0.291248192,0.28075204,0.266555941,0.247719428,0.222989329,0.190617955,0.295069534,0.295313052,0.294704881,0.293021572,0.289975189,0.285191095,0.278180119,0.268299741,0.254705956,0.236285229,0.211588698,0.17873844,0.135419852,0.079144223,0.008298092,0.059469246,0.059214261,0.05864418,0.05771911,0.056395627,0.054630667,0.052380201,0.049607532,0.046290903,0.042433269,0.038097589,0.033430675,0.02874468,0.024629448,0.022125976,0.840806983,0.86369396,0.886232176,0.908092058,0.928871076,0.948090431,0.965196304,0.979574258,0.99057568,0.997569385,1,0.997468211,0.98978848,0.97702131,0.959406142
0.324698875,0.326354419,0.327403896,0.327687028,0.326999444,0.325079528,0.321590774,0.316099331,0.30804742,0.296708994,0.281149794,0.260129154,0.231994567,0.194545597,0.145022955,0.324440132,0.32599716,0.326920676,0.327043259,0.326151976,0.323974361,0.320161231,0.314263589,0.305706395,0.293744615,0.277423508,0.255479333,0.226225175,0.187378781,0.135924976,0.319630043,0.320403329,0.320383564,0.319359288,0.317057475,0.313123283,0.307093558,0.298361797,0.28613619,0.269379532,0.246755006,0.216540312,0.176597252,0.124499244,0.058196661,0.051449946,0.051029287,0.050276198,0.049149281,0.047603847,0.045596178,0.043082516,0.040028301,0.036416907,0.032261046,0.027641944,0.022736745,0.017908741,0.01383171,0.011682826,0.327466574,0.329752216,0.331584967,0.332845318,0.333382151,0.333004578,0.331470623,0.328476552,0.323645557,0.316511207,0.306518167,0.292986473,0.275088814,0.251776073,0.221692544,0.327142359,0.329303637,0.330974032,0.332022654,0.332283367,0.331545284,0.32954031,0.325929642,0.320289148,0.312088402,0.300681147,0.285256714,0.264786569,0.237897032,0.202670898,0.317458073,0.317796155,0.317246015,0.315572335,0.312471406,0.307547448,0.300283146,0.289998255,0.275798537,0.256503273,0.23057455,0.196015614,0.150357427,0.090926625,0.015944579,0.05144995,0.051029288,0.050276197,0.049149282,0.047603842,0.045596177,0.043082523,0.0400283,0.036416907,0.032261043,0.027641948,0.022736745,0.01790874,0.013831713,0.011682831,0.801756598,0.826937505,0.852043378,0.87676545,0.900719125,0.92343903,0.944376722,0.962912407,0.978376758,0.990100736,0.997468211,1,0.99741041,0.989642921,0.976817626
0.346248871,0.348022752,0.349164543,0.349505316,0.348829294,0.34685972,0.343240191,0.337510533,0.329078387,0.317171942,0.300796135,0.278626878,0.248894093,0.209228199,0.156633723,0.34585431,0.34750694,0.348495757,0.348643772,0.347725515,0.345451975,0.341452364,0.335249272,0.326230569,0.313602474,0.296345988,0.273109919,0.242084931,0.200812646,0.146026687,0.341033249,0.341894932,0.34193038,0.340917414,0.33856883,0.33451091,0.328255572,0.319163256,0.306398782,0.288868068,0.265160881,0.233459799,0.19150665,0.136733909,0.066961986,0.042235519,0.041657917,0.040733578,0.039420122,0.037672201,0.035446192,0.032699463,0.029400561,0.025539112,0.021138761,0.016300134,0.01123168,0.006348401,0.002407835,0.000722226,0.349007055,0.35141022,0.35333487,0.354653211,0.355203359,0.35478034,0.353124067,0.349907503,0.344724499,0.337071741,0.326348641,0.311818271,0.29258076,0.267491468,0.235069069,0.348544557,0.350799634,0.352533504,0.353605904,0.353838525,0.353004595,0.350815586,0.346906363,0.340819445,0.331982137,0.319695436,0.303080897,0.281020923,0.252019668,0.213988405,0.338892001,0.339322912,0.338832506,0.337174379,0.334030022,0.328983687,0.321491339,0.310836683,0.296077165,0.275967049,0.248881537,0.212707236,0.164822375,0.102369435,0.023402026,0.042235523,0.041657918,0.040733577,0.039420123,0.037672195,0.03544619,0.032699469,0.02940056,0.025539111,0.021138759,0.016300137,0.01123168,0.006348401,0.002407837,0.000722231,0.759053667,0.786327407,0.813799843,0.84118583,0.868122245,0.894161633,0.918766286,0.941317447,0.961132418,0.977512202,0.98978848,0.99741041,1,0.997390531,0.989588225
0.366408797,0.368287095,0.369509978,0.369900556,0.369232494,0.367214883,0.36347258,0.357520351,0.348732543,0.336292784,0.319145955,0.295884838,0.264621289,0.222815561,0.167234968,0.365885509,0.367620929,0.368665123,0.368832255,0.367885209,0.365519458,0.361343817,0.354853773,0.345401426,0.332145459,0.31400331,0.289536446,0.256812189,0.213194109,0.155161831,0.361057043,0.361995069,0.362076843,0.361070326,0.358675219,0.354500259,0.348034085,0.338606062,0.325339954,0.307087498,0.282367968,0.249272187,0.205425862,0.148125219,0.075065775,0.031783985,0.031064836,0.029988914,0.028513589,0.026593714,0.024186766,0.021252394,0.017763535,0.013717413,0.009149964,0.004182235,-0.000945463,-0.005766981,-0.009443378,-0.010532095,0.369146041,0.371650668,0.37365346,0.375018967,0.37557531,0.375104347,0.373328959,0.369900006,0.364383228,0.356239626,0.344824214,0.329343669,0.308825769,0.282030915,0.2473543,0.368552406,0.370886341,0.372671247,0.373758145,0.373957362,0.373027207,0.370659833,0.366465011,0.359953163,0.350510499,0.337386016,0.3196338,0.296046834,0.265006513,0.22425259,0.358964249,0.359479145,0.35904339,0.357400454,0.354218239,0.349062504,0.3413643,0.330373434,0.315101505,0.294240582,0.266081885,0.228398481,0.1784188,0.113103538,0.03033857,0.03178399,0.031064837,0.029988914,0.02851359,0.026593709,0.024186764,0.021252401,0.017763534,0.013717412,0.009149962,0.004182238,-0.000945462,-0.005766981,-0.009443375,-0.010532091,0.713664126,0.742774341,0.772349466,0.802130245,0.831778129,0.86086784,0.888877848,0.915197364,0.939138843,0.959983146,0.97702131,0.989642921,0.997390531,1,0.997375454
0.384848187,0.386809259,0.388094304,0.388519245,0.387848145,0.385777066,0.381913437,0.375748398,0.366624409,0.353681836,0.335806222,0.311507434,0.278778777,0.234909953,0.176432201,0.3842087,0.386007144,0.387089966,0.387263313,0.38627944,0.383819497,0.379473294,0.372710719,0.362849582,0.349002363,0.330023606,0.304387435,0.27003678,0.224155499,0.162967776,0.379369687,0.380364037,0.380475274,0.379462442,0.377013353,0.372720685,0.366051638,0.35630671,0.342571169,0.32364553,0.297981731,0.263582576,0.21796217,0.158286738,0.08213505,0.020057812,0.019219092,0.018019143,0.016416049,0.014366001,0.011828883,0.008768122,0.005162674,0.001019037,-0.003612956,-0.008590777,-0.013642013,-0.018250914,-0.021501558,-0.021829501,0.38755449,0.390137224,0.392197254,0.393592223,0.394141191,0.393613972,0.391717735,0.388082721,0.382248094,0.373640661,0.361572153,0.345193716,0.323461478,0.295042631,0.258213676,0.386842264,0.38923358,0.391050793,0.392137012,0.392292189,0.391260893,0.388717346,0.384247755,0.377332001,0.367316667,0.353399705,0.334568234,0.30952573,0.276530995,0.233154117,0.377344294,0.377926521,0.377532518,0.375896688,0.372674664,0.367415346,0.359526863,0.34822749,0.332485684,0.310934377,0.281783926,0.24269728,0.190756643,0.122744839,0.036383101,0.020057817,0.019219092,0.018019143,0.01641605,0.014365996,0.011828881,0.008768128,0.005162672,0.001019036,-0.003612958,-0.008590775,-0.013642012,-0.018250914,-0.021501556,-0.021829498,0.666696818,0.697337914,0.728694966,0.760536197,0.792550169,0.824337635,0.855398589,0.885137484,0.912871443,0.937872735,0.959406142,0.976817626,0.989588225,0.997375454,1