1,0.999617341,0.998536708,0.993289164,0.981814596,0.980802171,0.979268819,0.970099917,0.954711992,0.943859963,0.91601031,0.896981575,0.839316627,0.728421763,0.69901685,0.999939479,0.999336504,0.997705976,0.994025558,0.981686854,0.978496887,0.979536173,0.967636225,0.95652607,0.938410612,0.928372546,0.884755487,0.877816858,0.742038096,0.689857815,0.998736402,0.99788104,0.996376149,0.985727857,0.975208571,0.971406965,0.975515335,0.951066021,0.950586896,0.87184025,0.856072908,0.819374477,0.740815231,0.65644168,0.520316644,-0.425442342,-0.548679665,-0.480572343,-0.503379385,-0.538878562,-0.503160447,-0.505539774,-0.545252852,-0.526103266,-0.521304989,-0.429328327,-0.58245516,-0.540063494,-0.539990317,-0.469609362,0.999947603,0.999379492,0.997957417,0.99460186,0.982335133,0.981179607,0.980554239,0.976959179,0.953722966,0.932469896,0.90351133,0.834068863,0.822835565,0.754165524,0.697640552,0.999770358,0.998730119,0.997556057,0.992369008,0.979988778,0.974256521,0.975930497,0.967330842,0.938661229,0.930020652,0.922720941,0.8717035,0.839158901,0.74572691,0.675261959,0.9987403,0.997114393,0.99727087,0.986286862,0.980314956,0.97793166,0.975323201,0.953363287,0.946884971,0.903636599,0.897108012,0.858050988,0.7869582,0.684919627,0.51024575,-0.594171009,-0.543813766,-0.504717928,-0.481874196,-0.527233671,-0.520576148,-0.487092162,-0.551617555,-0.530545001,-0.541914498,-0.700354527,-0.518417747,-0.543831779,-0.517655205,-0.466315439,0.175690598,0.277075056,0.253616938,0.133689069,0.119740051,0.195072264,0.280971905,0.164106025,0.303051219,0.300024085,0.324978486,0.368626121,0.320406322,0.371389979,0.373896376
0.999617341,1,0.999622275,0.997758123,0.996170655,0.991185925,0.976581492,0.972902397,0.947896474,0.951116296,0.959908112,0.888655828,0.83228706,0.733097814,0.619659326,0.999295827,0.999624565,0.99907873,0.996428129,0.992772315,0.986890918,0.972756308,0.966338115,0.95584928,0.949150658,0.928207523,0.868735365,0.829468922,0.700945992,0.668707746,0.997835836,0.998050925,0.997117766,0.993021679,0.990544026,0.984987113,0.967240718,0.956501751,0.956779897,0.895863543,0.88062611,0.672467468,0.767219449,0.725346948,0.541632828,-0.500773045,-0.417689761,-0.403739114,-0.531472119,-0.514588485,-0.633539397,-0.507052647,-0.547940308,-0.641695638,-0.595684614,-0.603898705,-0.526617106,-0.553193139,-0.614542752,-0.57375329,0.999289802,0.999857764,0.999360286,0.996860247,0.981976238,0.991436968,0.969996561,0.964353486,0.949154246,0.955225943,0.921075992,0.884034848,0.866693544,0.846505855,0.725717922,0.999220524,0.999702289,0.99864785,0.997119429,0.993288519,0.987740802,0.974355387,0.970678362,0.966708604,0.948405924,0.939916301,0.889567787,0.848076869,0.829417805,0.784854879,0.998545087,0.998088881,0.997336594,0.993302818,0.993677891,0.986259778,0.967716768,0.969276622,0.945749974,0.934701465,0.895050968,0.884443677,0.780062076,0.632587163,0.458829586,-0.416326286,-0.513460102,-0.577763922,-0.465846084,-0.531962328,-0.54048033,-0.496267606,-0.510441175,-0.519053367,-0.545414118,-0.515802212,-0.590215774,-0.574058743,-0.551974128,-0.486928873,0.157666495,0.096438184,0.23088936,0.176458682,0.205424201,0.207269269,0.220202351,0.257494004,0.227466488,0.265687866,0.295546581,0.359539926,0.34361713,0.359982058,0.320040954
0.998536708,0.999622275,1,0.999523951,0.996678102,0.989045015,0.987724195,0.982189329,0.969286247,0.950318934,0.937399329,0.822172632,0.857415637,0.833071546,0.735443026,0.998792162,0.99944246,0.999278245,0.99902676,0.995764337,0.993520609,0.981155111,0.976907208,0.960673934,0.926205137,0.919330874,0.922982264,0.92202465,0.831820409,0.739924316,0.99616743,0.997754552,0.997711831,0.996124515,0.994240826,0.985016674,0.985026668,0.95901479,0.946783589,0.947977317,0.897325753,0.865684307,0.892704854,0.728411681,0.5688192,-0.544422466,-0.517182949,-0.546453518,-0.549357588,-0.526700283,-0.542121947,-0.517714179,-0.622012995,-0.569749798,-0.595532511,-0.592023041,-0.511041729,-0.594459755,-0.659866468,-0.603230953,0.998326026,0.999405931,0.999542999,0.999048299,0.997513766,0.997355341,0.993399569,0.975625643,0.952889119,0.951941246,0.922313485,0.896678403,0.877550816,0.851139626,0.618718252,0.998095166,0.99942384,0.999198783,0.997321672,0.996183061,0.994229731,0.987075457,0.978174196,0.9600974,0.953322227,0.923052874,0.887197958,0.87757343,0.779494199,0.728871187,0.997498673,0.996619607,0.997118089,0.995505795,0.993587506,0.991544242,0.982080629,0.966096014,0.950253133,0.925694111,0.924758084,0.834507473,0.735377438,0.710765393,0.638663231,-0.672399326,-0.590553711,-0.566392026,-0.578341651,-0.533533716,-0.532578008,-0.532249238,-0.505467851,-0.621349907,-0.495219082,-0.579363322,-0.549877476,-0.455156868,-0.63458582,-0.682802499,0.129677683,0.216641689,0.179975237,0.154383292,0.183786543,0.222998604,0.261846176,0.274561621,0.266477914,0.294367414,0.315360239,0.344659473,0.372868774,0.394621016,0.441019488
0.993289164,0.997758123,0.999523951,1,0.999488041,0.996848398,0.993149628,0.985129818,0.980413689,0.921795253,0.933681421,0.921769871,0.888601659,0.717669692,0.714390774,0.993763514,0.997487739,0.999263695,0.999788472,0.998960111,0.996625526,0.991834002,0.988114888,0.975904406,0.951907681,0.921662928,0.906195778,0.885730774,0.822904897,0.847057313,0.994881361,0.99686265,0.995096618,0.996628951,0.995247999,0.994040432,0.984964286,0.975838841,0.958426062,0.934767626,0.909208443,0.867958883,0.799496351,0.740417086,0.678815234,-0.566435239,-0.525683608,-0.594412908,-0.565072878,-0.545111854,-0.530404998,-0.539017772,-0.586823846,-0.540653866,-0.580085843,-0.554108514,-0.64308028,-0.581986648,-0.531798503,-0.586466114,0.990864153,0.997782169,0.9994502,0.999554937,0.999146859,0.997313972,0.992420983,0.983960244,0.97692166,0.959656189,0.930499131,0.925974144,0.853817432,0.774028863,0.725849253,0.988310516,0.996522591,0.998737423,0.998962672,0.997565196,0.998240966,0.991745933,0.984739061,0.969454343,0.963948875,0.943718898,0.928657839,0.905802487,0.827409496,0.726534561,0.992248554,0.995415442,0.997556995,0.993224411,0.99538226,0.991883452,0.991880065,0.969101664,0.951019408,0.922121824,0.891468189,0.851256732,0.542712555,0.660687879,0.624474406,-0.574799392,-0.611918677,-0.668472585,-0.552310467,-0.574264603,-0.566315012,-0.542725365,-0.649561673,-0.549980525,-0.592178992,-0.592195139,-0.590060772,-0.589929767,-0.687004139,-0.629861298,-0.088750427,0.066397841,0.180581445,0.191674816,0.18421418,0.198872929,0.266367598,0.290061108,0.28406633,0.324794034,0.294202118,0.357214281,0.385182213,0.399169851,0.420220598
0.981814596,0.996170655,0.996678102,0.999488041,1,0.999574351,0.997180634,0.993514248,0.988751264,0.97178281,0.949045658,0.923576008,0.883354605,0.850354808,0.811925989,0.979555199,0.99608473,0.997546018,0.998466369,0.999639493,0.9981479,0.996077431,0.989007362,0.981437649,0.969743914,0.933469656,0.927868378,0.885842276,0.838680249,0.808357378,0.97953487,0.986686304,0.994291748,0.993723053,0.996282938,0.993270774,0.988408604,0.988574272,0.965841966,0.948813337,0.921106315,0.882749161,0.785758969,0.72198974,0.562473421,-0.494045721,-0.556992673,-0.600052731,-0.569003491,-0.424322677,-0.583472245,-0.569766768,-0.612585626,-0.578870855,-0.51872253,-0.551986384,-0.614709402,-0.72550273,-0.607362817,-0.604135149,0.979688823,0.996531562,0.998626351,0.999159221,0.999017507,0.999056226,0.99397418,0.987924887,0.986649955,0.968958771,0.947626886,0.924602013,0.887403177,0.74946823,0.733718463,0.979005272,0.994337876,0.993045395,0.998612792,0.999151642,0.998197731,0.993689601,0.985745217,0.979555575,0.939076011,0.948763845,0.922685946,0.891816865,0.606095209,0.763751206,0.980394481,0.994202204,0.995586161,0.995632466,0.995820391,0.991988252,0.9836532,0.975564938,0.958147256,0.947807132,0.89209466,0.870241537,0.836606134,0.709462168,0.62572538,-0.564469799,-0.488917814,-0.541511564,-0.53011271,-0.59527465,-0.597924803,-0.544336103,-0.636065373,-0.556633142,-0.614608849,-0.518722703,-0.551766697,-0.635330801,-0.664878542,-0.56808758,0.122066702,0.127247354,0.15080134,0.175049695,0.192929551,0.18734292,0.074030573,0.149963979,0.240697163,0.252313245,0.270737658,0.307813135,0.302606918,0.336158638,0.325276234
0.980802171,0.991185925,0.989045015,0.996848398,0.999574351,1,0.999362964,0.99601316,0.983809967,0.98601088,0.963873896,0.935146584,0.939919012,0.854596247,0.790417086,0.973077129,0.989338434,0.994228517,0.996258224,0.998760574,0.998874065,0.9972565,0.992493844,0.990151011,0.968767844,0.949751112,0.935120084,0.915608308,0.880231269,0.767430743,0.981456415,0.988507864,0.990749951,0.993769234,0.993251198,0.99367702,0.994599041,0.981668951,0.978160249,0.961674078,0.929854139,0.896117762,0.869856252,0.740260664,0.542195165,-0.564589849,-0.627514445,-0.5360839,-0.645357473,-0.587175454,-0.572053042,-0.743010706,-0.69403478,-0.632522058,-0.602216549,-0.693542181,-0.674123657,-0.652500751,-0.640690391,-0.643045333,0.982680131,0.991421715,0.993520574,0.997590771,0.998743853,0.999670665,0.998670742,0.995014208,0.989606448,0.961908335,0.959739602,0.94041388,0.918279994,0.908048264,0.822780277,0.97739522,0.987504437,0.991868951,0.995493243,0.996422511,0.998466591,0.997336545,0.991480246,0.981763111,0.989290593,0.964503934,0.932315473,0.873989194,0.852068879,0.801880065,0.98055435,0.986988251,0.991996259,0.992683862,0.995253485,0.993014251,0.991058018,0.981781376,0.971376784,0.96538804,0.928521964,0.883706347,0.81591771,0.752908933,0.555094293,-0.577130689,-0.560051265,-0.601165807,-0.560302538,-0.603820359,-0.602937229,-0.59551566,-0.608166618,-0.51876788,-0.523778731,-0.618379633,-0.7231159,-0.701225568,-0.535507906,-0.601983354,-0.082576197,0.175013309,-0.003777742,0.216485498,0.055230597,0.315721114,0.276401315,0.331023095,0.136629196,0.288070534,0.311601465,0.343646658,0.307553437,0.351222906,0.424333953
0.979268819,0.976581492,0.987724195,0.993149628,0.997180634,0.999362964,1,0.998876912,0.996274351,0.985251953,0.968919289,0.927887204,0.915291248,0.859789014,0.801218166,0.968490036,0.970977948,0.984267716,0.993494095,0.995674077,0.998907887,0.996850861,0.998109855,0.993528622,0.981892383,0.972109272,0.951981532,0.920632243,0.907657723,0.797985908,0.984362754,0.973429452,0.982892257,0.987223501,0.991223289,0.984231505,0.987922048,0.982519525,0.968026596,0.982578102,0.94812453,0.909076129,0.867444369,0.765692066,0.640593634,-0.623956321,-0.55995802,-0.545870613,-0.558090389,-0.656953777,-0.605524655,-0.604872756,-0.630987577,-0.660965757,-0.680507852,-0.549916063,-0.661128612,-0.572411816,-0.685994452,-0.623050002,0.980167383,0.974432935,0.988373045,0.99295466,0.996980621,0.998932939,0.999556518,0.997652628,0.984164201,0.979434904,0.971180245,0.952314121,0.87950545,0.898791351,0.785669128,0.981256132,0.974045623,0.988690497,0.984258687,0.993852696,0.996988348,0.998369947,0.995752036,0.984198406,0.987535892,0.972545023,0.949448852,0.910424164,0.842669921,0.817951762,0.981689065,0.979801095,0.98386662,0.9915884,0.982994289,0.991603839,0.993279624,0.984958378,0.978301761,0.960665812,0.920644831,0.845123927,0.821682708,0.77108134,0.615040438,-0.563545549,-0.526477308,-0.584343498,-0.632874862,-0.576396408,-0.573412285,-0.579061104,-0.619870283,-0.667266523,-0.697315779,-0.614373028,-0.594262384,-0.654114375,-0.580086078,-0.67398057,0.096089114,0.085072344,0.12621954,0.049574689,0.232554875,0.280043836,0.173033407,0.381073694,0.329244082,0.266852328,0.318287605,0.307589224,0.364913551,0.386398077,0.362932557
0.970099917,0.972902397,0.982189329,0.985129818,0.993514248,0.99601316,0.998876912,1,0.99666652,0.994647501,0.984504349,0.952075671,0.933253336,0.859240918,0.819464054,0.948696769,0.964853656,0.977537475,0.985565916,0.989281599,0.991771033,0.997770775,0.999163039,0.995473976,0.985978026,0.977818736,0.946258432,0.913703148,0.873073458,0.802621603,0.977817595,0.969166898,0.976807377,0.986704845,0.98703797,0.988692874,0.990193361,0.98533579,0.986332113,0.970441561,0.943548318,0.898618395,0.794374884,0.821678365,0.70172437,-0.57220927,-0.627180196,-0.626455002,-0.624100864,-0.609392948,-0.623811855,-0.642049223,-0.62101049,-0.624479822,-0.641405001,-0.687726593,-0.63805462,-0.705043064,-0.650679227,-0.627047358,0.974492932,0.973326224,0.983446324,0.985568337,0.992705984,0.994222243,0.998013826,0.999073289,0.996237687,0.991413359,0.982088074,0.969918283,0.933990811,0.895779387,0.880794595,0.952996803,0.970978819,0.978106578,0.98768628,0.990624474,0.969354152,0.98153069,0.99613191,0.995729421,0.987550012,0.979054287,0.949955747,0.950143817,0.934205292,0.861888361,0.906298463,0.963370722,0.97566938,0.984455635,0.988729767,0.989960692,0.987413176,0.985036133,0.977315883,0.957635077,0.928735349,0.904319646,0.857485059,0.821604913,0.626042812,-0.556509091,-0.379857281,-0.562857516,-0.636970494,-0.604503142,-0.679170345,-0.65124466,-0.704009648,-0.65524046,-0.658191805,-0.668797797,-0.64259884,-0.731299134,-0.723086636,-0.665660761,0.151423498,0.181629197,0.187908975,0.035679769,0.06706616,0.058607969,0.337183225,0.314024145,0.46458316,0.406061419,0.363042282,0.220130378,0.323125708,0.448737103,0.364447878
0.954711992,0.947896474,0.969286247,0.980413689,0.988751264,0.983809967,0.996274351,0.99666652,1,0.99810787,0.990161971,0.967218188,0.960843812,0.898709388,0.856929401,0.950198051,0.956002314,0.934374854,0.979096417,0.965845837,0.98119792,0.99337639,0.996737596,0.999179652,0.986958702,0.994049002,0.951029701,0.92199863,0.887417606,0.894506266,0.947953572,0.967769867,0.955089943,0.974940575,0.980817818,0.984385849,0.984662618,0.987867034,0.97966314,0.971205699,0.934251079,0.918839916,0.878146634,0.779009699,0.604468687,-0.638198758,-0.707162065,-0.661199307,-0.594940682,-0.615181982,-0.662940597,-0.720676466,-0.697449636,-0.656672949,-0.706499959,-0.666109409,-0.607138955,-0.756442681,-0.679878512,-0.603516946,0.955355135,0.972320437,0.962553397,0.97245371,0.979379567,0.98869881,0.992368233,0.997680814,0.998251153,0.993161534,0.987488488,0.972029985,0.957043793,0.906943483,0.797776158,0.956976402,0.975424736,0.958072599,0.971331038,0.977684689,0.981251523,0.988309078,0.986067152,0.994418531,0.942899428,0.986246989,0.965908396,0.945868392,0.923537386,0.897608995,0.964270676,0.962029827,0.96242434,0.967999069,0.976714798,0.979514747,0.982355583,0.987349688,0.984884746,0.968298582,0.953718585,0.933272685,0.893136154,0.761960237,0.691750904,-0.617098194,-0.770162413,-0.618945211,-0.62315633,-0.683894447,-0.669579695,-0.64076033,-0.666840782,-0.666368563,-0.740303612,-0.659600408,-0.742726898,-0.597574075,-0.780279861,-0.710270176,0.190806828,0.260515104,0.160690048,0.351068884,0.079666747,0.211037193,0.099048424,0.247977823,0.208935319,0.2716897,0.332697771,0.367338481,0.385466107,0.402681214,0.358862666
0.943859963,0.951116296,0.950318934,0.921795253,0.97178281,0.98601088,0.985251953,0.994647501,0.99810787,1,0.997626007,0.986440256,0.970258662,0.942427793,0.847189588,0.937653931,0.93177459,0.927861321,0.958427249,0.97238915,0.979248254,0.981176595,0.990479081,0.995713965,0.992343665,0.993527402,0.971102484,0.950871614,0.938563088,0.883666925,0.931656385,0.940702604,0.938725257,0.953010527,0.962377076,0.950051232,0.981435558,0.981100791,0.972753831,0.959390733,0.970500991,0.922368379,0.90713375,0.864738823,0.622289465,-0.691056095,-0.561257862,-0.652769795,-0.759856696,-0.560500408,-0.675074909,-0.667264989,-0.705862504,-0.695111007,-0.696240779,-0.64146284,-0.660536582,-0.711863354,-0.716696346,-0.681154365,0.940688498,0.939782314,0.944995634,0.963611606,0.970367722,0.981754374,0.984430566,0.990805465,0.996416758,0.993061096,0.988311344,0.980923094,0.9592444,0.911715419,0.903221613,0.907310508,0.944785597,0.948422866,0.948806286,0.962190072,0.979626931,0.980949638,0.986810889,0.961749128,0.99421984,0.987597942,0.973523903,0.945152025,0.903304044,0.870691916,0.931952602,0.950303311,0.944411255,0.955237953,0.962613082,0.972191095,0.981211408,0.977093765,0.983861083,0.973343785,0.963676458,0.92527704,0.891835284,0.772269262,0.819198817,-0.622836301,-0.587849346,-0.684504643,-0.734787669,-0.674058272,-0.663801124,-0.639414442,-0.666366167,-0.71159361,-0.828742286,-0.684452244,-0.704909122,-0.673075939,-0.684914614,-0.443884613,0.23374941,0.198982212,0.114014455,0.110559849,0.090773802,0.177414573,0.231695795,0.273134971,0.396981439,0.299217661,0.301158173,0.270802159,0.312696409,0.326432735,0.405801286
0.91601031,0.959908112,0.937399329,0.933681421,0.949045658,0.963873896,0.968919289,0.984504349,0.990161971,0.997626007,1,0.995253465,0.987412877,0.960385364,0.897189142,0.866377437,0.926948328,0.912653178,0.926383011,0.95836277,0.957030797,0.944678034,0.980325278,0.981345758,0.990544634,0.992606739,0.982621523,0.979705075,0.934410959,0.900139668,0.878102638,0.905988305,0.907523906,0.934311533,0.938272553,0.946751957,0.960060256,0.965410736,0.965903656,0.962648516,0.96376876,0.946054756,0.86758013,0.78056196,0.773085081,-0.635223694,-0.697648909,-0.643193467,-0.701199342,-0.684729943,-0.685253267,-0.777632344,-0.75744389,-0.708590152,-0.73288973,-0.720012216,-0.7797988,-0.760273726,-0.730800183,-0.772712958,0.892325115,0.936738836,0.920971904,0.949624213,0.960363208,0.954276438,0.9714572,0.989702131,0.987677601,0.993833107,0.989336948,0.989025091,0.992727392,0.950841884,0.886683683,0.908922998,0.941844192,0.95837068,0.924007266,0.944695362,0.930126305,0.958538771,0.982552518,0.983328425,0.989317685,0.987517533,0.979500026,0.977160943,0.839578325,0.940464061,0.887644567,0.91830331,0.926344031,0.934614124,0.94360104,0.947498711,0.958031037,0.974191362,0.96689118,0.974162419,0.957021041,0.93469948,0.908913293,0.789931842,0.758457705,-0.632097606,-0.655119939,-0.71449733,-0.686653807,-0.670636343,-0.650560883,-0.593191112,-0.715139601,-0.702910311,-0.73256086,-0.741103169,-0.73915896,-0.724672497,-0.582111577,-0.741762346,0.122805641,0.083272249,0.183121586,0.220920412,0.17946601,0.209990525,0.217921253,0.216369035,0.267555689,0.325829999,0.354905468,0.346263785,0.392934327,0.592301262,0.315876785
0.896981575,0.888655828,0.822172632,0.921769871,0.923576008,0.935146584,0.927887204,0.952075671,0.967218188,0.986440256,0.995253465,1,0.993490459,0.9792547,0.910214794,0.871164359,0.889703216,0.854515224,0.911151675,0.920736718,0.935058926,0.943082938,0.957566633,0.967208928,0.972826658,0.987758325,0.988344557,0.986548394,0.973280206,0.894222635,0.802152451,0.886169124,0.905597106,0.919954056,0.922094235,0.953362856,0.945125541,0.953572002,0.955838954,0.953503021,0.949125821,0.953342544,0.898336217,0.842832626,0.744838239,-0.684495065,-0.677038111,-0.67379466,-0.704102226,-0.736153667,-0.784386577,-0.842614337,-0.756301885,-0.727476342,-0.606959099,-0.765595893,-0.791569343,-0.764166215,-0.786251005,-0.695207119,0.87551714,0.875416865,0.905939752,0.908536559,0.935177883,0.950254235,0.948368694,0.929476991,0.975582849,0.979999306,0.984742941,0.987672585,0.979955274,0.969780102,0.871180851,0.86172694,0.924867033,0.919501812,0.919090055,0.902913367,0.941312493,0.929343625,0.954661988,0.967181961,0.9596235,0.972542703,0.976765609,0.960141624,0.942392776,0.932254511,0.911776472,0.90538617,0.903935681,0.926324273,0.917333849,0.892930592,0.939402246,0.967421119,0.950633096,0.955238344,0.96476044,0.924772676,0.913934037,0.894380717,0.77355186,-0.717176075,-0.749368318,-0.696175513,-0.727246271,-0.700203257,-0.737691262,-0.717157932,-0.767617175,-0.746748532,-0.791124339,-0.759868701,-0.784053184,-0.845834641,-0.776691269,-0.77694907,0.0324961,0.120386075,0.12463832,0.179284125,0.162668779,0.129775491,0.154782819,0.208852125,0.163367812,0.216167081,0.222148672,0.251547327,0.256327749,0.292992757,0.28970446
0.839316627,0.83228706,0.857415637,0.888601659,0.883354605,0.939919012,0.915291248,0.933253336,0.960843812,0.970258662,0.987412877,0.993490459,1,0.99196252,0.963135435,0.837601558,0.846255436,0.862325697,0.849587134,0.890310035,0.895030739,0.907198015,0.84858356,0.924890794,0.968426523,0.977112323,0.972608433,0.977981264,0.925849845,0.962452426,0.822555708,0.845501447,0.863228438,0.863117628,0.88056295,0.809503174,0.834380935,0.910156094,0.921064596,0.932247569,0.913910314,0.918651589,0.893384646,0.828541355,0.765716251,-0.634501264,-0.723609347,-0.780830562,-0.693934111,-0.745798996,-0.73775289,-0.762397009,-0.801385958,-0.764378118,-0.755717063,-0.826518956,-0.742479195,-0.84347854,-0.829211274,-0.820363443,0.801557373,0.8620355,0.810943411,0.896319673,0.886488871,0.891286484,0.914914519,0.942398975,0.921521707,0.959183649,0.974755514,0.974182262,0.98236226,0.97223057,0.949666099,0.825441106,0.826537965,0.827222981,0.845593815,0.8453862,0.915999586,0.901390662,0.894324,0.929144718,0.951165521,0.961733833,0.974401205,0.963700375,0.946376913,0.943732339,0.835770007,0.863550622,0.824186448,0.869229623,0.88722526,0.867757195,0.90657849,0.897833651,0.930623901,0.907468442,0.949326261,0.93484411,0.906411933,0.880135347,0.793217077,-0.683029413,-0.719221392,-0.73175428,-0.695238375,-0.720815239,-0.692415652,-0.710841741,-0.755206767,-0.766703031,-0.789013007,-0.755331327,-0.783373362,-0.725462654,-0.800227479,-0.819665032,0.113770469,0.218434755,0.107787189,0.163387153,0.188501315,0.240046012,0.193515614,0.207120805,0.230699394,0.194627922,0.302559998,0.273215913,0.259229365,0.242166914,0.291018207
0.728421763,0.733097814,0.833071546,0.717669692,0.850354808,0.854596247,0.859789014,0.859240918,0.898709388,0.942427793,0.960385364,0.9792547,0.99196252,1,0.990531116,0.787159025,0.732198522,0.786626095,0.830375445,0.790471473,0.828314008,0.59431016,0.829941489,0.893072309,0.923655183,0.939378294,0.950774044,0.958707611,0.974763633,0.978190869,0.795819168,0.81345068,0.798446624,0.812308042,0.831355764,0.779326097,0.844017753,0.862362499,0.862362257,0.90851967,0.932556016,0.90394009,0.856150837,0.84809748,0.786557888,-0.709011126,-0.710615624,-0.714354351,-0.734520326,-0.597648149,-0.736568062,-0.746112769,-0.712901375,-0.720051724,-0.788402694,-0.76718445,-0.755380956,-0.818990491,-0.837306525,-0.803585191,0.76670406,0.781287373,0.805158549,0.884335977,0.832936073,0.835816678,0.826140549,0.905382823,0.904511422,0.94049883,0.922702257,0.967943563,0.977488363,0.956204511,0.971178736,0.798652681,0.789374296,0.821990284,0.806268008,0.827386365,0.819057417,0.819837131,0.830058923,0.856383936,0.928740762,0.898928218,0.919954787,0.918098721,0.937574819,0.958215131,0.821437481,0.804490531,0.732172413,0.781611622,0.789859894,0.845182106,0.85519023,0.874106301,0.929561491,0.865705289,0.891034457,0.908916282,0.909398727,0.856938962,0.785038726,-0.705373753,-0.682691633,-0.69926969,-0.706689249,-0.767191408,-0.787684888,-0.762218881,-0.781666857,-0.770021431,-0.805742681,-0.810991985,-0.833046928,-0.821981543,-0.778050631,-0.857258181,0.148081286,0.139598973,0.157736039,0.060830428,0.026013159,-0.022062001,0.046397074,0.388200087,0.203929359,0.181224596,0.223595011,0.196442266,0.130236659,0.295320309,0.246039829
0.69901685,0.619659326,0.735443026,0.714390774,0.811925989,0.790417086,0.801218166,0.819464054,0.856929401,0.847189588,0.897189142,0.910214794,0.963135435,0.990531116,1,0.693523262,0.633399088,0.724043636,0.669702583,0.783047721,0.807516685,0.802026206,0.840098123,0.884299174,0.555438689,0.868678669,0.907027697,0.907316246,0.859040828,0.991547804,0.647892742,0.581725247,0.72299951,0.694940873,0.748277106,0.735103193,0.755465422,0.744556646,0.828449288,0.816121107,0.899795314,0.850713192,0.868809057,0.800898399,0.893764684,-0.660834702,-0.696875587,-0.723742905,-0.704712287,-0.734073087,-0.723187777,-0.738197318,-0.736384545,-0.769795622,-0.828370196,-0.793755589,-0.31103651,-0.848746859,-0.775505809,-0.877949211,0.689399283,0.693288523,0.790831347,0.713117128,0.748613462,0.791385499,0.775479338,0.855805282,0.819883476,0.859731919,0.870286035,0.968164715,0.941874162,0.968123458,0.948791314,0.739689505,0.693698577,0.720813019,0.710811678,0.772088101,0.7844854,0.756763152,0.800196637,0.858467606,0.801221292,0.763526863,0.89487975,0.858844946,0.943117234,0.949480525,0.65981394,0.79915194,0.675730644,0.742904766,0.746080735,0.73865436,0.828071849,0.804955077,0.880514645,0.845961158,0.883038341,0.871485687,0.907099789,0.810664466,0.852961654,-0.635813404,-0.673388592,-0.618981784,-0.690090374,-0.752994361,-0.766562314,-0.700062321,-0.766231314,-0.745634381,-0.786504749,-0.787763603,-0.515180023,-0.774831339,-0.827812557,-0.886981092,0.035678586,0.049424588,0.307419729,0.094595731,0.002795724,0.151643261,0.18696791,0.132524558,0.127696483,0.141817942,0.061392142,0.170801458,0.135929218,0.100917333,0.186818721
0.999939479,0.999295827,0.998792162,0.993763514,0.979555199,0.973077129,0.968490036,0.948696769,0.950198051,0.937653931,0.866377437,0.871164359,0.837601558,0.787159025,0.693523262,1,0.999724421,0.998872294,0.995372627,0.979648997,0.975622268,0.985478047,0.966201127,0.960020887,0.940233115,0.928591102,0.870794789,0.857385656,0.773364093,0.67701797,0.999017469,0.996887424,0.996050427,0.984739429,0.972865044,0.973624199,0.970931122,0.963815212,0.917916507,0.909938081,0.872249272,0.849920347,0.749875693,0.683976133,0.51582295,-0.448001425,-0.401041509,-0.49551187,-0.485824711,-0.516989644,-0.527771404,-0.499123232,-0.506593455,-0.487892892,-0.524580389,-0.556224166,-0.555305884,-0.486848346,-0.519719995,-0.526561368,0.999794867,0.999428152,0.997506129,0.995640821,0.980729418,0.982788483,0.973291173,0.972722093,0.937618936,0.925806361,0.854625021,0.743247659,0.879682054,0.761352257,0.669768101,0.999932831,0.999704298,0.997986914,0.995095028,0.982168861,0.981129714,0.98404388,0.965072162,0.954317413,0.944588671,0.940187895,0.89153214,0.816513169,0.764157113,0.697852147,0.998044087,0.997255928,0.997037265,0.987970826,0.977743548,0.972619488,0.962400253,0.93128515,0.929786219,0.885811756,0.89203067,0.815795376,0.759438683,0.680731981,0.570989905,-0.50745687,-0.484628043,-0.525166304,-0.52242515,-0.471954815,-0.500034279,-0.645708757,-0.489926607,-0.543575458,-0.537700537,-0.461963355,-0.51622513,-0.591113693,-0.560825173,-0.514871498,0.089477938,0.150249993,0.13090216,0.21865744,0.307512171,0.164726008,0.211330904,0.303923306,0.191598636,0.311844211,0.329508312,0.240750829,0.380167651,0.342323399,0.37892436
0.999336504,0.999624565,0.99944246,0.997487739,0.99608473,0.989338434,0.970977948,0.964853656,0.956002314,0.93177459,0.926948328,0.889703216,0.846255436,0.732198522,0.633399088,0.999724421,1,0.999656793,0.997144912,0.995044318,0.990802229,0.979900896,0.971817828,0.967051695,0.93751016,0.922012591,0.906357577,0.860000429,0.82269654,0.73784365,0.998811575,0.998260948,0.996998934,0.994036978,0.991373695,0.978319102,0.965436865,0.956038407,0.930801901,0.919310819,0.894282969,0.842175248,0.802231422,0.693436753,0.56543683,-0.50142742,-0.546258608,-0.470904427,-0.701878606,-0.551580931,-0.510380788,-0.489753541,-0.528047347,-0.545268462,-0.543653438,-0.554718484,-0.515920923,-0.574728539,-0.547405705,-0.517328386,0.999208291,0.999820002,0.999224981,0.996761087,0.983016707,0.988216007,0.973570195,0.974252337,0.966194173,0.926989594,0.916275004,0.873133408,0.844223324,0.824729569,0.630785788,0.999516268,0.999614888,0.999623098,0.997804353,0.994791271,0.990401129,0.975612177,0.973846909,0.959260365,0.942186751,0.922278333,0.878711245,0.881490386,0.835648377,0.759997577,0.997793105,0.998641874,0.995662605,0.994542108,0.992122636,0.989177855,0.966172959,0.971046911,0.930269601,0.901169323,0.867482883,0.835947888,0.760980003,0.664644416,0.603784782,-0.383409865,-0.573806378,-0.528368883,-0.56563395,-0.542154053,-0.530926191,-0.532372021,-0.526694631,-0.538835563,-0.514463103,-0.542480948,-0.561255599,-0.481325468,-0.535062275,-0.355494829,0.110390143,0.094543241,0.168496971,0.219635032,0.205530723,0.205550494,0.294326117,0.291332165,0.258784172,0.303697917,0.260600768,0.336493787,0.31503676,0.323231579,0.384754611
0.997705976,0.99907873,0.999278245,0.999263695,0.997546018,0.994228517,0.984267716,0.977537475,0.934374854,0.927861321,0.912653178,0.854515224,0.862325697,0.786626095,0.724043636,0.998872294,0.999656793,1,0.999402233,0.997934344,0.993870365,0.990367584,0.986413625,0.966076511,0.968993246,0.939445109,0.89098817,0.867596024,0.869323521,0.752872143,0.997294781,0.997433288,0.997992227,0.996957983,0.995448364,0.99048919,0.982350986,0.972940276,0.945479638,0.94216151,0.910929401,0.847114796,0.797916017,0.700449054,0.720650985,-0.61658992,-0.519330808,-0.475802065,-0.611125361,-0.584921258,-0.517718933,-0.512665027,-0.536362191,-0.546606284,-0.55376923,-0.563894356,-0.586386787,-0.612918365,-0.552741237,-0.585634366,0.998017333,0.999015234,0.999154636,0.998842998,0.997211649,0.992134607,0.989797063,0.968322672,0.955823974,0.95355211,0.940684206,0.890928457,0.838521416,0.761447067,0.686884849,0.998210863,0.999434091,0.999540889,0.998484718,0.998120874,0.993810547,0.982820202,0.980896055,0.966356999,0.919461226,0.920298443,0.911771408,0.876661706,0.772484021,0.738906329,0.997162024,0.998208606,0.997853542,0.995363843,0.992913069,0.989239019,0.980283112,0.962199531,0.943119102,0.930955599,0.899176652,0.727811119,0.76085223,0.656548789,0.567400737,-0.557455424,-0.637285682,-0.629831114,-0.575894444,-0.533742594,-0.548466728,-0.46096104,-0.686008331,-0.509060065,-0.604751582,-0.559760956,-0.547421451,-0.650699915,-0.607082745,-0.337708104,0.189867995,-0.256856169,0.178256596,0.203930569,0.184826796,0.233443232,0.245052719,0.267547392,0.295847999,0.318395128,0.323096801,0.356354342,0.369254052,0.391851439,0.420458821
0.994025558,0.996428129,0.99902676,0.999788472,0.998466369,0.996258224,0.993494095,0.985565916,0.979096417,0.958427249,0.926383011,0.911151675,0.849587134,0.830375445,0.669702583,0.995372627,0.997144912,0.999402233,1,0.999312503,0.997357966,0.991443449,0.98966208,0.978348111,0.962951093,0.934596292,0.934679475,0.920625301,0.813222907,0.734633463,0.995808093,0.997562288,0.997011595,0.997287987,0.995892989,0.990938005,0.985051583,0.987552807,0.949822502,0.935547121,0.919359107,0.851725985,0.786616553,0.663835795,0.691532806,-0.526758974,-0.514800941,-0.56595771,-0.552019557,-0.570783531,-0.536544386,-0.543869138,-0.583979333,-0.693241952,-0.585452353,-0.613132133,-0.575886063,-0.55420732,-0.606799235,-0.444030551,0.987904258,0.996312751,0.998338665,0.999353458,0.997130404,0.997261748,0.994264738,0.986780417,0.973693732,0.958853642,0.923088134,0.927015543,0.869171088,0.764726078,0.744388634,0.991232213,0.99779444,0.999761141,0.999689311,0.998115481,0.996885612,0.988001608,0.986892575,0.979842482,0.960455498,0.93676611,0.941329163,0.89955303,0.817763843,0.727101078,0.991108005,0.996372807,0.997604565,0.996429371,0.994733945,0.992550591,0.982645897,0.971564308,0.962959723,0.93352998,0.896369141,0.837301733,0.866224262,0.681685232,0.562081917,-0.471925062,-0.584948185,-0.580741532,-0.55505219,-0.558757111,-0.543445667,-0.510699811,-0.552425773,-0.547285664,-0.477844325,-0.613121892,-0.457589735,-0.58342871,-0.558343016,-0.705202052,0.10559258,-0.047961407,0.198803076,0.199382212,0.219367206,0.222402155,0.244117232,0.257084827,0.294490241,0.327313089,0.337424093,0.34388821,0.390843365,0.390197649,0.399566683
0.981686854,0.992772315,0.995764337,0.998960111,0.999639493,0.998760574,0.995674077,0.989281599,0.965845837,0.97238915,0.95836277,0.920736718,0.890310035,0.790471473,0.783047721,0.979648997,0.995044318,0.997934344,0.999312503,1,0.999222559,0.998171249,0.990737329,0.982588282,0.975573168,0.955852115,0.922937286,0.903677365,0.848192215,0.709070685,0.980323033,0.991770495,0.995484654,0.997124172,0.995419884,0.994129704,0.991213851,0.976651619,0.961761395,0.946967002,0.89875231,0.880180016,0.800440481,0.776870798,0.668680731,-0.58731522,-0.554858037,-0.5251659,-0.513112504,-0.596379431,-0.604574667,-0.509504056,-0.563857794,-0.559780397,-0.543186327,-0.601202855,-0.541413862,-0.560501485,-0.621229858,-0.631243412,0.980740657,0.994169522,0.99756643,0.998026827,0.998759992,0.998802496,0.996409577,0.986164819,0.977704899,0.970200335,0.926353875,0.917875686,0.881876347,0.841808836,0.785597834,0.981791142,0.995465722,0.998148682,0.999275402,0.999078848,0.998579931,0.994018038,0.991156407,0.982960803,0.970519542,0.964911855,0.917479112,0.904102989,0.833582913,0.789845277,0.98175769,0.992454898,0.993061451,0.992692596,0.99652222,0.994320423,0.992084003,0.97487733,0.965109798,0.941138472,0.910137315,0.885193375,0.766346492,0.678858452,0.661251387,-0.535914329,-0.59723631,-0.535472496,-0.605761403,-0.582949065,-0.575203029,-0.557761858,-0.573585254,-0.599886634,-0.652400726,-0.545813578,-0.618524463,-0.606991417,-0.555523943,-0.570870155,0.146115877,0.129584426,0.199752393,0.180704457,0.128620496,0.217018743,0.228424866,0.242101393,0.228832387,0.240989032,0.236581432,0.269634748,0.295935756,0.327122655,0.357128024
0.978496887,0.986890918,0.993520609,0.996625526,0.9981479,0.998874065,0.998907887,0.991771033,0.98119792,0.979248254,0.957030797,0.935058926,0.895030739,0.828314008,0.807516685,0.975622268,0.990802229,0.993870365,0.997357966,0.999222559,1,0.999028998,0.995686322,0.989895669,0.981640737,0.962831559,0.942530682,0.908524806,0.851198427,0.723226718,0.982658728,0.989647944,0.991980506,0.994679835,0.995026798,0.996695997,0.990617246,0.986157802,0.969756466,0.948654739,0.930101918,0.882773143,0.789933512,0.762998051,0.634488821,-0.573335909,-0.501947615,-0.57876524,-0.563098266,-0.61499803,-0.574044304,-0.588885277,-0.602107299,-0.57757796,-0.726834385,-0.616252048,-0.6530106,-0.62871171,-0.65929238,-0.697365598,0.977449284,0.990765467,0.994175076,0.997203809,0.997733037,0.998728692,0.989974834,0.991409264,0.984313732,0.981502882,0.96982324,0.918017474,0.889056581,0.847534844,0.748020991,0.981508093,0.991596747,0.993881382,0.996292767,0.998478245,0.998994019,0.99840913,0.994365986,0.98929744,0.966637273,0.958825363,0.908515188,0.907060116,0.857804222,0.813000402,0.972972348,0.987798775,0.991984672,0.9939696,0.996577167,0.992015676,0.993537944,0.986916823,0.969163279,0.949637562,0.934862213,0.887443103,0.839270933,0.749789841,0.626291301,-0.63322238,-0.579629053,-0.566491322,-0.641966662,-0.573573687,-0.601285409,-0.608240848,-0.591381583,-0.61545396,-0.64551139,-0.599826858,-0.634223964,-0.650086946,-0.63356181,-0.658497237,0.083354962,0.150188671,0.192444222,0.193208377,-0.000760828,0.260734595,0.260202792,0.262722545,0.356022526,0.103766343,0.264910224,0.385586028,0.332506502,0.351736664,0.30791998
0.979536173,0.972756308,0.981155111,0.991834002,0.996077431,0.9972565,0.996850861,0.997770775,0.99337639,0.981176595,0.944678034,0.943082938,0.907198015,0.59431016,0.802026206,0.985478047,0.979900896,0.990367584,0.991443449,0.998171249,0.999028998,1,0.998488995,0.995123407,0.990819364,0.973270647,0.952392274,0.94005429,0.882412395,0.777414823,0.985083693,0.971939412,0.988022341,0.991234088,0.992514716,0.992792154,0.991674417,0.98234495,0.982481468,0.963503014,0.921637252,0.921060491,0.84398569,0.758199823,0.729623513,-0.576285204,-0.576273084,-0.616822137,-0.583986334,-0.605759953,-0.613490295,-0.625515573,-0.667066091,-0.554334967,-0.587883792,-0.638354367,-0.622362211,-0.754302084,-0.682163649,-0.679524046,0.975193142,0.973122172,0.98709436,0.99253671,0.993642392,0.995814251,0.998781625,0.992286208,0.986353261,0.98335338,0.936280285,0.933377931,0.912669792,0.817842689,0.753269452,0.983710586,0.97534117,0.989273982,0.993895618,0.996300566,0.999262825,0.999024273,0.997454311,0.98751345,0.982766792,0.969205681,0.951320737,0.912274018,0.893624488,0.855921535,0.978773684,0.977042224,0.985338494,0.991932498,0.989136344,0.994792495,0.991207573,0.986627153,0.976953617,0.964642081,0.934762381,0.908378027,0.835516198,0.748037471,0.628402276,-0.576993254,-0.575677287,-0.610550602,-0.606682732,-0.680048048,-0.654415248,-0.595254381,-0.581556521,-0.642748394,-0.615990362,-0.725572436,-0.649251618,-0.627022519,-0.687091,-0.64767104,0.136606602,0.121243884,0.199637336,0.289936828,0.240017593,0.375751911,-0.043218509,0.258719218,0.246241039,0.115208135,0.318993759,0.267882114,0.208942958,0.395723476,0.37967605
0.967636225,0.966338115,0.976907208,0.988114888,0.989007362,0.992493844,0.998109855,0.999163039,0.996737596,0.990479081,0.980325278,0.957566633,0.84858356,0.829941489,0.840098123,0.966201127,0.971817828,0.986413625,0.98966208,0.990737329,0.995686322,0.998488995,1,0.9988621,0.992132609,0.987084168,0.963856083,0.94377005,0.857544995,0.823919521,0.956409494,0.97284596,0.979156302,0.981546668,0.986790892,0.989332053,0.990903104,0.983013445,0.981561938,0.973369645,0.950209958,0.917741873,0.868097881,0.798612459,0.72392372,-0.581431995,-0.58595346,-0.73752334,-0.605095513,-0.616317372,-0.620811542,-0.647950681,-0.767899503,-0.626059249,-0.642358335,-0.657640521,-0.67122896,-0.676797582,-0.653093013,-0.784144982,0.964243279,0.973228584,0.973936581,0.981828278,0.990417194,0.991631045,0.991313672,0.996554113,0.993028152,0.988617025,0.96759388,0.953732831,0.893623758,0.88944527,0.803057024,0.966831184,0.971029984,0.980497236,0.987534767,0.991598927,0.99331614,0.997173652,0.998965569,0.997002745,0.986963131,0.985097661,0.967949901,0.922167729,0.899419812,0.860520195,0.96653303,0.970901581,0.979540544,0.986293369,0.984402974,0.989018377,0.98992072,0.988570405,0.979476463,0.964541516,0.945507839,0.946638946,0.800004249,0.815252971,0.619034394,-0.580019898,-0.570880774,-0.61958559,-0.596776929,-0.648994065,-0.655855061,-0.640106928,-0.620180642,-0.615156222,-0.664761453,-0.718773615,-0.650320779,-0.668123497,-0.79091067,-0.67138702,0.090779784,0.29167688,0.237895703,0.240821608,0.312262666,0.340491371,0.21658124,0.354317831,0.226405866,0.275946074,0.305573729,0.328004181,0.31021048,0.352702201,0.367692259
0.95652607,0.95584928,0.960673934,0.975904406,0.981437649,0.990151011,0.993528622,0.995473976,0.999179652,0.995713965,0.981345758,0.967208928,0.924890794,0.893072309,0.884299174,0.960020887,0.967051695,0.966076511,0.978348111,0.982588282,0.989895669,0.995123407,0.9988621,1,0.998909794,0.991689025,0.982171056,0.965017225,0.891230304,0.857961223,0.968203434,0.960079862,0.965763879,0.958035093,0.974381031,0.975560126,0.982106306,0.993710049,0.986435978,0.971095215,0.930038783,0.933167462,0.867675011,0.827406955,0.72317252,-0.627500565,-0.527939723,-0.624134706,-0.638318119,-0.66388265,-0.687957593,-0.632615879,-0.698980453,-0.590759269,-0.648502416,-0.733618262,-0.772943387,-0.760929101,-0.729943133,-0.722973004,0.956892855,0.959928984,0.961713989,0.97061025,0.986442613,0.97850379,0.991942904,0.993364466,0.991866762,0.989986407,0.967848781,0.958247893,0.941512729,0.865974574,0.835134894,0.948812959,0.967154757,0.961934234,0.972302989,0.985243612,0.991636243,0.993686043,0.979332019,0.996923082,0.993535524,0.990238717,0.978335403,0.94930746,0.928963534,0.870648907,0.95359544,0.961540996,0.963569084,0.959286832,0.979531214,0.978524663,0.987644115,0.987337786,0.984228342,0.967794051,0.960891892,0.909205375,0.881087447,0.793870407,0.662076303,-0.618691247,-0.656909248,-0.650184493,-0.488842474,-0.686366952,-0.620697683,-0.661055034,-0.668408083,-0.722183722,-0.722586443,-0.670694834,-0.615325444,-0.695370509,-0.64527523,-0.751666972,0.27720459,0.188917851,0.248283492,0.178800626,0.302195573,0.255054125,0.088223964,0.20429108,0.360104109,0.289958641,0.303117014,0.389852123,0.345582203,0.341578213,0.40369931
0.938410612,0.949150658,0.926205137,0.951907681,0.969743914,0.968767844,0.981892383,0.985978026,0.986958702,0.992343665,0.990544634,0.972826658,0.968426523,0.923655183,0.555438689,0.940233115,0.93751016,0.968993246,0.962951093,0.975573168,0.981640737,0.990819364,0.992132609,0.998909794,1,0.99747408,0.986623746,0.974905697,0.944866805,0.893214791,0.93154536,0.930038951,0.949225675,0.954813002,0.962666114,0.953596444,0.984336424,0.978549187,0.981772172,0.980341752,0.954617213,0.942699283,0.871378585,0.800154629,0.762843876,-0.644127581,-0.629644412,-0.671339751,-0.671198242,-0.642189161,-0.649115092,-0.716014575,-0.698925234,-0.674649429,-0.667085287,-0.722403762,-0.724081286,-0.713293415,-0.744655793,-0.805413925,0.932965761,0.94104947,0.964356502,0.957361175,0.966097014,0.973096402,0.982454088,0.98446859,0.979323227,0.991333156,0.990330595,0.973698503,0.948636043,0.908258453,0.813796161,0.939895348,0.938500547,0.962778495,0.958291841,0.978249218,0.975653055,0.988256596,0.991123917,0.995802583,0.996414556,0.988182974,0.977165165,0.965658968,0.93179571,0.886713055,0.927547989,0.942520089,0.955451644,0.916147079,0.96552146,0.98234483,0.974120023,0.983636593,0.977759619,0.974482047,0.969536349,0.936775961,0.826604878,0.7595913,0.773355737,-0.652253317,-0.596979354,-0.604767202,-0.654251732,-0.695950357,-0.700048869,-0.676197442,-0.697394207,-0.715246094,-0.695437336,-0.776039869,-0.723243693,-0.715906522,-0.741129685,-0.697244325,0.16473023,0.082448842,0.204733524,0.20738229,0.275425109,-0.059376675,0.182709667,0.287544375,0.306338467,0.295911962,0.364118662,0.324803253,0.350157184,0.328147753,0.399726821
0.928372546,0.928207523,0.919330874,0.921662928,0.933469656,0.949751112,0.972109272,0.977818736,0.994049002,0.993527402,0.992606739,0.987758325,0.977112323,0.939378294,0.868678669,0.928591102,0.922012591,0.939445109,0.934596292,0.955852115,0.962831559,0.973270647,0.987084168,0.991689025,0.99747408,1,0.994711298,0.987064779,0.964798445,0.892737641,0.904355518,0.927744966,0.805894902,0.923089462,0.936082975,0.955643646,0.960994928,0.970347325,0.968162261,0.975993686,0.95209526,0.940063074,0.885040476,0.866646435,0.814423634,-0.66955941,-0.693804181,-0.690254831,-0.643543957,-0.695137161,-0.72966297,-0.698312623,-0.76446181,-0.690231346,-0.736372769,-0.773746574,-0.765052991,-0.751965566,-0.746112067,-0.749502512,0.918238804,0.911939879,0.926586049,0.946450529,0.9466488,0.956316963,0.971864803,0.979510539,0.984001678,0.986224826,0.987578588,0.983251614,0.953250536,0.937042859,0.90827974,0.874934852,0.911413166,0.931060842,0.939306475,0.944551894,0.968391961,0.975725618,0.972214222,0.990121082,0.992131107,0.995488436,0.987522197,0.979462985,0.937537813,0.89743876,0.898312849,0.929004307,0.898675049,0.94345853,0.964929708,0.940876215,0.970577909,0.963207968,0.966780324,0.936819182,0.966169734,0.93165223,0.911000349,0.838902261,0.754164268,-0.730977401,-0.65350324,-0.686528823,-0.690514001,-0.803123719,-0.668615623,-0.689400421,-0.713433908,-0.692383216,-0.732021726,-0.701248953,-0.762249914,-0.781357948,-0.850840933,-0.75593435,0.229348988,0.220486756,0.083885539,0.178755937,0.174471857,0.255749891,0.322818504,0.254913893,0.27474991,0.309477109,0.115622857,0.298006713,0.324751506,0.351101826,0.358292885
0.884755487,0.868735365,0.922982264,0.906195778,0.927868378,0.935120084,0.951981532,0.946258432,0.951029701,0.971102484,0.982621523,0.988344557,0.972608433,0.950774044,0.907027697,0.870794789,0.906357577,0.89098817,0.934679475,0.922937286,0.942530682,0.952392274,0.963856083,0.982171056,0.986623746,0.994711298,1,0.994442219,0.972881677,0.931319693,0.877350555,0.89780572,0.899106726,0.889379389,0.934308977,0.917540738,0.934534153,0.917918893,0.950012174,0.954151282,0.942262289,0.9341374,0.911942361,0.861978654,0.826098166,-0.673517176,-0.678246027,-0.630919317,-0.72077205,-0.727114742,-0.671913407,-0.757346375,-0.7297638,-0.737672046,-0.780604994,-0.774109295,-0.733867796,-0.797144522,-0.726534011,-0.774071936,0.86625559,0.863192218,0.878007944,0.914136719,0.918314954,0.924405068,0.948516391,0.967957178,0.966553684,0.968801757,0.971877117,0.975673743,0.948726752,0.918132216,0.917829523,0.887011845,0.894960135,0.909596093,0.915958632,0.929615917,0.946524227,0.933770426,0.953067585,0.980306718,0.980398025,0.986185886,0.988738587,0.987855355,0.966535894,0.95432435,0.867434789,0.839215026,0.932175044,0.897200533,0.921454059,0.930115352,0.945489511,0.939807003,0.960995191,0.96045567,0.9553052,0.95052921,0.915126051,0.851363819,0.825471297,-0.694151289,-0.672835315,-0.781184527,-0.756826804,-0.739162822,-0.641240154,-0.678005124,-0.717039152,-0.765833837,-0.784768676,-0.671991471,-0.789621787,-0.781829529,-0.85062017,-0.741493475,0.143496708,0.076714843,0.156078388,0.117558142,0.162998728,0.160774658,0.174353713,0.199610949,0.188418695,0.206278288,0.209570135,0.175011761,0.235342264,0.321008454,0.249095883
0.877816858,0.829468922,0.92202465,0.885730774,0.885842276,0.915608308,0.920632243,0.913703148,0.92199863,0.950871614,0.979705075,0.986548394,0.977981264,0.958707611,0.907316246,0.857385656,0.860000429,0.867596024,0.920625301,0.903677365,0.908524806,0.94005429,0.94377005,0.965017225,0.974905697,0.987064779,0.994442219,1,0.992628695,0.945731065,0.856224891,0.849613101,0.85620359,0.866686036,0.865510593,0.90979395,0.929214085,0.920049145,0.941801358,0.935503213,0.928388489,0.948592177,0.912382949,0.865562417,0.839509128,-0.449021164,-0.628711841,-0.755369774,-0.723978239,-0.74369774,-0.712272542,-0.765681065,-0.762159459,-0.768138256,-0.768393793,-0.76230895,-0.839782811,-0.83017553,-0.804989851,-0.858809211,0.860205859,0.827990374,0.85558536,0.885130232,0.863580058,0.855293525,0.923352278,0.901598795,0.949990985,0.952592752,0.952446346,0.955685379,0.959367049,0.929989956,0.89735809,0.818979111,0.855435685,0.859984051,0.885285441,0.893015797,0.901907152,0.926750378,0.845674706,0.944272761,0.953705805,0.980308124,0.987377258,0.982918749,0.972175982,0.977572087,0.847202118,0.840194302,0.878361708,0.867416143,0.84830022,0.87648112,0.904091244,0.888292146,0.924052428,0.930498439,0.951445316,0.932305099,0.913649183,0.828469921,0.874818458,-0.725372254,-0.745011609,-0.763608231,-0.715638882,-0.730420825,-0.707964337,-0.822461112,-0.783943094,-0.767297687,-0.731180009,-0.797864237,-0.76758982,-0.769633923,-0.861035562,-0.869198876,0.237534637,0.09394563,0.247659056,0.252895328,0.046316149,0.306636697,0.248694458,0.207441484,0.226255838,0.298181768,0.295758175,0.306368024,0.271641718,0.319383936,0.26067783
0.742038096,0.700945992,0.831820409,0.822904897,0.838680249,0.880231269,0.907657723,0.873073458,0.887417606,0.938563088,0.934410959,0.973280206,0.925849845,0.974763633,0.859040828,0.773364093,0.82269654,0.869323521,0.813222907,0.848192215,0.851198427,0.882412395,0.857544995,0.891230304,0.944866805,0.964798445,0.972881677,0.992628695,1,0.990516321,0.767198749,0.793548939,0.779049281,0.762491161,0.823569004,0.864124492,0.869144139,0.886263388,0.918872317,0.8781876,0.891733654,0.925239548,0.900206525,0.864374484,0.836721519,-0.691637557,-0.717119737,-0.732900595,-0.647147011,-0.743652202,-0.726353289,-0.737752473,-0.736004751,-0.745319999,-0.845899773,-0.799929432,-0.852299042,-0.785035992,-0.853751379,-0.753359031,0.779553565,0.680545588,0.779315241,0.807387836,0.85423569,0.853657921,0.879552996,0.928663469,0.898963468,0.905259734,0.911760455,0.927763329,0.945358871,0.955761779,0.937192104,0.778464019,0.819553608,0.802895151,0.844079421,0.790760441,0.853040485,0.887951967,0.883567207,0.923446235,0.909693602,0.925923596,0.962397666,0.978107069,0.977556578,0.965032852,0.785059926,0.760818326,0.796077964,0.803725289,0.82504984,0.850323359,0.848202561,0.886871415,0.849439776,0.919927343,0.921810549,0.910708817,0.830290749,0.871698872,0.807189946,-0.700750757,-0.720745666,-0.735888038,-0.753979109,-0.739830216,-0.780104658,-0.73544803,-0.77322231,-0.775945453,-0.802938002,-0.788186977,-0.875815498,-0.760810648,-0.872753558,-0.86533016,0.18117558,0.154094443,0.163261412,0.153957188,0.145201332,0.367587485,0.213503841,0.149298676,0.241075418,0.211678831,0.229067944,0.298475016,0.188449989,0.421869906,0.228633507
0.689857815,0.668707746,0.739924316,0.847057313,0.808357378,0.767430743,0.797985908,0.802621603,0.894506266,0.883666925,0.900139668,0.894222635,0.962452426,0.978190869,0.991547804,0.67701797,0.73784365,0.752872143,0.734633463,0.709070685,0.723226718,0.777414823,0.823919521,0.857961223,0.893214791,0.892737641,0.931319693,0.945731065,0.990516321,1,0.666083568,0.689152929,0.756065375,0.683535483,0.657040778,0.80433453,0.77358856,0.80362508,0.850232626,0.905580421,0.857129813,0.898276162,0.836601627,0.905958887,0.832557634,-0.725614528,-0.729307324,-0.689105238,-0.787487641,-0.775714357,-0.772676756,-0.755357982,-0.777569147,-0.801542202,-0.795311583,-0.787590097,-0.825029178,-0.766987144,-0.853003427,-0.86385489,0.72530196,0.727073446,0.80202177,0.751773081,0.743986979,0.716309927,0.780699801,0.802068105,0.815047191,0.84169267,0.80758713,0.677000953,0.919506937,0.896635391,0.909542424,0.712473782,0.695273075,0.747618541,0.772693755,0.75219424,0.824026216,0.793413991,0.85736854,0.828403821,0.883115036,0.890567496,0.926301756,0.959644431,0.938092858,0.904735663,0.69566147,0.678401048,0.758223123,0.765517993,0.746552365,0.808138589,0.764403063,0.789669696,0.832134858,0.848043256,0.812988996,0.879471147,0.849814103,0.856565686,0.80909276,-0.808240901,-0.710482557,-0.691944871,-0.72114978,-0.757902625,-0.745676544,-0.756492419,-0.817939802,-0.765426624,-0.785930934,-0.811544241,-0.832196894,-0.826699038,-0.857356584,-0.88323487,0.072469212,0.113722794,0.176002639,0.071603073,0.065891353,0.095779576,0.035769883,0.18208927,0.139340736,0.217334573,0.196529045,0.120410966,0.196202089,0.138277106,0.155929899
0.998736402,0.997835836,0.99616743,0.994881361,0.97953487,0.981456415,0.984362754,0.977817595,0.947953572,0.931656385,0.878102638,0.802152451,0.822555708,0.795819168,0.647892742,0.999017469,0.998811575,0.997294781,0.995808093,0.980323033,0.982658728,0.985083693,0.956409494,0.968203434,0.93154536,0.904355518,0.877350555,0.856224891,0.767198749,0.666083568,1,0.999487824,0.998888487,0.992096266,0.980915954,0.979667825,0.979152725,0.963751916,0.952247277,0.926199506,0.88367746,0.848126644,0.787001508,0.792513375,0.618919515,-0.500999853,-0.490729692,-0.561675507,-0.523749518,-0.519805215,-0.491048671,-0.539436606,-0.53624338,-0.543508467,-0.499038114,-0.554155386,-0.476985743,-0.503872652,-0.513176794,-0.510296594,0.998668413,0.99819613,0.995661147,0.994833836,0.979395512,0.97724914,0.959389239,0.968897158,0.955731013,0.925556848,0.884062778,0.89915482,0.831672254,0.796463954,0.747117368,0.99883472,0.997862709,0.997582994,0.994698899,0.978185565,0.978883781,0.978883384,0.967284771,0.960614883,0.887087294,0.88466658,0.883851502,0.87196176,0.767928592,0.696301224,0.999877438,0.999470896,0.998390387,0.99092001,0.979872465,0.973125009,0.977209286,0.968988579,0.946505162,0.920236357,0.895187657,0.842678962,0.73596053,0.713935172,0.514452631,-0.54718609,-0.489893482,-0.51287677,-0.508135697,-0.50807695,-0.523463791,-0.525790541,-0.508161825,-0.593971215,-0.668135339,-0.497721498,-0.534084226,-0.529588557,-0.5444333,-0.533601549,0.151151463,0.070732683,0.175593291,0.11417824,0.257148213,0.196849935,0.269860754,0.000124514,0.247903553,0.256671647,0.360780906,0.301049616,0.331657962,0.310797804,0.38153557
0.99788104,0.998050925,0.997754552,0.99686265,0.986686304,0.988507864,0.973429452,0.969166898,0.967769867,0.940702604,0.905988305,0.886169124,0.845501447,0.81345068,0.581725247,0.996887424,0.998260948,0.997433288,0.997562288,0.991770495,0.989647944,0.971939412,0.97284596,0.960079862,0.930038951,0.927744966,0.89780572,0.849613101,0.793548939,0.689152929,0.999487824,1,0.999677401,0.997906086,0.995267159,0.987679786,0.973553104,0.964293473,0.958242895,0.934392298,0.898786324,0.824845395,0.734031363,0.670093512,0.581991403,-0.507668905,-0.443481893,-0.593704515,-0.48226379,-0.510838203,-0.507709228,-0.515365866,-0.538306491,-0.571856708,-0.541091619,-0.568662409,-0.581171389,-0.503404793,-0.545764588,-0.667892052,0.997787111,0.997618722,0.997879028,0.996525818,0.994036849,0.986920315,0.970019034,0.966146008,0.951046505,0.930558067,0.911895843,0.916276567,0.815645616,0.797909835,0.71938583,0.998196329,0.998519624,0.997319088,0.996161222,0.992199245,0.991009475,0.976111025,0.970207661,0.957324041,0.946824981,0.920275647,0.888112564,0.857054825,0.800406775,0.710589574,0.999501802,0.999740635,0.999725228,0.998731551,0.992755145,0.989253679,0.971541327,0.966407038,0.94592716,0.906451815,0.849243001,0.872468804,0.749904661,0.694434896,0.560584369,-0.44469609,-0.516851733,-0.514947602,-0.494912346,-0.521634104,-0.544815349,-0.566759214,-0.507983192,-0.488327241,-0.5510355,-0.561588228,-0.567254871,-0.500101347,-0.582364301,-0.494782721,0.297788143,0.048995969,0.178126526,0.198567323,0.082155519,0.130651002,0.289052497,0.196230698,0.297824473,0.241545328,0.278806575,0.33121579,0.332698307,0.340904587,0.345524601
0.996376149,0.997117766,0.997711831,0.995096618,0.994291748,0.990749951,0.982892257,0.976807377,0.955089943,0.938725257,0.907523906,0.905597106,0.863228438,0.798446624,0.72299951,0.996050427,0.996998934,0.997992227,0.997011595,0.995484654,0.991980506,0.988022341,0.979156302,0.965763879,0.949225675,0.805894902,0.899106726,0.85620359,0.779049281,0.756065375,0.998888487,0.999677401,1,0.999506245,0.996986311,0.992773767,0.988401229,0.979309681,0.960623026,0.954977289,0.910998313,0.864392179,0.791144536,0.74021654,0.671696833,-0.529465788,-0.541852797,-0.559284118,-0.543263978,-0.525954225,-0.645183507,-0.573269871,-0.568407123,-0.574741233,-0.487239989,-0.57301508,-0.471860354,-0.625639258,-0.551546857,-0.636249308,0.996724354,0.997571142,0.997504064,0.995785532,0.995860324,0.989966681,0.985735818,0.956453304,0.965682294,0.951445784,0.932004582,0.913766588,0.87190159,0.763343184,0.77035343,0.998386353,0.997768147,0.997079832,0.997809283,0.996039444,0.991443726,0.986803167,0.976665111,0.947675773,0.94498513,0.906490928,0.929591058,0.853938197,0.842748988,0.750916164,0.997909299,0.998751651,0.999745825,0.998943902,0.997538713,0.992815758,0.97710074,0.979944431,0.953675105,0.939755496,0.91349202,0.835028007,0.777150241,0.747743695,0.597606774,-0.418077082,-0.546356529,-0.537927574,-0.542791585,-0.493448484,-0.503758191,-0.536900329,-0.547374114,-0.54837228,-0.575607496,-0.608503409,-0.562064632,-0.560463636,-0.606117188,-0.556963067,0.174551805,0.133567055,0.12520092,0.166980223,0.184699491,0.225090414,0.230678222,0.186070597,0.280257838,0.276190206,0.297770048,0.337713831,0.370891313,0.358390024,0.400229677
0.985727857,0.993021679,0.996124515,0.996628951,0.993723053,0.993769234,0.987223501,0.986704845,0.974940575,0.953010527,0.934311533,0.919954056,0.863117628,0.812308042,0.694940873,0.984739429,0.994036978,0.996957983,0.997287987,0.997124172,0.994679835,0.991234088,0.981546668,0.958035093,0.954813002,0.923089462,0.889379389,0.866686036,0.762491161,0.683535483,0.992096266,0.997906086,0.999506245,1,0.999356587,0.997400142,0.992805882,0.983375571,0.977031975,0.951073825,0.932563199,0.862848475,0.832143152,0.736227082,0.657224055,-0.428075541,-0.526613302,-0.575524793,-0.566014404,-0.580871415,-0.722271087,-0.694086966,-0.539863507,-0.620909589,-0.586754322,-0.595734443,-0.527245111,-0.615455589,-0.598100541,-0.645862482,0.986897991,0.996393145,0.995976077,0.997460619,0.997297634,0.994469892,0.984963838,0.98111132,0.977409086,0.95396503,0.940084497,0.878830173,0.856059061,0.743348864,0.736160067,0.987668487,0.994357719,0.996833717,0.995222789,0.997352228,0.994416722,0.986893191,0.984002026,0.977358703,0.961839715,0.923477486,0.906261996,0.87545919,0.863634651,0.77561908,0.993340197,0.997888465,0.998989865,0.999617696,0.998793407,0.997479664,0.990445808,0.982835249,0.963354154,0.961503223,0.923661896,0.86083802,0.804028814,0.782943333,0.413713289,-0.605436415,-0.56953696,-0.55129423,-0.57779513,-0.562979795,-0.537001682,-0.595341155,-0.558812834,-0.567801855,-0.543537551,-0.633630609,-0.590776149,-0.664050802,-0.616543149,-0.620937221,0.133076139,0.172701981,0.183283738,0.20422455,0.191482209,-0.081955312,0.240481664,0.251711325,0.286738653,0.295558567,0.321882985,0.342243661,0.369334923,0.389843924,0.445707566
0.975208571,0.990544026,0.994240826,0.995247999,0.996282938,0.993251198,0.991223289,0.98703797,0.980817818,0.962377076,0.938272553,0.922094235,0.88056295,0.831355764,0.748277106,0.972865044,0.991373695,0.995448364,0.995892989,0.995419884,0.995026798,0.992514716,0.986790892,0.974381031,0.962666114,0.936082975,0.934308977,0.865510593,0.823569004,0.657040778,0.980915954,0.995267159,0.996986311,0.999356587,1,0.998767895,0.996677346,0.990558631,0.984910658,0.959546324,0.953275475,0.912039678,0.84052516,0.84994178,0.638331279,-0.737448803,-0.524331203,-0.626315456,-0.520428576,-0.571968446,-0.585899383,-0.582835996,-0.631024247,-0.550915469,-0.632918044,-0.572717729,-0.599923789,-0.608718816,-0.639995944,-0.552602353,0.985699288,0.989483156,0.993252303,0.993438862,0.997026825,0.992190336,0.991182964,0.985880749,0.975722299,0.975725121,0.942644859,0.896014573,0.874637108,0.889717254,0.708708882,0.97800618,0.992653402,0.995058055,0.995274329,0.996212969,0.987333562,0.992050453,0.988048513,0.973259791,0.965046705,0.949403734,0.905761692,0.856361519,0.830375614,0.790179596,0.980441228,0.993656754,0.996843943,0.998861971,0.998986198,0.998666917,0.99633777,0.985789601,0.976795122,0.965273884,0.952503661,0.90560635,0.76365087,0.694258396,0.640689471,-0.530355124,-0.55145578,-0.53193773,-0.509650768,-0.570608601,-0.610818396,-0.547056509,-0.605160282,-0.553668689,-0.62024921,-0.586110276,-0.62212053,-0.597784296,-0.636863815,-0.671237291,-0.013787493,0.117819564,0.143518384,0.153192865,0.221825,-0.0268485,0.188410618,0.20683136,0.246866667,0.258925007,0.259069231,0.304198591,0.277395432,0.319487415,0.354170014
0.971406965,0.984987113,0.985016674,0.994040432,0.993270774,0.99367702,0.984231505,0.988692874,0.984385849,0.950051232,0.946751957,0.953362856,0.809503174,0.779326097,0.735103193,0.973624199,0.978319102,0.99048919,0.990938005,0.994129704,0.996695997,0.992792154,0.989332053,0.975560126,0.953596444,0.955643646,0.917540738,0.90979395,0.864124492,0.80433453,0.979667825,0.987679786,0.992773767,0.997400142,0.998767895,1,0.998735699,0.996488319,0.991803276,0.969282571,0.947494539,0.893900115,0.883688352,0.782421704,0.693344127,-0.597897946,-0.600451603,-0.557325967,-0.492049955,-0.567811302,-0.637744525,-0.624763497,-0.539087846,-0.523639534,-0.608724315,-0.619394422,-0.591021464,-0.69535676,-0.539656221,-0.722769045,0.973358744,0.987892504,0.988007387,0.991977142,0.993986463,0.994015639,0.989055429,0.984373904,0.980052731,0.977616403,0.94495758,0.945754728,0.879409807,0.832367251,0.724511541,0.975380004,0.980550067,0.984957828,0.992054915,0.996104857,0.993103574,0.994618327,0.989720659,0.982070411,0.973170897,0.961122544,0.911710909,0.893210725,0.85302597,0.776923169,0.979591278,0.987816101,0.992563984,0.996355427,0.998264004,0.99951876,0.998456398,0.994140299,0.986597324,0.950219408,0.919136573,0.906968074,0.878576747,0.797741261,0.665291529,-0.557006985,-0.486837888,-0.617268806,-0.58968615,-0.566694938,-0.61221009,-0.785192014,-0.619653897,-0.621307983,-0.606472567,-0.60808761,-0.690231402,-0.62135433,-0.641776355,-0.581534311,0.088781174,0.089507136,0.229620596,0.18397573,0.195295815,0.187935392,0.164319085,0.275112326,0.260896454,0.231338313,0.228070337,0.248244504,0.299594793,0.327571597,0.318069865
0.975515335,0.967240718,0.985026668,0.984964286,0.988408604,0.994599041,0.987922048,0.990193361,0.984662618,0.981435558,0.960060256,0.945125541,0.834380935,0.844017753,0.755465422,0.970931122,0.965436865,0.982350986,0.985051583,0.991213851,0.990617246,0.991674417,0.990903104,0.982106306,0.984336424,0.960994928,0.934534153,0.929214085,0.869144139,0.77358856,0.979152725,0.973553104,0.988401229,0.992805882,0.996677346,0.998735699,1,0.998837347,0.991824502,0.987945554,0.968923614,0.954771208,0.909505612,0.810060065,0.782048805,-0.566873988,-0.622390961,-0.596281238,-0.599905409,-0.620476189,-0.599136526,-0.561299981,-0.584822525,-0.592405938,-0.61973073,-0.709707012,-0.655695141,-0.692624833,-0.655442056,-0.64450401,0.957963128,0.964931229,0.977973766,0.983390139,0.988963483,0.990895065,0.991541007,0.991830981,0.976534894,0.961723952,0.960580486,0.9575457,0.892164939,0.824750048,0.791314779,0.973491812,0.967388831,0.980197337,0.981460439,0.988279739,0.991075729,0.993173006,0.987551351,0.986348073,0.989643854,0.967563558,0.930841167,0.920626769,0.86947893,0.842458146,0.980632671,0.971299247,0.988938709,0.990335044,0.994626309,0.998180743,0.998843859,0.998689924,0.99316516,0.980062993,0.954351887,0.944800831,0.886121396,0.827802165,0.640561476,-0.590033233,-0.585300189,-0.601136612,-0.694733898,-0.577005201,-0.621821888,-0.608945121,-0.64048141,-0.733178519,-0.622298735,-0.629054734,-0.616247686,-0.602446566,-0.670086358,-0.65438703,0.123354709,0.053502939,0.147762379,0.15095539,0.361831688,0.163442985,0.312654557,0.221176,0.312217179,0.324817242,0.194548472,0.34064072,0.329287081,0.320953648,0.44525162
0.951066021,0.956501751,0.95901479,0.975838841,0.988574272,0.981668951,0.982519525,0.98533579,0.987867034,0.981100791,0.965410736,0.953572002,0.910156094,0.862362499,0.744556646,0.963815212,0.956038407,0.972940276,0.987552807,0.976651619,0.986157802,0.98234495,0.983013445,0.993710049,0.978549187,0.970347325,0.917918893,0.920049145,0.886263388,0.80362508,0.963751916,0.964293473,0.979309681,0.983375571,0.990558631,0.996488319,0.998837347,1,0.997652611,0.988641242,0.982723619,0.974740281,0.914086016,0.862677924,0.762808296,-0.599199362,-0.633517013,-0.614949768,-0.642962208,-0.647596087,-0.663816852,-0.638250534,-0.740013748,-0.690116137,-0.715588394,-0.685063697,-0.618782789,-0.71864965,-0.691100296,-0.679453459,0.951799449,0.962309624,0.966859598,0.971379866,0.984977171,0.983051791,0.985903513,0.989282612,0.97722384,0.966593226,0.970222438,0.957227201,0.932855225,0.843185609,0.805528676,0.967292136,0.958335838,0.978606121,0.97378933,0.977252552,0.980906734,0.988867147,0.988193958,0.984403212,0.979479467,0.972786924,0.959383347,0.919561736,0.881756714,0.820556137,0.968858544,0.961726242,0.9793914,0.988468295,0.993680089,0.993300094,0.996696822,0.998317484,0.998201221,0.983675205,0.972203545,0.954668921,0.88454832,0.832826603,0.66959611,-0.618999417,-0.594831498,-0.63617981,-0.63940458,-0.639436197,-0.663493793,-0.65953496,-0.615792876,-0.567801707,-0.71674522,-0.602792013,-0.666197057,-0.728934053,-0.773095276,-0.65188727,0.154575446,0.150002694,0.252909024,0.162074856,0.279206036,0.285769801,0.175070344,0.228080526,0.269983641,0.335944988,0.29130703,0.348985036,0.338951662,0.320546298,0.341996241
0.950586896,0.956779897,0.946783589,0.958426062,0.965841966,0.978160249,0.968026596,0.986332113,0.97966314,0.972753831,0.965903656,0.955838954,0.921064596,0.862362257,0.828449288,0.917916507,0.930801901,0.945479638,0.949822502,0.961761395,0.969756466,0.982481468,0.981561938,0.986435978,0.981772172,0.968162261,0.950012174,0.941801358,0.918872317,0.850232626,0.952247277,0.958242895,0.960623026,0.977031975,0.984910658,0.991803276,0.991824502,0.997652611,1,0.997134108,0.990212837,0.952392637,0.956694725,0.882804749,0.781273156,-0.648032,-0.645023611,-0.662742895,-0.544590779,-0.578740654,-0.606702265,-0.6618737,-0.688535135,-0.663979679,-0.612180676,-0.691759164,-0.737081465,-0.742291697,-0.662117821,-0.751012061,0.937523802,0.9358579,0.944881678,0.959871546,0.956893679,0.968214671,0.97222681,0.976511851,0.960187004,0.979879936,0.960670543,0.964221943,0.934583209,0.911755792,0.866102995,0.945602909,0.948191529,0.945602348,0.953293103,0.954236902,0.973275951,0.973713671,0.98280052,0.983422774,0.978996165,0.981608795,0.963203222,0.918049646,0.84382778,0.812953369,0.941348918,0.95731967,0.958496691,0.959451507,0.977938391,0.988558054,0.993497448,0.995592534,0.99832904,0.992645823,0.981398432,0.947061204,0.931906008,0.825919949,0.694212688,-0.640922812,-0.678656246,-0.64519935,-0.585075799,-0.671545552,-0.656590366,-0.631436154,-0.693498298,-0.802475018,-0.624185449,-0.680576172,-0.733365685,-0.695648513,-0.739309512,-0.645371223,0.165159889,0.165310049,0.242459787,0.147264362,0.262945902,0.360261953,0.069834103,0.338404488,0.223408358,0.290383934,0.313587808,0.291823619,0.286663969,0.328557515,0.340281165
0.87184025,0.895863543,0.947977317,0.934767626,0.948813337,0.961674078,0.982578102,0.970441561,0.971205699,0.959390733,0.962648516,0.953503021,0.932247569,0.90851967,0.816121107,0.909938081,0.919310819,0.94216151,0.935547121,0.946967002,0.948654739,0.963503014,0.973369645,0.971095215,0.980341752,0.975993686,0.954151282,0.935503213,0.8781876,0.905580421,0.926199506,0.934392298,0.954977289,0.951073825,0.959546324,0.969282571,0.987945554,0.988641242,0.997134108,1,0.996191779,0.983591978,0.957716414,0.92861031,0.821654628,-0.515759714,-0.667645744,-0.638587881,-0.670133036,-0.723981682,-0.688245944,-0.727339617,-0.694641809,-0.641979782,-0.715568402,-0.726122466,-0.743530294,-0.79444277,-0.750307899,-0.693180156,0.901796706,0.917519276,0.923441636,0.934754686,0.948887558,0.959907873,0.981700317,0.984269389,0.978151387,0.978083886,0.971091464,0.960176756,0.944797106,0.891815124,0.900925751,0.895809821,0.924413654,0.946505132,0.936525775,0.959000893,0.967213348,0.970774919,0.961950591,0.971325519,0.974642558,0.973380907,0.951796356,0.950911031,0.910810816,0.903805279,0.903481398,0.945891899,0.928322101,0.958975107,0.960797745,0.975620869,0.981202091,0.98960233,0.994676292,0.996923302,0.992698273,0.974726093,0.967908098,0.861030233,0.79109999,-0.631240329,-0.626085112,-0.629710589,-0.59732195,-0.67665247,-0.686632561,-0.686155345,-0.777247486,-0.666094316,-0.660931441,-0.664628689,-0.767732737,-0.785134807,-0.682253675,-0.737565545,0.132753017,0.075138608,0.110569705,0.168663933,0.247088879,0.203935644,0.262453511,0.252147409,0.318587675,0.279843893,0.319271973,0.242545081,0.325886405,0.248075731,0.349001272
0.856072908,0.88062611,0.897325753,0.909208443,0.921106315,0.929854139,0.94812453,0.943548318,0.934251079,0.970500991,0.96376876,0.949125821,0.913910314,0.932556016,0.899795314,0.872249272,0.894282969,0.910929401,0.919359107,0.89875231,0.930101918,0.921637252,0.950209958,0.930038783,0.954617213,0.95209526,0.942262289,0.928388489,0.891733654,0.857129813,0.88367746,0.898786324,0.910998313,0.932563199,0.953275475,0.947494539,0.968923614,0.982723619,0.990212837,0.996191779,1,0.992252487,0.968548856,0.943010085,0.878997821,-0.62857526,-0.635165931,-0.699258714,-0.655101442,-0.79966139,-0.612829402,-0.705996672,-0.722023652,-0.735001864,-0.740059075,-0.778085999,-0.73948915,-0.801624112,-0.776649066,-0.781499177,0.876527524,0.626799032,0.914386303,0.886454062,0.910761588,0.931296635,0.954082392,0.941909673,0.947093841,0.938288762,0.977454428,0.95382557,0.939190369,0.823568276,0.794070488,0.879260222,0.88627799,0.890891732,0.890807445,0.928640928,0.933766767,0.937358383,0.95133322,0.95454805,0.96759241,0.966754565,0.966236084,0.899574277,0.91702841,0.861752242,0.87928465,0.893530658,0.923232913,0.923861858,0.93472331,0.956976008,0.960393606,0.982998526,0.98367267,0.989374639,0.99583328,0.984723584,0.955290433,0.861851402,0.872879854,-0.656640869,-0.619084966,-0.599919525,-0.712949314,-0.691285002,-0.68753758,-0.709344719,-0.80307502,-0.67281418,-0.754174472,-0.648125034,-0.787285033,-0.88426402,-0.919168301,-0.769566579,0.09952434,0.209112571,0.280836075,0.156280244,0.221224192,0.187083363,0.259910358,0.205143331,0.255416183,0.316698914,0.110293996,0.29603652,0.279407541,0.327922725,0.29011006
0.819374477,0.672467468,0.865684307,0.867958883,0.882749161,0.896117762,0.909076129,0.898618395,0.918839916,0.922368379,0.946054756,0.953342544,0.918651589,0.90394009,0.850713192,0.849920347,0.842175248,0.847114796,0.851725985,0.880180016,0.882773143,0.921060491,0.917741873,0.933167462,0.942699283,0.940063074,0.9341374,0.948592177,0.925239548,0.898276162,0.848126644,0.824845395,0.864392179,0.862848475,0.912039678,0.893900115,0.954771208,0.974740281,0.952392637,0.983591978,0.992252487,1,0.992129907,0.976685061,0.892672119,-0.684906889,-0.715009997,-0.730516919,-0.714466875,-0.746896696,-0.740316746,-0.74895362,-0.813437736,-0.794588465,-0.792606148,-0.768148153,-0.79560147,-0.727403942,-0.795928782,-0.78615887,0.823268454,0.743589771,0.851793836,0.861993074,0.868976801,0.872417011,0.852509131,0.925214895,0.916936695,0.916046541,0.925471293,0.946992409,0.925533103,0.906027537,0.882571587,0.902206683,0.866938582,0.869371911,0.828773692,0.915279366,0.881335606,0.882413486,0.92394089,0.915868053,0.934614953,0.956163643,0.955294761,0.934663969,0.943915489,0.892346229,0.825760709,0.890004343,0.898800741,0.908327791,0.905241166,0.90013224,0.950579482,0.964631377,0.965872268,0.980953243,0.991013858,0.990369996,0.982359686,0.948190796,0.80856466,-0.678536232,-0.715204422,-0.746686028,-0.560588314,-0.712729858,-0.683426472,-0.729688411,-0.692945572,-0.787737541,-0.674224917,-0.742712064,-0.820030171,-0.764488022,-0.772499356,-0.79320446,0.079590956,0.094252512,0.098683846,0.086135809,0.146019279,0.133715981,0.152117929,0.159039061,0.150593844,0.190898594,0.213401681,0.199245543,0.226272973,0.238428879,0.272879786
0.740815231,0.767219449,0.892704854,0.799496351,0.785758969,0.869856252,0.867444369,0.794374884,0.878146634,0.90713375,0.86758013,0.898336217,0.893384646,0.856150837,0.868809057,0.749875693,0.802231422,0.797916017,0.786616553,0.800440481,0.789933512,0.84398569,0.868097881,0.867675011,0.871378585,0.885040476,0.911942361,0.912382949,0.900206525,0.836601627,0.787001508,0.734031363,0.791144536,0.832143152,0.84052516,0.883688352,0.909505612,0.914086016,0.956694725,0.957716414,0.968548856,0.992129907,1,0.989636308,0.965344516,-0.689412877,-0.791019902,-0.711780583,-0.679295625,-0.417336185,-0.657782373,-0.71491574,-0.678025176,-0.832255231,-0.775297024,-0.735656036,-0.848113032,-0.767833839,-0.827065905,-0.794137345,0.757959169,0.802408309,0.779559853,0.817691563,0.819038598,0.879331123,0.915298213,0.86887022,0.881967251,0.901144695,0.895952249,0.901738694,0.898287396,0.875165787,0.851779319,0.705719978,0.800693803,0.785792646,0.835768775,0.821380286,0.813581506,0.8612992,0.891637866,0.868370436,0.897478764,0.92942581,0.912486602,0.920715609,0.859436117,0.837850724,0.741761681,0.805034633,0.797669487,0.792828271,0.796297391,0.840972137,0.895705302,0.942334156,0.922045273,0.932316695,0.96372369,0.984652802,0.986092261,0.970328422,0.933520699,-0.703261839,-0.708768255,-0.624698194,-0.690362019,-0.722062149,-0.764428,-0.756099503,-0.728876136,-0.725234337,-0.781364547,-0.762101579,-0.832270867,-0.758193357,-0.805850529,-0.814627364,0.102469749,0.056647691,0.03131317,7.33E-05,0.197547795,0.227790874,0.172338909,0.171764511,0.203286809,0.131609679,0.199311891,0.094578597,0.231014119,0.183935416,0.25537872
0.65644168,0.725346948,0.728411681,0.740417086,0.72198974,0.740260664,0.765692066,0.821678365,0.779009699,0.864738823,0.78056196,0.842832626,0.828541355,0.84809748,0.800898399,0.683976133,0.693436753,0.700449054,0.663835795,0.776870798,0.762998051,0.758199823,0.798612459,0.827406955,0.800154629,0.866646435,0.861978654,0.865562417,0.864374484,0.905958887,0.792513375,0.670093512,0.74021654,0.736227082,0.84994178,0.782421704,0.810060065,0.862677924,0.882804749,0.92861031,0.943010085,0.976685061,0.989636308,1,0.981373604,-0.663534075,-0.562329482,-0.73545176,-0.744833685,-0.722457906,-0.730829817,-0.720963237,-0.800626864,-0.738792176,-0.732236601,-0.820099172,-0.770541434,-0.795843545,-0.810939262,-0.758998358,0.60058368,0.751718127,0.73183452,0.744295269,0.665091108,0.747121212,0.729960253,0.811563834,0.772099279,0.798980122,0.791729866,0.860149887,0.817491573,0.858804077,0.800642192,0.848595791,0.701942258,0.723902052,0.728783753,0.744414295,0.73103385,0.822213257,0.785543469,0.920683165,0.818731711,0.860445486,0.814270716,0.869837064,0.794767784,0.857125054,0.566200596,0.741606449,0.772101636,0.66344268,0.788617183,0.849315489,0.80854698,0.860237394,0.887778193,0.915560836,0.938525221,0.968555048,0.981218489,0.978161945,0.952550599,-0.665654523,-0.830845152,-0.74893537,-0.69398992,-0.695710183,-0.716006794,-0.766939703,-0.760925152,-0.741942393,-0.740316514,-0.763758495,-0.816408801,-0.838460653,-0.780419969,-0.812185885,0.077387399,0.088229492,0.008395254,-0.0153314,-0.035378843,0.143459469,0.138213932,0.08519907,0.187802019,0.303979723,0.188368694,0.176458554,0.263671016,0.044714587,0.168826354
0.520316644,0.541632828,0.5688192,0.678815234,0.562473421,0.542195165,0.640593634,0.70172437,0.604468687,0.622289465,0.773085081,0.744838239,0.765716251,0.786557888,0.893764684,0.51582295,0.56543683,0.720650985,0.691532806,0.668680731,0.634488821,0.729623513,0.72392372,0.72317252,0.762843876,0.814423634,0.826098166,0.839509128,0.836721519,0.832557634,0.618919515,0.581991403,0.671696833,0.657224055,0.638331279,0.693344127,0.782048805,0.762808296,0.781273156,0.821654628,0.878997821,0.892672119,0.965344516,0.981373604,1,-0.666631987,-0.634342318,-0.601002921,-0.673382327,-0.73735379,-0.682561409,-0.718837313,-0.698511082,-0.734068445,-0.729510117,-0.780319718,-0.719694588,-0.779375491,-0.747434821,-0.860564739,0.569091953,0.613482312,0.422182547,0.676068163,0.751007791,0.587696961,0.721197051,0.67989893,0.767320588,0.656022236,0.687184878,0.832539707,0.829332252,0.67554567,0.734531222,0.58556403,0.592581021,0.552007823,0.635864186,0.638889237,0.577276578,0.640162279,0.677446154,0.720080006,0.704571255,0.764694335,0.755914648,0.707365643,0.793216282,0.798507054,0.571977327,0.719583386,0.645414423,0.578243666,0.70367891,0.690915624,0.707243926,0.744222209,0.731191785,0.795628947,0.921658407,0.917115919,0.932944994,0.973974795,0.983502761,-0.66609978,-0.672794996,-0.635860422,-0.657979238,-0.684354557,-0.602109211,-0.715390864,-0.701114303,-0.713723487,-0.834522844,-0.742408769,-0.770303772,-0.783957538,-0.81574868,-0.770031153,-0.049838637,0.017545462,-0.028992926,0.0033946,0.059969785,0.068417097,0.009123839,0.258555338,0.034301264,0.033002057,-0.072320647,0.128711995,0.025780679,-0.022444489,0.007433225
-0.425442342,-0.500773045,-0.544422466,-0.566435239,-0.494045721,-0.564589849,-0.623956321,-0.57220927,-0.638198758,-0.691056095,-0.635223694,-0.684495065,-0.634501264,-0.709011126,-0.660834702,-0.448001425,-0.50142742,-0.61658992,-0.526758974,-0.58731522,-0.573335909,-0.576285204,-0.581431995,-0.627500565,-0.644127581,-0.66955941,-0.673517176,-0.449021164,-0.691637557,-0.725614528,-0.500999853,-0.507668905,-0.529465788,-0.428075541,-0.737448803,-0.597897946,-0.566873988,-0.599199362,-0.648032,-0.515759714,-0.62857526,-0.684906889,-0.689412877,-0.663534075,-0.666631987,1,0.998391289,0.993250097,0.998049491,0.992849065,0.990168696,0.984888363,0.974582376,0.97264132,0.970291711,0.959023833,0.914401167,0.934056414,0.897984889,0.86481355,-0.540636347,-0.587382782,-0.765450042,-0.572522704,-0.478022664,-0.577166978,-0.567364057,-0.605767835,-0.523294165,-0.635042102,-0.651882768,-0.685762892,-0.686045221,-0.715754231,-0.765968158,-0.467532214,-0.522723014,-0.542125836,-0.520429498,-0.616737392,-0.57131355,-0.601271167,-0.605896417,-0.635036066,-0.626165868,-0.743301584,-0.678437531,-0.696878966,-0.684017547,-0.696876562,-0.492183052,-0.467427288,-0.511176315,-0.536813607,-0.524661861,-0.575768787,-0.565757281,-0.611906621,-0.61434065,-0.577439545,-0.701609323,-0.659708488,-0.703297104,-0.707264784,-0.626250459,1,0.997637063,0.992803515,0.998084295,0.993090037,0.989949406,0.940805671,0.974189413,0.974115069,0.96414167,0.956516393,0.948161236,0.922340116,0.896779653,0.874506101,0.110917021,0.123626056,0.086090675,0.204990328,0.025749482,0.137142448,0.195290094,0.041644982,0.077088151,0.110623465,0.078815782,0.066974286,0.070175399,-0.013357099,0.035999097
-0.548679665,-0.417689761,-0.517182949,-0.525683608,-0.556992673,-0.627514445,-0.55995802,-0.627180196,-0.707162065,-0.561257862,-0.697648909,-0.677038111,-0.723609347,-0.710615624,-0.696875587,-0.401041509,-0.546258608,-0.519330808,-0.514800941,-0.554858037,-0.501947615,-0.576273084,-0.58595346,-0.527939723,-0.629644412,-0.693804181,-0.678246027,-0.628711841,-0.717119737,-0.729307324,-0.490729692,-0.443481893,-0.541852797,-0.526613302,-0.524331203,-0.600451603,-0.622390961,-0.633517013,-0.645023611,-0.667645744,-0.635165931,-0.715009997,-0.791019902,-0.562329482,-0.634342318,0.998391289,1,0.998079855,0.991881332,0.996066291,0.993935743,0.99073627,0.987891612,0.978748471,0.973079425,0.957756631,0.94043054,0.928750465,0.897754185,0.670213349,-0.497363744,-0.570058392,-0.577338642,-0.199539943,-0.563026494,-0.535606005,-0.569207533,-0.628324058,-0.60014907,-0.637337203,-0.62688447,-0.659138318,-0.646583009,-0.672345265,-0.676234068,-0.574127524,-0.48211667,-0.513990059,-0.57375239,-0.697044432,-0.553423623,-0.588762649,-0.585498915,-0.513301121,-0.640862137,-0.671277306,-0.685432151,-0.707586869,-0.697956323,-0.70051126,-0.502631839,-0.428025386,-0.498485942,-0.553618437,-0.576012082,-0.53712763,-0.60556706,-0.605802721,-0.677681846,-0.66512374,-0.705659707,-0.727608018,-0.712768146,-0.71472078,-0.637102432,0.99832239,1,0.998409249,0.992303821,0.995694759,0.991910657,0.98859401,0.985136878,0.978530666,0.974614012,0.967583143,0.947942066,0.929895849,0.913067819,0.88418665,0.108152904,0.067467367,0.033034237,0.059712924,0.163880479,0.069040575,0.035830372,0.046231762,0.082075562,0.033695676,0.090137769,0.037509303,0.029030212,0.045474438,0.080847992
-0.480572343,-0.403739114,-0.546453518,-0.594412908,-0.600052731,-0.5360839,-0.545870613,-0.626455002,-0.661199307,-0.652769795,-0.643193467,-0.67379466,-0.780830562,-0.714354351,-0.723742905,-0.49551187,-0.470904427,-0.475802065,-0.56595771,-0.5251659,-0.57876524,-0.616822137,-0.73752334,-0.624134706,-0.671339751,-0.690254831,-0.630919317,-0.755369774,-0.732900595,-0.689105238,-0.561675507,-0.593704515,-0.559284118,-0.575524793,-0.626315456,-0.557325967,-0.596281238,-0.614949768,-0.662742895,-0.638587881,-0.699258714,-0.730516919,-0.711780583,-0.73545176,-0.601002921,0.993250097,0.998079855,1,0.99682566,0.993045386,0.9957425,0.991472291,0.989907676,0.986631832,0.977538271,0.968625462,0.945400991,0.931779489,0.92171892,0.899043094,-0.483650293,-0.664723328,-0.503599241,-0.514024248,-0.596826799,-0.590702745,-0.613373485,-0.644534282,-0.644201385,-0.65272095,-0.618012435,-0.691314384,-0.734535429,-0.70376787,-0.667346865,-0.489325367,-0.516230111,-0.510247713,-0.491595077,-0.510518664,-0.601080637,-0.57134464,-0.599601553,-0.600206908,-0.647514239,-0.634655016,-0.598299246,-0.681038768,-0.680054068,-0.658044064,-0.565529458,-0.512267351,-0.600580414,-0.527971996,-0.601598505,-0.505661148,-0.502538863,-0.615626071,-0.672011277,-0.714132235,-0.784424615,-0.759026885,-0.705546944,-0.735327246,-0.660693827,0.992810223,0.997080407,1,0.997861886,0.991767327,0.996496851,0.992320389,0.986616437,0.98428518,0.974670241,0.963156793,0.945279361,0.929521323,0.906015605,0.866007903,0.089652707,0.14375745,0.102121192,0.159182139,0.111105027,0.061061113,0.063156408,0.051444005,0.063959114,0.085852053,0.060548474,0.085471003,0.094563206,0.033709389,0.073126924
-0.503379385,-0.531472119,-0.549357588,-0.565072878,-0.569003491,-0.645357473,-0.558090389,-0.624100864,-0.594940682,-0.759856696,-0.701199342,-0.704102226,-0.693934111,-0.734520326,-0.704712287,-0.485824711,-0.701878606,-0.611125361,-0.552019557,-0.513112504,-0.563098266,-0.583986334,-0.605095513,-0.638318119,-0.671198242,-0.643543957,-0.72077205,-0.723978239,-0.647147011,-0.787487641,-0.523749518,-0.48226379,-0.543263978,-0.566014404,-0.520428576,-0.492049955,-0.599905409,-0.642962208,-0.544590779,-0.670133036,-0.655101442,-0.714466875,-0.679295625,-0.744833685,-0.673382327,0.998049491,0.991881332,0.99682566,1,0.996411827,0.985091467,0.989927968,0.991841094,0.9876085,0.981887391,0.968886262,0.954656655,0.940451962,0.892152497,0.912804288,-0.51811264,-0.554877587,-0.479560772,-0.531026811,-0.5099656,-0.599372982,-0.600509498,-0.616879831,-0.66062523,-0.625916841,-0.649233026,-0.565365158,-0.695796464,-0.677630141,-0.62419226,-0.48330057,-0.508302201,-0.530931314,-0.644680091,-0.567372619,-0.609073567,-0.609169028,-0.727300604,-0.628730906,-0.660318911,-0.673010237,-0.766994606,-0.705065447,-0.683097672,-0.759929239,-0.500179132,-0.544713329,-0.527029683,-0.574450337,-0.585246199,-0.597865267,-0.634054301,-0.645517282,-0.709143553,-0.666366922,-0.66609363,-0.712248128,-0.727941431,-0.712621582,-0.660111282,0.997766518,0.993748251,0.993008107,1,0.996329264,0.990345146,0.967753604,0.990264793,0.987908481,0.97886852,0.970453178,0.964399712,0.938379713,0.920401561,0.904778366,0.062263058,0.105412991,0.095545495,0.058191502,0.087418978,0.080346664,0.039382356,0.088636673,0.024451733,0.07440149,0.037360865,0.003092202,0.051775108,0.030898137,0.018935327
-0.538878562,-0.514588485,-0.526700283,-0.545111854,-0.424322677,-0.587175454,-0.656953777,-0.609392948,-0.615181982,-0.560500408,-0.684729943,-0.736153667,-0.745798996,-0.597648149,-0.734073087,-0.516989644,-0.551580931,-0.584921258,-0.570783531,-0.596379431,-0.61499803,-0.605759953,-0.616317372,-0.66388265,-0.642189161,-0.695137161,-0.727114742,-0.74369774,-0.743652202,-0.775714357,-0.519805215,-0.510838203,-0.525954225,-0.580871415,-0.571968446,-0.567811302,-0.620476189,-0.647596087,-0.578740654,-0.723981682,-0.79966139,-0.746896696,-0.417336185,-0.722457906,-0.73735379,0.992849065,0.996066291,0.993045386,0.996411827,1,0.99708453,0.994544381,0.985832068,0.983656275,0.979321155,0.974542812,0.966538108,0.951564717,0.927170563,0.928802884,-0.531666615,-0.527229067,-0.530921817,-0.533666711,-0.591993108,-0.559099396,-0.634288648,-0.585452003,-0.667080356,-0.629922432,-0.707951606,-0.708419076,-0.512595279,-0.687763893,-0.615990961,-0.513956628,-0.344962219,-0.545777917,-0.552219177,-0.598230184,-0.617705529,-0.600713321,-0.634415071,-0.656703672,-0.716203601,-0.68058062,-0.720182105,-0.760441136,-0.750185374,-0.746947574,-0.507369405,-0.496305079,-0.582437304,-0.572463059,-0.62714161,-0.577653466,-0.675724203,-0.680812549,-0.520455164,-0.719705255,-0.635302465,-0.77412989,-0.732074241,-0.708326675,-0.629563601,0.991490411,0.996542954,0.992226299,0.995644157,1,0.997358918,0.992638854,0.984623334,0.96685228,0.977822968,0.98169402,0.964969403,0.94852237,0.88939169,0.928292601,0.062537916,0.096707253,0.119987396,0.025481021,0.086361394,0.020394824,0.073009972,0.020251682,0.076503814,0.090832746,0.073016993,0.02704608,0.100257354,0.044199299,0.033024955
-0.503160447,-0.633539397,-0.542121947,-0.530404998,-0.583472245,-0.572053042,-0.605524655,-0.623811855,-0.662940597,-0.675074909,-0.685253267,-0.784386577,-0.73775289,-0.736568062,-0.723187777,-0.527771404,-0.510380788,-0.517718933,-0.536544386,-0.604574667,-0.574044304,-0.613490295,-0.620811542,-0.687957593,-0.649115092,-0.72966297,-0.671913407,-0.712272542,-0.726353289,-0.772676756,-0.491048671,-0.507709228,-0.645183507,-0.722271087,-0.585899383,-0.637744525,-0.599136526,-0.663816852,-0.606702265,-0.688245944,-0.612829402,-0.740316746,-0.657782373,-0.730829817,-0.682561409,0.990168696,0.993935743,0.9957425,0.985091467,0.99708453,1,0.999168698,0.988823824,0.980817249,0.977912961,0.977629418,0.969046059,0.95475473,0.932987342,0.913516826,-0.502637896,-0.529637965,-0.54850165,-0.547516214,-0.552676497,-0.55348277,-0.627639646,-0.619666564,-0.666934304,-0.689583525,-0.720152178,-0.70719507,-0.695232201,-0.739415758,-0.759533249,-0.636093217,-0.583918867,-0.566091208,-0.543769223,-0.548705283,-0.599533328,-0.49044679,-0.602114036,-0.672834582,-0.667791559,-0.747568545,-0.709198997,-0.739091642,-0.770574704,-0.809355555,-0.51426843,-0.572004235,-0.509987222,-0.587697045,-0.583759158,-0.610721056,-0.627771166,-0.664551194,-0.682399596,-0.699885506,-0.687495866,-0.714737034,-0.747321236,-0.722006668,-0.682192517,0.991298725,0.992785247,0.996379511,0.990182737,0.9977494,1,0.999604612,0.990805916,0.984591862,0.979486458,0.978650368,0.972108652,0.952964541,0.949758615,0.949796625,-0.031607005,-0.195580113,0.044042047,0.07586462,0.086129299,0.090860219,0.068436852,0.077850462,0.072250099,0.055596461,-0.023306012,0.052534023,0.038775074,0.047124967,0.03799571
-0.505539774,-0.507052647,-0.517714179,-0.539017772,-0.569766768,-0.743010706,-0.604872756,-0.642049223,-0.720676466,-0.667264989,-0.777632344,-0.842614337,-0.762397009,-0.746112769,-0.738197318,-0.499123232,-0.489753541,-0.512665027,-0.543869138,-0.509504056,-0.588885277,-0.625515573,-0.647950681,-0.632615879,-0.716014575,-0.698312623,-0.757346375,-0.765681065,-0.737752473,-0.755357982,-0.539436606,-0.515365866,-0.573269871,-0.694086966,-0.582835996,-0.624763497,-0.561299981,-0.638250534,-0.6618737,-0.727339617,-0.705996672,-0.74895362,-0.71491574,-0.720963237,-0.718837313,0.984888363,0.99073627,0.991472291,0.989927968,0.994544381,0.999168698,1,0.999141897,0.997772208,0.994241607,0.982691329,0.972066951,0.975409557,0.950721651,0.943419493,-0.589338687,-0.518611816,-0.506701249,-0.528007263,-0.564882404,-0.569618736,-0.648069604,-0.640152523,-0.648754225,-0.679038344,-0.713494266,-0.739280274,-0.715015487,-0.716366927,-0.761376228,-0.538968499,-0.574040126,-0.649099875,-0.569095966,-0.467512743,-0.628512739,-0.613551797,-0.630263163,-0.660841978,-0.651219983,-0.722557681,-0.734545695,-0.769236036,-0.76363214,-0.75974187,-0.518206998,-0.573605476,-0.472529403,-0.524303311,-0.559212155,-0.657493109,-0.62990101,-0.65386661,-0.684576023,-0.793479825,-0.709436621,-0.733944151,-0.78286407,-0.717434564,-0.701182318,0.98703835,0.989169792,0.992145834,0.987470592,0.992354202,0.999605485,1,0.999205117,0.998406118,0.989963727,0.980065708,0.97353626,0.969509647,0.95240347,0.930574425,0.065294387,0.079513828,0.097127393,0.113182408,0.053373607,0.060211198,0.06305926,0.061270701,0.055154717,0.071951283,0.052630172,0.04352511,0.028734599,0.029591655,0.025461964
-0.545252852,-0.547940308,-0.622012995,-0.586823846,-0.612585626,-0.69403478,-0.630987577,-0.62101049,-0.697449636,-0.705862504,-0.75744389,-0.756301885,-0.801385958,-0.712901375,-0.736384545,-0.506593455,-0.528047347,-0.536362191,-0.583979333,-0.563857794,-0.602107299,-0.667066091,-0.767899503,-0.698980453,-0.698925234,-0.76446181,-0.7297638,-0.762159459,-0.736004751,-0.777569147,-0.53624338,-0.538306491,-0.568407123,-0.539863507,-0.631024247,-0.539087846,-0.584822525,-0.740013748,-0.688535135,-0.694641809,-0.722023652,-0.813437736,-0.678025176,-0.800626864,-0.698511082,0.974582376,0.987891612,0.989907676,0.991841094,0.985832068,0.988823824,0.999141897,1,0.999049595,0.996703093,0.992608419,0.987391983,0.971071655,0.958844737,0.940115035,-0.489688653,-0.45685114,-0.564622811,-0.559442448,-0.548676334,-0.554688709,-0.551909861,-0.670805186,-0.639181531,-0.689765033,-0.708701264,-0.705051206,-0.7480438,-0.713627217,-0.709571286,-0.48466196,-0.585136103,-0.510394695,-0.531531757,-0.653478273,-0.621383375,-0.650245546,-0.605338389,-0.661309718,-0.661367156,-0.674087787,-0.708480907,-0.767999435,-0.699893885,-0.767072431,-0.522976025,-0.552789875,-0.618885036,-0.592513629,-0.577217799,-0.60863094,-0.594181466,-0.662991704,-0.665669351,-0.694327401,-0.733376043,-0.802385186,-0.760136545,-0.727006837,-0.741790069,0.969411712,0.990726248,0.986650455,0.991745994,0.984173742,0.993550456,0.999233692,1,0.999085164,0.998462956,0.994060712,0.987505972,0.968692089,0.953504016,0.937781579,0.068509471,0.090390624,0.077968357,0.079534287,0.094907216,0.090758773,0.077870332,0.102195073,0.04003693,0.068856653,0.070976499,0.06812325,0.083046834,0.028642154,0.03886912
-0.526103266,-0.641695638,-0.569749798,-0.540653866,-0.578870855,-0.632522058,-0.660965757,-0.624479822,-0.656672949,-0.695111007,-0.708590152,-0.727476342,-0.764378118,-0.720051724,-0.769795622,-0.487892892,-0.545268462,-0.546606284,-0.693241952,-0.559780397,-0.57757796,-0.554334967,-0.626059249,-0.590759269,-0.674649429,-0.690231346,-0.737672046,-0.768138256,-0.745319999,-0.801542202,-0.543508467,-0.571856708,-0.574741233,-0.620909589,-0.550915469,-0.523639534,-0.592405938,-0.690116137,-0.663979679,-0.641979782,-0.735001864,-0.794588465,-0.832255231,-0.738792176,-0.734068445,0.97264132,0.978748471,0.986631832,0.9876085,0.983656275,0.980817249,0.997772208,0.999049595,1,0.999172191,0.995151929,0.990940303,0.98311404,0.97548216,0.946777909,-0.527785047,-0.554699985,-0.496127361,-0.611720312,-0.61203876,-0.613981717,-0.621277491,-0.731660487,-0.69091404,-0.453936598,-0.678861193,-0.699795461,-0.757620982,-0.752599728,-0.724753188,-0.526695275,-0.547263978,-0.567568452,-0.558548813,-0.58007245,-0.605661157,-0.657396752,-0.669209174,-0.657527511,-0.698661077,-0.701662017,-0.819124014,-0.750974636,-0.778938165,-0.718948546,-0.516022588,-0.558489999,-0.586938885,-0.562679807,-0.599179849,-0.610174043,-0.66746358,-0.659532649,-0.698853357,-0.690127034,-0.737279614,-0.778172161,-0.765937662,-0.770042879,-0.696690032,0.974019774,0.975866362,0.984115809,0.990325648,0.98780495,0.983745038,0.998175059,0.999177175,1,0.999172621,0.997143286,0.99332973,0.979431648,0.972132331,0.943596862,0.057560605,0.085349848,0.076604596,0.04539505,0.039269353,0.066615114,0.045986414,0.051246295,0.059026475,0.061121208,-0.012179214,0.049319188,0.010766778,0.040388349,0.010597528
-0.521304989,-0.595684614,-0.595532511,-0.580085843,-0.51872253,-0.602216549,-0.680507852,-0.641405001,-0.706499959,-0.696240779,-0.73288973,-0.606959099,-0.755717063,-0.788402694,-0.828370196,-0.524580389,-0.543653438,-0.55376923,-0.585452353,-0.543186327,-0.726834385,-0.587883792,-0.642358335,-0.648502416,-0.667085287,-0.736372769,-0.780604994,-0.768393793,-0.845899773,-0.795311583,-0.499038114,-0.541091619,-0.487239989,-0.586754322,-0.632918044,-0.608724315,-0.61973073,-0.715588394,-0.612180676,-0.715568402,-0.740059075,-0.792606148,-0.775297024,-0.732236601,-0.729510117,0.970291711,0.973079425,0.977538271,0.981887391,0.979321155,0.977912961,0.994241607,0.996703093,0.999172191,1,0.999268284,0.991791566,0.992145781,0.972092525,0.968891009,-0.447729435,-0.483761385,-0.564046425,-0.595543729,-0.635639038,-0.612558303,-0.567506941,-0.668838069,-0.628399752,-0.729999181,-0.680718019,-0.798887026,-0.751868288,-0.739360984,-0.741787306,-0.51927246,-0.54074861,-0.588817398,-0.599242116,-0.607348708,-0.591331715,-0.587104428,-0.639299465,-0.632812961,-0.691120686,-0.704646121,-0.697857124,-0.785980537,-0.778979508,-0.814953845,-0.560527378,-0.618495946,-0.494976036,-0.608913221,-0.596712726,-0.572506766,-0.618133339,-0.658885781,-0.721520864,-0.73703152,-0.768744626,-0.734130002,-0.761618125,-0.775652939,-0.754534045,0.969893328,0.971452839,0.97689084,0.975032603,0.982471923,0.979798358,0.992094638,0.997290718,0.999164764,1,0.999148541,0.996974884,0.987848616,0.977086731,0.951044991,0.045702138,0.059325834,0.055013423,0.064698797,0.067559865,0.050287181,0.05341644,0.038531463,0.019121318,0.036291931,-0.0135083,0.0428644,0.020699033,-0.076591139,-0.000719795
-0.429328327,-0.603898705,-0.592023041,-0.554108514,-0.551986384,-0.693542181,-0.549916063,-0.687726593,-0.666109409,-0.64146284,-0.720012216,-0.765595893,-0.826518956,-0.76718445,-0.793755589,-0.556224166,-0.554718484,-0.563894356,-0.613132133,-0.601202855,-0.616252048,-0.638354367,-0.657640521,-0.733618262,-0.722403762,-0.773746574,-0.774109295,-0.76230895,-0.799929432,-0.787590097,-0.554155386,-0.568662409,-0.57301508,-0.595734443,-0.572717729,-0.619394422,-0.709707012,-0.685063697,-0.691759164,-0.726122466,-0.778085999,-0.768148153,-0.735656036,-0.820099172,-0.780319718,0.959023833,0.957756631,0.968625462,0.968886262,0.974542812,0.977629418,0.982691329,0.992608419,0.995151929,0.999268284,1,0.999171106,0.99693818,0.985986029,0.97209726,-0.50863694,-0.503389435,-0.606261538,-0.639924361,-0.586719209,-0.584323016,-0.636869486,-0.713770868,-0.658595809,-0.697322219,-0.776966885,-0.746021948,-0.760765295,-0.705667303,-0.811854851,-0.575481551,-0.555870554,-0.650126754,-0.583694344,-0.617422941,-0.716714163,-0.637979434,-0.676006694,-0.677411337,-0.739324444,-0.702048751,-0.79592569,-0.735336614,-0.818318651,-0.664906773,-0.468955479,-0.716526025,-0.661962982,-0.618863277,-0.658266923,-0.613252708,-0.631036218,-0.737535811,-0.700503869,-0.731858297,-0.826856879,-0.82782775,-0.798305735,-0.75473629,-0.759818419,0.963065186,0.973467042,0.970989535,0.970897584,0.976905083,0.980293772,0.985089607,0.99402601,0.996098179,0.999012168,0,0.998867982,0.99331093,0.984271102,0.974501268,0.014960854,0.0516962,-0.013916856,0.186723876,0.085669432,0.085110485,0.03164477,0.146069569,0.025365939,0.1018132,0.040921609,0.014916729,0.010046107,0.036414991,0.001592933
-0.58245516,-0.526617106,-0.511041729,-0.64308028,-0.614709402,-0.674123657,-0.661128612,-0.63805462,-0.607138955,-0.660536582,-0.7797988,-0.791569343,-0.742479195,-0.755380956,-0.31103651,-0.555305884,-0.515920923,-0.586386787,-0.575886063,-0.541413862,-0.6530106,-0.622362211,-0.67122896,-0.772943387,-0.724081286,-0.765052991,-0.733867796,-0.839782811,-0.852299042,-0.825029178,-0.476985743,-0.581171389,-0.471860354,-0.527245111,-0.599923789,-0.591021464,-0.655695141,-0.618782789,-0.737081465,-0.743530294,-0.73948915,-0.79560147,-0.848113032,-0.770541434,-0.719694588,0.914401167,0.94043054,0.945400991,0.954656655,0.966538108,0.969046059,0.972066951,0.987391983,0.990940303,0.991791566,0.999171106,1,0.998234612,0.993525481,0.980170532,-0.554367644,-0.590098592,-0.530195818,-0.667614968,-0.658340386,-0.687917778,-0.658018339,-0.577796392,-0.66708049,-0.712496018,-0.701328969,-0.781093585,-0.784013682,-0.752623377,-0.749250565,-0.597757608,-0.530663751,-0.575586771,-0.567470381,-0.684762344,-0.639970321,-0.667366296,-0.659525218,-0.733773532,-0.708221457,-0.746819776,-0.777793293,-0.819867887,-0.831914799,-0.813497266,-0.61320543,-0.581992116,-0.521595118,-0.609016233,-0.663152983,-0.62212699,-0.64902656,-0.697476019,-0.711990209,-0.732144873,-0.772710847,-0.790426781,-0.799994136,-0.831494427,-0.689643767,0.944236377,0.944274666,0.952200458,0.947206432,0.972675837,0.969898613,0.971501953,0.985481943,0.992117488,0.995918541,0.998712966,1,0.998753355,0.993636476,0.978275224,0.082920103,0.077956407,0.085798525,0.092370489,0.055572867,0.061318544,0.08469432,0.023715703,0.01924476,0.015273425,0.058115894,0.016933362,0.091578469,-0.032136778,-0.020094576
-0.540063494,-0.553193139,-0.594459755,-0.581986648,-0.72550273,-0.652500751,-0.572411816,-0.705043064,-0.756442681,-0.711863354,-0.760273726,-0.764166215,-0.84347854,-0.818990491,-0.848746859,-0.486848346,-0.574728539,-0.612918365,-0.55420732,-0.560501485,-0.62871171,-0.754302084,-0.676797582,-0.760929101,-0.713293415,-0.751965566,-0.797144522,-0.83017553,-0.785035992,-0.766987144,-0.503872652,-0.503404793,-0.625639258,-0.615455589,-0.608718816,-0.69535676,-0.692624833,-0.71864965,-0.742291697,-0.79444277,-0.801624112,-0.727403942,-0.767833839,-0.795843545,-0.779375491,0.934056414,0.928750465,0.931779489,0.940451962,0.951564717,0.95475473,0.975409557,0.971071655,0.98311404,0.992145781,0.99693818,0.998234612,1,0.99774611,0.983761164,-0.542096661,-0.551561818,-0.524864873,-0.632240447,-0.590760262,-0.600440162,-0.636419155,-0.674632257,-0.647776278,-0.745684659,-0.710848993,-0.743655589,-0.755251181,-0.852381114,-0.78146501,-0.588868182,-0.480620498,-0.585542056,-0.763233576,-0.55128098,-0.664179109,-0.686617282,-0.638948479,-0.650655633,-0.743132159,-0.721899582,-0.787182324,-0.794864897,-0.688351591,-0.842474954,-0.411334957,-0.389330493,-0.587575015,-0.661353372,-0.465927257,-0.604130053,-0.635235587,-0.679459822,-0.71014461,-0.756616498,-0.850372279,-0.772220561,-0.886643106,-0.816578014,-0.784573732,0.918124701,0.914954546,0.93684489,0.941828858,0.946448925,0.962243416,0.971189936,0.972842404,0.984176641,0.988843704,0.994640017,0.998823819,1,0.997700095,0.987141638,-0.130582069,0.088121592,0.016633784,0.06160587,-0.05160625,0.06073434,0.006810791,0.002341292,0.007293759,0.019478269,0.032474886,-0.007484914,-0.025966506,0.029195365,-0.039909148
-0.539990317,-0.614542752,-0.659866468,-0.531798503,-0.607362817,-0.640690391,-0.685994452,-0.650679227,-0.679878512,-0.716696346,-0.730800183,-0.786251005,-0.829211274,-0.837306525,-0.775505809,-0.519719995,-0.547405705,-0.552741237,-0.606799235,-0.621229858,-0.65929238,-0.682163649,-0.653093013,-0.729943133,-0.744655793,-0.746112067,-0.726534011,-0.804989851,-0.853751379,-0.853003427,-0.513176794,-0.545764588,-0.551546857,-0.598100541,-0.639995944,-0.539656221,-0.655442056,-0.691100296,-0.662117821,-0.750307899,-0.776649066,-0.795928782,-0.827065905,-0.810939262,-0.747434821,0.897984889,0.897754185,0.92171892,0.892152497,0.927170563,0.932987342,0.950721651,0.958844737,0.97548216,0.972092525,0.985986029,0.993525481,0.99774611,1,0.995150768,-0.594715916,-0.556265936,-0.603316996,-0.529232287,-0.599992928,-0.613017318,-0.65934746,-0.708092432,-0.650480659,-0.724012066,-0.709750325,-0.736608507,-0.793315525,-0.800609523,-0.798866084,-0.528053477,-0.562933323,-0.584910776,-0.526495653,-0.626499799,-0.687287684,-0.69762215,-0.717270579,-0.715271706,-0.77414793,-0.817924236,-0.735083105,-0.852060065,-0.770924807,-0.842243697,-0.538171647,-0.556596448,-0.549228543,-0.50785755,-0.674807601,-0.640203986,-0.664438703,-0.720758059,-0.760984059,-0.730278404,-0.790951862,-0.807369156,-0.813578067,-0.90237343,-0.76630784,0.919182593,0.901203919,0.911527161,0.90751766,0.937317092,0.924114521,0.954171727,0.954546079,0.975044521,0.973529823,0.983349962,0.991016873,0.998262616,1,0.994689207,0.029054858,0.0770466,0.091179908,0.043511943,0.070320243,0.062226477,0.077213605,0.122824413,0.101250117,0.029305133,-0.01357798,0.104365893,0.023934672,-0.000858142,-0.015199525
-0.469609362,-0.57375329,-0.603230953,-0.586466114,-0.604135149,-0.643045333,-0.623050002,-0.627047358,-0.603516946,-0.681154365,-0.772712958,-0.695207119,-0.820363443,-0.803585191,-0.877949211,-0.526561368,-0.517328386,-0.585634366,-0.444030551,-0.631243412,-0.697365598,-0.679524046,-0.784144982,-0.722973004,-0.805413925,-0.749502512,-0.774071936,-0.858809211,-0.753359031,-0.86385489,-0.510296594,-0.667892052,-0.636249308,-0.645862482,-0.552602353,-0.722769045,-0.64450401,-0.679453459,-0.751012061,-0.693180156,-0.781499177,-0.78615887,-0.794137345,-0.758998358,-0.860564739,0.86481355,0.670213349,0.899043094,0.912804288,0.928802884,0.913516826,0.943419493,0.940115035,0.946777909,0.968891009,0.97209726,0.980170532,0.983761164,0.995150768,1,-0.548320924,-0.555305814,-0.440468683,-0.62783992,-0.590863614,-0.63076418,-0.66861785,-0.798375498,-0.561160158,-0.63152647,-0.764108898,-0.776785294,-0.812885192,-0.751222768,-0.810081158,-0.543917544,-0.509978943,-0.57550307,-0.494272487,-0.595308099,-0.612906004,-0.612879253,-0.730788177,-0.685600407,-0.789729745,-0.757100171,-0.703915531,-0.82905057,-0.801874911,-0.873784877,-0.542992816,-0.435566598,-0.714425857,-0.609483235,-0.631763869,-0.630900814,-0.704707563,-0.69875173,-0.70979876,-0.704286693,-0.779765912,-0.8252876,-0.749432407,-0.801276624,-0.773790336,0.858822162,0.893895273,0.875711669,0.913455325,0.900766668,0.924729603,0.92400981,0.931897482,0.960012481,0.980607744,0.967887181,0.983509777,0.993140499,0.995188438,1,0.079911477,0.037235152,0.084718728,0.039337162,0.122514865,0.04968467,0.046158109,0.07206367,-0.030187182,-0.00144771,0.053169525,-0.009540538,-0.015901863,-0.026261752,0.038284948
0.999947603,0.999289802,0.998326026,0.990864153,0.979688823,0.982680131,0.980167383,0.974492932,0.955355135,0.940688498,0.892325115,0.87551714,0.801557373,0.76670406,0.689399283,0.999794867,0.999208291,0.998017333,0.987904258,0.980740657,0.977449284,0.975193142,0.964243279,0.956892855,0.932965761,0.918238804,0.86625559,0.860205859,0.779553565,0.72530196,0.998668413,0.997787111,0.996724354,0.986897991,0.985699288,0.973358744,0.957963128,0.951799449,0.937523802,0.901796706,0.876527524,0.823268454,0.757959169,0.60058368,0.569091953,-0.540636347,-0.497363744,-0.483650293,-0.51811264,-0.531666615,-0.502637896,-0.589338687,-0.489688653,-0.527785047,-0.447729435,-0.50863694,-0.554367644,-0.542096661,-0.594715916,-0.548320924,1,0.999676574,0.998614112,0.996553739,0.980895737,0.982020181,0.978859721,0.977364467,0.95271611,0.942149083,0.915362999,0.875358927,0.721280599,0.803393837,0.723826873,0.999934648,0.999017467,0.997736121,0.993609109,0.97486853,0.978646965,0.978051808,0.973419377,0.938289457,0.939931173,0.92957195,0.883245351,0.789238106,0.859266483,0.729253745,0.999026989,0.997936266,0.995359387,0.980796595,0.98205369,0.983806311,0.966229495,0.948602529,0.903426718,0.912577077,0.892672211,0.813544346,0.799750102,0.699127299,0.529943141,-0.53937696,-0.545798201,-0.407308647,-0.482945892,-0.501464993,-0.518327366,-0.494781449,-0.420766632,-0.530451893,-0.510858365,-0.496745925,-0.444955392,-0.570559514,-0.54929096,-0.563646376,0.049370058,0.209314759,0.115822389,0.137824554,0.172103562,0.350408359,0.225053407,0.231626805,0.290472643,0.311121453,0.298903699,0.275538792,0.316625076,0.364927155,0.353540669
0.999379492,0.999857764,0.999405931,0.997782169,0.996531562,0.991421715,0.974432935,0.973326224,0.972320437,0.939782314,0.936738836,0.875416865,0.8620355,0.781287373,0.693288523,0.999428152,0.999820002,0.999015234,0.996312751,0.994169522,0.990765467,0.973122172,0.973228584,0.959928984,0.94104947,0.911939879,0.863192218,0.827990374,0.680545588,0.727073446,0.99819613,0.997618722,0.997571142,0.996393145,0.989483156,0.987892504,0.964931229,0.962309624,0.9358579,0.917519276,0.626799032,0.743589771,0.802408309,0.751718127,0.613482312,-0.587382782,-0.570058392,-0.664723328,-0.554877587,-0.527229067,-0.529637965,-0.518611816,-0.45685114,-0.554699985,-0.483761385,-0.503389435,-0.590098592,-0.551561818,-0.556265936,-0.555305814,0.999676574,1,0.999614878,0.998129765,0.995013312,0.992055227,0.974086109,0.975404639,0.960780411,0.936787721,0.925418988,0.896216176,0.951137064,0.777789341,0.631225364,0.999340722,0.999753992,0.99902883,0.997324798,0.992494301,0.988185389,0.973655531,0.965470073,0.967314612,0.951260999,0.931811181,0.912448946,0.821012105,0.780775115,0.748664922,0.998802692,0.997995888,0.996741448,0.995018703,0.991501173,0.981170371,0.965941695,0.96012666,0.959293792,0.911334375,0.879849338,0.844421752,0.760018888,0.705559885,0.744196631,-0.483826681,-0.590530213,-0.520079343,-0.522878493,-0.49765073,-0.517072565,-0.553232438,-0.521863611,-0.519645203,-0.611385706,-0.575662489,-0.561264598,-0.550826251,-0.637387789,-0.767072593,0.079950265,0.128277797,0.092395205,0.233182559,0.151711043,0.145584063,0.222323661,0.229514276,0.205357355,0.331596736,0.305384698,0.38578296,0.330534745,0.334988384,0.370921125
0.997957417,0.999360286,0.999542999,0.9994502,0.998626351,0.993520574,0.988373045,0.983446324,0.962553397,0.944995634,0.920971904,0.905939752,0.810943411,0.805158549,0.790831347,0.997506129,0.999224981,0.999154636,0.998338665,0.99756643,0.994175076,0.98709436,0.973936581,0.961713989,0.964356502,0.926586049,0.878007944,0.85558536,0.779315241,0.80202177,0.995661147,0.997879028,0.997504064,0.995976077,0.993252303,0.988007387,0.977973766,0.966859598,0.944881678,0.923441636,0.914386303,0.851793836,0.779559853,0.73183452,0.422182547,-0.765450042,-0.577338642,-0.503599241,-0.479560772,-0.530921817,-0.54850165,-0.506701249,-0.564622811,-0.496127361,-0.564046425,-0.606261538,-0.530195818,-0.524864873,-0.603316996,-0.440468683,0.998614112,0.999614878,1,0.999421768,0.998125269,0.990485754,0.988663785,0.97783498,0.966221423,0.952046198,0.928201475,0.911916469,0.827819915,0.855461535,0.775772929,0.997407276,0.999487109,0.999806477,0.998984622,0.997566648,0.994210437,0.98806531,0.97093735,0.958724231,0.964001363,0.911351387,0.908950968,0.909314118,0.87940473,0.718663142,0.99825694,0.99785293,0.996806519,0.995853018,0.992829408,0.985761661,0.984226384,0.97270837,0.954798363,0.931641355,0.907960839,0.814544833,0.802085588,0.684297433,0.696058741,-0.446560326,-0.452549113,-0.510613286,-0.551397889,-0.527357642,-0.578618097,-0.521482952,-0.575140436,-0.563584352,-0.556385175,-0.441487928,-0.497101483,-0.623663695,-0.568247308,-0.388904823,0.134638063,0.141163099,0.198209913,0.207517747,0.188696846,0.225533655,0.235543113,0.264124027,0.172535664,0.290441051,0.307191494,0.357398404,0.398321677,0.402927867,0.411881549
0.99460186,0.996860247,0.999048299,0.999554937,0.999159221,0.997590771,0.99295466,0.985568337,0.97245371,0.963611606,0.949624213,0.908536559,0.896319673,0.884335977,0.713117128,0.995640821,0.996761087,0.998842998,0.999353458,0.998026827,0.997203809,0.99253671,0.981828278,0.97061025,0.957361175,0.946450529,0.914136719,0.885130232,0.807387836,0.751773081,0.994833836,0.996525818,0.995785532,0.997460619,0.993438862,0.991977142,0.983390139,0.971379866,0.959871546,0.934754686,0.886454062,0.861993074,0.817691563,0.744295269,0.676068163,-0.572522704,-0.199539943,-0.514024248,-0.531026811,-0.533666711,-0.547516214,-0.528007263,-0.559442448,-0.611720312,-0.595543729,-0.639924361,-0.667614968,-0.632240447,-0.529232287,-0.62783992,0.996553739,0.998129765,0.999421768,1,0.999369036,0.997705356,0.993142059,0.989142363,0.971875578,0.962375122,0.943507441,0.929351776,0.807645335,0.765140618,0.802913237,0.994339866,0.996245841,0.999390856,0.999915722,0.99877607,0.996814349,0.99091532,0.96836166,0.963824515,0.956783401,0.932270753,0.896485869,0.856398005,0.851766672,0.695942857,0.991515335,0.996698044,0.997175773,0.996896895,0.995551144,0.993414081,0.985162124,0.971567374,0.953498434,0.938659687,0.880151551,0.885977627,0.769544533,0.682148785,0.665023294,-0.498038591,-0.587374377,-0.576104273,-0.562072065,-0.574257634,-0.535277625,-0.533730088,-0.55462161,-0.560468229,-0.541971941,-0.527076763,-0.551962906,-0.58842684,-0.625758487,-0.59016527,0.095629059,0.152346557,0.201109112,0.157433226,0.197701093,0.135827244,0.260063683,0.203545633,0.290456893,0.317110286,0.349421759,0.371558776,0.363166563,0.381261592,0.415620615
0.982335133,0.981976238,0.997513766,0.999146859,0.999017507,0.998743853,0.996980621,0.992705984,0.979379567,0.970367722,0.960363208,0.935177883,0.886488871,0.832936073,0.748613462,0.980729418,0.983016707,0.997211649,0.997130404,0.998759992,0.997733037,0.993642392,0.990417194,0.986442613,0.966097014,0.9466488,0.918314954,0.863580058,0.85423569,0.743986979,0.979395512,0.994036849,0.995860324,0.997297634,0.997026825,0.993986463,0.988963483,0.984977171,0.956893679,0.948887558,0.910761588,0.868976801,0.819038598,0.665091108,0.751007791,-0.478022664,-0.563026494,-0.596826799,-0.5099656,-0.591993108,-0.552676497,-0.564882404,-0.548676334,-0.61203876,-0.635639038,-0.586719209,-0.658340386,-0.590760262,-0.599992928,-0.590863614,0.980895737,0.995013312,0.998125269,0.999369036,1,0.999023037,0.996536857,0.993675708,0.981904801,0.970031182,0.956960991,0.930085328,0.898137957,0.800318194,0.702613585,0.982396698,0.995075192,0.996516806,0.998683995,0.999347073,0.998656317,0.992624036,0.990368525,0.97807333,0.965529248,0.946947512,0.923346404,0.926799616,0.821863995,0.764105826,0.980198584,0.993774884,0.994169455,0.995633609,0.995701815,0.99610486,0.986119373,0.978459322,0.970997464,0.935470934,0.911796964,0.866378132,0.89840246,0.76453086,0.558311054,-0.276551183,-0.564897963,-0.527446485,-0.507945868,-0.579442829,-0.588035553,-0.627549421,-0.580927654,-0.61761012,-0.595200222,-0.581620943,-0.556680351,-0.712799717,-0.46982889,-0.511310686,0.065493494,0.155831589,0.155450073,0.208023323,0.178953488,0.233767566,0.242561954,-0.004037141,0.24569312,0.234048313,0.280800455,0.302241025,0.326529456,0.34387882,0.331693264
0.981179607,0.991436968,0.997355341,0.997313972,0.999056226,0.999670665,0.998932939,0.994222243,0.98869881,0.981754374,0.954276438,0.950254235,0.891286484,0.835816678,0.791385499,0.982788483,0.988216007,0.992134607,0.997261748,0.998802496,0.998728692,0.995814251,0.991631045,0.97850379,0.973096402,0.956316963,0.924405068,0.855293525,0.853657921,0.716309927,0.97724914,0.986920315,0.989966681,0.994469892,0.992190336,0.994015639,0.990895065,0.983051791,0.968214671,0.959907873,0.931296635,0.872417011,0.879331123,0.747121212,0.587696961,-0.577166978,-0.535606005,-0.590702745,-0.599372982,-0.559099396,-0.55348277,-0.569618736,-0.554688709,-0.613981717,-0.612558303,-0.584323016,-0.687917778,-0.600440162,-0.613017318,-0.63076418,0.982020181,0.992055227,0.990485754,0.997705356,0.999023037,1,0.99860639,0.984824819,0.99115146,0.974237938,0.955427866,0.956161503,0.925417648,0.878554246,0.827789254,0.969953844,0.989705931,0.990341955,0.996518177,0.998583142,0.999868456,0.997078414,0.994912911,0.983508544,0.981619627,0.965397788,0.938412071,0.911920636,0.83726204,0.785357362,0.980849527,0.98285852,0.987319052,0.991735788,0.993624809,0.994336092,0.992331347,0.981363569,0.968920496,0.953301122,0.935060057,0.877232039,0.830284578,0.777390243,0.61095127,-0.546107867,-0.369085969,-0.533469891,-0.613773701,-0.583556951,-0.579235451,-0.539553609,-0.691835595,-0.573546065,-0.600707246,-0.567024638,-0.596223005,-0.703400087,-0.569395254,-0.655436018,0.24661498,0.019222464,0.257422959,0.158513233,0.165961706,0.277447979,0.151710275,0.385738312,0.254881909,0.284731142,0.300157195,0.317000186,0.330729828,0.329820549,0.371222581
0.980554239,0.969996561,0.993399569,0.992420983,0.99397418,0.998670742,0.999556518,0.998013826,0.992368233,0.984430566,0.9714572,0.948368694,0.914914519,0.826140549,0.775479338,0.973291173,0.973570195,0.989797063,0.994264738,0.996409577,0.989974834,0.998781625,0.991313672,0.991942904,0.982454088,0.971864803,0.948516391,0.923352278,0.879552996,0.780699801,0.959389239,0.970019034,0.985735818,0.984963838,0.991182964,0.989055429,0.991541007,0.985903513,0.97222681,0.981700317,0.954082392,0.852509131,0.915298213,0.729960253,0.721197051,-0.567364057,-0.569207533,-0.613373485,-0.600509498,-0.634288648,-0.627639646,-0.648069604,-0.551909861,-0.621277491,-0.567506941,-0.636869486,-0.658018339,-0.636419155,-0.65934746,-0.66861785,0.978859721,0.974086109,0.988663785,0.993142059,0.996536857,0.99860639,1,0.999003967,0.997397618,0.989074379,0.979254819,0.952674511,0.966971864,0.89599525,0.767593269,0.975237069,0.971201817,0.986984685,0.989900304,0.995726318,0.997597031,0.999246735,0.988353649,0.99291959,0.963802395,0.964601875,0.943776887,0.922845432,0.866850284,0.782410839,0.980572025,0.981702259,0.990924304,0.987953469,0.991256664,0.992437118,0.992773226,0.984872615,0.979434889,0.950934331,0.939724269,0.908711918,0.835184741,0.790221435,0.699914954,-0.600874785,-0.604851137,-0.59829898,-0.618424197,-0.577679158,-0.578308268,-0.095451502,-0.665289577,-0.623070591,-0.694788188,-0.69537826,-0.689942387,-0.648507883,-0.588300962,-0.620784822,0.106666449,0.230205767,0.267243683,0.314944233,0.320687341,0.323093325,0.298417283,0.373835201,0.343414854,0.382638901,0.377619279,0.379425643,0.355436461,0.356037356,0.376856561
0.976959179,0.964353486,0.975625643,0.983960244,0.987924887,0.995014208,0.997652628,0.999073289,0.997680814,0.990805465,0.989702131,0.929476991,0.942398975,0.905382823,0.855805282,0.972722093,0.974252337,0.968322672,0.986780417,0.986164819,0.991409264,0.992286208,0.996554113,0.993364466,0.98446859,0.979510539,0.967957178,0.901598795,0.928663469,0.802068105,0.968897158,0.966146008,0.956453304,0.98111132,0.985880749,0.984373904,0.991830981,0.989282612,0.976511851,0.984269389,0.941909673,0.925214895,0.86887022,0.811563834,0.67989893,-0.605767835,-0.628324058,-0.644534282,-0.616879831,-0.585452003,-0.619666564,-0.640152523,-0.670805186,-0.731660487,-0.668838069,-0.713770868,-0.577796392,-0.674632257,-0.708092432,-0.798375498,0.977364467,0.975404639,0.97783498,0.989142363,0.993675708,0.984824819,0.999003967,1,0.99875705,0.99399419,0.986471433,0.962535575,0.919370289,0.915065603,0.906027398,0.965546325,0.963455088,0.979245853,0.989925906,0.991337659,0.993666382,0.99773702,0.999879144,0.997222707,0.990910938,0.983332349,0.928054466,0.928947845,0.885532477,0.788955719,0.959944425,0.970118318,0.975961266,0.977960362,0.970698778,0.991175428,0.989746775,0.991984427,0.985043556,0.964784427,0.940222046,0.918332669,0.826240355,0.830240668,0.636132598,-0.632041811,-0.580535348,-0.616340899,-0.680147064,-0.674759916,-0.604267748,-0.628712386,-0.530596802,-0.661558063,-0.657358036,-0.63200856,-0.692192732,-0.653316368,-0.705709836,-0.654639606,0.332796512,0.237357836,0.238918884,0.213953451,0.249433457,0.221922381,0.33772394,0.308223678,0.377810602,0.365123776,0.419665445,0.389294979,0.288493201,0.372012962,0.386303252
0.953722966,0.949154246,0.952889119,0.97692166,0.986649955,0.989606448,0.984164201,0.996237687,0.998251153,0.996416758,0.987677601,0.975582849,0.921521707,0.904511422,0.819883476,0.937618936,0.966194173,0.955823974,0.973693732,0.977704899,0.984313732,0.986353261,0.993028152,0.991866762,0.979323227,0.984001678,0.966553684,0.949990985,0.898963468,0.815047191,0.955731013,0.951046505,0.965682294,0.977409086,0.975722299,0.980052731,0.976534894,0.97722384,0.960187004,0.978151387,0.947093841,0.916936695,0.881967251,0.772099279,0.767320588,-0.523294165,-0.60014907,-0.644201385,-0.66062523,-0.667080356,-0.666934304,-0.648754225,-0.639181531,-0.69091404,-0.628399752,-0.658595809,-0.66708049,-0.647776278,-0.650480659,-0.561160158,0.95271611,0.960780411,0.966221423,0.971875578,0.981904801,0.99115146,0.997397618,0.99875705,1,0.998569165,0.989293801,0.983003777,0.953579744,0.90225242,0.911701852,0.943077872,0.961791344,0.96544572,0.959265771,0.98096212,0.985818625,0.994705673,0.997689375,0.999078062,0.990755033,0.991710249,0.970143493,0.946247365,0.925923042,0.862196683,0.95742986,0.954207632,0.960844467,0.971230522,0.977138194,0.970372109,0.985290413,0.982148109,0.981578551,0.986945136,0.953067156,0.9012939,0.848562037,0.833228752,0.679251239,-0.596538854,-0.648338156,-0.623789392,-0.62387771,-0.627081001,-0.648399693,-0.649483461,-0.62404189,-0.595588523,-0.703988764,-0.683591185,-0.629039731,-0.691864156,-0.697457053,-0.645805593,0.203685163,0.202837127,0.280462712,0.16046521,0.3108783,0.158839892,0.225633253,0.334651527,0.270030403,0.160683182,0.397853524,0.371465057,0.377595569,0.405695245,0.411184042
0.932469896,0.955225943,0.951941246,0.959656189,0.968958771,0.961908335,0.979434904,0.991413359,0.993161534,0.993061096,0.993833107,0.979999306,0.959183649,0.94049883,0.859731919,0.925806361,0.926989594,0.95355211,0.958853642,0.970200335,0.981502882,0.98335338,0.988617025,0.989986407,0.991333156,0.986224826,0.968801757,0.952592752,0.905259734,0.84169267,0.925556848,0.930558067,0.951445784,0.95396503,0.975725121,0.977616403,0.961723952,0.966593226,0.979879936,0.978083886,0.938288762,0.916046541,0.901144695,0.798980122,0.656022236,-0.635042102,-0.637337203,-0.65272095,-0.625916841,-0.629922432,-0.689583525,-0.679038344,-0.689765033,-0.453936598,-0.729999181,-0.697322219,-0.712496018,-0.745684659,-0.724012066,-0.63152647,0.942149083,0.936787721,0.952046198,0.962375122,0.970031182,0.974237938,0.989074379,0.99399419,0.998569165,1,0.998183197,0.986227972,0.969255055,0.925084264,0.909897062,0.929234021,0.937612488,0.944582436,0.963601708,0.966834185,0.982568348,0.977260299,0.991938783,0.99154506,0.998155438,0.992416475,0.976215152,0.966187298,0.912807888,0.877363673,0.917184022,0.91798491,0.934827656,0.950495546,0.972062451,0.972698438,0.983815919,0.974878491,0.97909326,0.963221096,0.963074293,0.939884543,0.935370094,0.765811469,0.701144017,-0.668291167,-0.695357173,-0.609085669,-0.737594624,-0.672299743,-0.807185034,-0.746254098,-0.706385874,-0.657445413,-0.728398145,-0.656058759,-0.711482306,-0.669170597,-0.742422418,-0.679384751,0.186001098,0.213918609,0.230354333,0.245058576,0.216289924,0.368691427,0.242368553,0.368270817,0.323247725,0.378246289,0.321207911,0.351726936,0.387875179,0.341787083,0.418195121
0.90351133,0.921075992,0.922313485,0.930499131,0.947626886,0.959739602,0.971180245,0.982088074,0.987488488,0.988311344,0.989336948,0.984742941,0.974755514,0.922702257,0.870286035,0.854625021,0.916275004,0.940684206,0.923088134,0.926353875,0.96982324,0.936280285,0.96759388,0.967848781,0.990330595,0.987578588,0.971877117,0.952446346,0.911760455,0.80758713,0.884062778,0.911895843,0.932004582,0.940084497,0.942644859,0.94495758,0.960580486,0.970222438,0.960670543,0.971091464,0.977454428,0.925471293,0.895952249,0.791729866,0.687184878,-0.651882768,-0.62688447,-0.618012435,-0.649233026,-0.707951606,-0.720152178,-0.713494266,-0.708701264,-0.678861193,-0.680718019,-0.776966885,-0.701328969,-0.710848993,-0.709750325,-0.764108898,0.915362999,0.925418988,0.928201475,0.943507441,0.956960991,0.955427866,0.979254819,0.986471433,0.989293801,0.998183197,1,0.997498571,0.986195134,0.963790351,0.868522744,0.893707908,0.915467802,0.941875401,0.940280675,0.945300059,0.952111461,0.972966513,0.97996229,0.979124807,0.998071649,0.989393597,0.989588095,0.987353296,0.957879515,0.933308026,0.90178575,0.932522249,0.933783871,0.93964098,0.903764474,0.967770493,0.963674116,0.966071338,0.977225908,0.9679304,0.976260969,0.953033067,0.916173476,0.791901789,0.753586391,-0.660598633,-0.646262772,-0.627096634,-0.689768457,-0.690128515,-0.678529911,-0.688133534,-0.708614003,-0.573659282,-0.720669859,-0.723322637,-0.786160711,-0.699558292,-0.722910676,-0.747023158,0.222954098,0.225217968,0.401690448,0.138042292,0.221723403,0.306684788,0.201965983,-0.047662111,0.202063095,0.214107815,0.336834544,0.364048413,0.282229522,0.328684067,0.375252061
0.834068863,0.884034848,0.896678403,0.925974144,0.924602013,0.94041388,0.952314121,0.969918283,0.972029985,0.980923094,0.989025091,0.987672585,0.974182262,0.967943563,0.968164715,0.743247659,0.873133408,0.890928457,0.927015543,0.917875686,0.918017474,0.933377931,0.953732831,0.958247893,0.973698503,0.983251614,0.975673743,0.955685379,0.927763329,0.677000953,0.89915482,0.916276567,0.913766588,0.878830173,0.896014573,0.945754728,0.9575457,0.957227201,0.964221943,0.960176756,0.95382557,0.946992409,0.901738694,0.860149887,0.832539707,-0.685762892,-0.659138318,-0.691314384,-0.565365158,-0.708419076,-0.70719507,-0.739280274,-0.705051206,-0.699795461,-0.798887026,-0.746021948,-0.781093585,-0.743655589,-0.736608507,-0.776785294,0.875358927,0.896216176,0.911916469,0.929351776,0.930085328,0.956161503,0.952674511,0.962535575,0.983003777,0.986227972,0.997498571,1,0.99347629,0.981877798,0.906466215,0.845250731,0.853181142,0.881224247,0.892314908,0.902141813,0.945281888,0.947862635,0.949574096,0.976943782,0.891056528,0.988782575,0.991189673,0.988896135,0.976385928,0.935903304,0.923285612,0.840312476,0.794995465,0.883142625,0.925428166,0.921205673,0.888160935,0.962493796,0.960647752,0.932780228,0.942370515,0.911205263,0.911800181,0.802660465,0.844367039,-0.72752129,-0.674379393,-0.723543431,-0.706388751,-0.705811335,-0.714335324,-0.71610488,-0.634172238,-0.784063175,-0.781765985,-0.787842198,-0.746667815,-0.783800539,-0.717288946,-0.779915408,0.148762016,0.140024625,0.131945632,0.166435349,0.146916277,0.169166586,0.167383414,0.218930389,0.207201201,0.270037509,0.282698448,0.274237658,0.281339954,0.29300526,0.338266187
0.822835565,0.866693544,0.877550816,0.853817432,0.887403177,0.918279994,0.87950545,0.933990811,0.957043793,0.9592444,0.992727392,0.979955274,0.98236226,0.977488363,0.941874162,0.879682054,0.844223324,0.838521416,0.869171088,0.881876347,0.889056581,0.912669792,0.893623758,0.941512729,0.948636043,0.953250536,0.948726752,0.959367049,0.945358871,0.919506937,0.831672254,0.815645616,0.87190159,0.856059061,0.874637108,0.879409807,0.892164939,0.932855225,0.934583209,0.944797106,0.939190369,0.925533103,0.898287396,0.817491573,0.829332252,-0.686045221,-0.646583009,-0.734535429,-0.695796464,-0.512595279,-0.695232201,-0.715015487,-0.7480438,-0.757620982,-0.751868288,-0.760765295,-0.784013682,-0.755251181,-0.793315525,-0.812885192,0.721280599,0.951137064,0.827819915,0.807645335,0.898137957,0.925417648,0.966971864,0.919370289,0.953579744,0.969255055,0.986195134,0.99347629,1,0.994948904,0.976799805,0.843427703,0.837772919,0.865210333,0.840801765,0.855181502,0.875935535,0.848830582,0.9335096,0.964610329,0.966089816,0.967275718,0.978384282,0.97846435,0.982120161,0.950031162,0.803141144,0.842190081,0.861057197,0.836663151,0.902763838,0.908284502,0.906259553,0.92490692,0.8965962,0.908442873,0.949209474,0.922845444,0.920670108,0.819816396,0.790324502,-0.67432847,-0.65653984,-0.693962923,-0.737360337,-0.694363277,-0.724325408,-0.76146705,-0.650934879,-0.822680461,-0.755608277,-0.784194091,-0.78919354,-0.854714315,-0.793309881,-0.779913792,0.104662455,0.326302615,0.16711059,0.131914615,0.185236246,0.274592349,0.188748356,0.244161999,0.148919816,0.310740838,0.328768327,0.307872499,0.300224328,0.288491187,0.420406251
0.754165524,0.846505855,0.851139626,0.774028863,0.74946823,0.908048264,0.898791351,0.895779387,0.906943483,0.911715419,0.950841884,0.969780102,0.97223057,0.956204511,0.968123458,0.761352257,0.824729569,0.761447067,0.764726078,0.841808836,0.847534844,0.817842689,0.88944527,0.865974574,0.908258453,0.937042859,0.918132216,0.929989956,0.955761779,0.896635391,0.796463954,0.797909835,0.763343184,0.743348864,0.889717254,0.832367251,0.824750048,0.843185609,0.911755792,0.891815124,0.823568276,0.906027537,0.875165787,0.858804077,0.67554567,-0.715754231,-0.672345265,-0.70376787,-0.677630141,-0.687763893,-0.739415758,-0.716366927,-0.713627217,-0.752599728,-0.739360984,-0.705667303,-0.752623377,-0.852381114,-0.800609523,-0.751222768,0.803393837,0.777789341,0.855461535,0.765140618,0.800318194,0.878554246,0.89599525,0.915065603,0.90225242,0.925084264,0.963790351,0.981877798,0.994948904,1,0.993392021,0.744622129,0.775379922,0.782902027,0.716614064,0.830073041,0.85395772,0.837388203,0.792765949,0.85982964,0.907309151,0.944709571,0.950034108,0.959749546,0.973143153,0.950427436,0.806084978,0.8057397,0.927448837,0.785162691,0.807408589,0.835445466,0.866217874,0.891680998,0.885813826,0.846117687,0.927280132,0.90065817,0.89390764,0.901310291,0.77404607,-0.633768971,-0.660323355,-0.772612379,-0.7623509,-0.589498707,-0.668337994,-0.746900729,-0.765528038,-0.839211041,-0.785783898,-0.784436079,-0.789639588,-0.69796929,-0.824065958,-0.814472536,0.180037247,0.166254603,0.216010805,0.236104445,0.21938371,0.150202835,0.120220359,0.206292731,0.313873308,0.227660694,0.3452959,0.229535875,0.319525216,0.191765921,0.339841941
0.697640552,0.725717922,0.618718252,0.725849253,0.733718463,0.822780277,0.785669128,0.880794595,0.797776158,0.903221613,0.886683683,0.871180851,0.949666099,0.971178736,0.948791314,0.669768101,0.630785788,0.686884849,0.744388634,0.785597834,0.748020991,0.753269452,0.803057024,0.835134894,0.813796161,0.90827974,0.917829523,0.89735809,0.937192104,0.909542424,0.747117368,0.71938583,0.77035343,0.736160067,0.708708882,0.724511541,0.791314779,0.805528676,0.866102995,0.900925751,0.794070488,0.882571587,0.851779319,0.800642192,0.734531222,-0.765968158,-0.676234068,-0.667346865,-0.62419226,-0.615990961,-0.759533249,-0.761376228,-0.709571286,-0.724753188,-0.741787306,-0.811854851,-0.749250565,-0.78146501,-0.798866084,-0.810081158,0.723826873,0.631225364,0.775772929,0.802913237,0.702613585,0.827789254,0.767593269,0.906027398,0.911701852,0.909897062,0.868522744,0.906466215,0.976799805,0.993392021,1,0.710912993,0.703609677,0.76271736,0.818784763,0.709011362,0.7028009,0.776938713,0.846629062,0.871819911,0.81456195,0.873773425,0.919080014,0.946292809,0.974786767,0.979740946,0.705923831,0.612997684,0.706284887,0.710915469,0.827049424,0.766435941,0.768851954,0.833098535,0.793624646,0.841170035,0.895612533,0.897437188,0.928460487,0.791261924,0.792286698,-0.673149969,-0.66509656,-0.672808503,-0.744253988,-0.74274574,-0.728774477,-0.743796505,-0.810196345,-0.679361971,-0.767079127,-0.807460593,-0.778126819,-0.746700652,-0.812015188,-0.809883349,0.0830928,0.081715091,0.224960704,0.168107808,0.185277857,0.213351475,0.28605943,0.259654865,0.203346848,0.192187032,0.169117531,0.071212103,0.192556745,0.251834347,0.285401729
0.999770358,0.999220524,0.998095166,0.988310516,0.979005272,0.97739522,0.981256132,0.952996803,0.956976402,0.907310508,0.908922998,0.86172694,0.825441106,0.798652681,0.739689505,0.999932831,0.999516268,0.998210863,0.991232213,0.981791142,0.981508093,0.983710586,0.966831184,0.948812959,0.939895348,0.874934852,0.887011845,0.818979111,0.778464019,0.712473782,0.99883472,0.998196329,0.998386353,0.987668487,0.97800618,0.975380004,0.973491812,0.967292136,0.945602909,0.895809821,0.879260222,0.902206683,0.705719978,0.848595791,0.58556403,-0.467532214,-0.574127524,-0.489325367,-0.48330057,-0.513956628,-0.636093217,-0.538968499,-0.48466196,-0.526695275,-0.51927246,-0.575481551,-0.597757608,-0.588868182,-0.528053477,-0.543917544,0.999934648,0.999340722,0.997407276,0.994339866,0.982396698,0.969953844,0.975237069,0.965546325,0.943077872,0.929234021,0.893707908,0.845250731,0.843427703,0.744622129,0.710912993,1,0.99946183,0.998304517,0.996253717,0.983792282,0.977006829,0.977541448,0.96442121,0.961143342,0.932493023,0.887116582,0.888331712,0.854252224,0.814133543,0.713410424,0.99919181,0.997938016,0.994778028,0.981713559,0.982756357,0.984236126,0.973546066,0.95269229,0.947974403,0.906295286,0.858471995,0.816287779,0.61783209,0.707296336,0.504058637,-0.498081853,-0.601910401,-0.435151037,-0.516260392,-0.532637673,-0.503454332,-0.491459832,-0.544442408,-0.428893244,-0.505890407,-0.562595024,-0.404474118,-0.659195817,-0.528400323,-0.503453863,0.185227693,0.238116369,0.226475437,-0.070069997,0.267729305,-0.122899476,0.224731279,0.345874279,0.239245632,0.28844639,0.310278438,0.34733964,0.309245156,0.378421587,0.431613633
0.998730119,0.999702289,0.99942384,0.996522591,0.994337876,0.987504437,0.974045623,0.970978819,0.975424736,0.944785597,0.941844192,0.924867033,0.826537965,0.789374296,0.693698577,0.999704298,0.999614888,0.999434091,0.99779444,0.995465722,0.991596747,0.97534117,0.971029984,0.967154757,0.938500547,0.911413166,0.894960135,0.855435685,0.819553608,0.695273075,0.997862709,0.998519624,0.997768147,0.994357719,0.992653402,0.980550067,0.967388831,0.958335838,0.948191529,0.924413654,0.88627799,0.866938582,0.800693803,0.701942258,0.592581021,-0.522723014,-0.48211667,-0.516230111,-0.508302201,-0.344962219,-0.583918867,-0.574040126,-0.585136103,-0.547263978,-0.54074861,-0.555870554,-0.530663751,-0.480620498,-0.562933323,-0.509978943,0.999017467,0.999753992,0.999487109,0.996245841,0.995075192,0.989705931,0.971201817,0.963455088,0.961791344,0.937612488,0.915467802,0.853181142,0.837772919,0.775379922,0.703609677,0.99946183,1,0.999674637,0.99760096,0.996575601,0.989769244,0.978351358,0.960200043,0.965193422,0.934715985,0.910862812,0.926148172,0.843499526,0.836621189,0.704806686,0.99759414,0.998170079,0.997417637,0.995498972,0.988976968,0.977714277,0.964698967,0.969394921,0.942066282,0.906498375,0.889773851,0.817485646,0.776389019,0.713989242,0.577548976,-0.556456122,-0.518185014,-0.514556648,-0.537425388,-0.507753663,-0.537090469,-0.539530679,-0.517539544,-0.344287093,-0.48688955,-0.559746614,-0.533371463,-0.55938316,-0.550467285,-0.508622574,0.136965533,0.174313017,0.149840751,0.21986277,0.105888037,0.178890661,0.2051861,0.267623147,0.285262529,0.287356668,0.311595495,0.307136891,0.276425086,0.361705414,0.334128159
0.997556057,0.99864785,0.999198783,0.998737423,0.993045395,0.991868951,0.988690497,0.978106578,0.958072599,0.948422866,0.95837068,0.919501812,0.827222981,0.821990284,0.720813019,0.997986914,0.999623098,0.999540889,0.999761141,0.998148682,0.993881382,0.989273982,0.980497236,0.961934234,0.962778495,0.931060842,0.909596093,0.859984051,0.802895151,0.747618541,0.997582994,0.997319088,0.997079832,0.996833717,0.995058055,0.984957828,0.980197337,0.978606121,0.945602348,0.946505132,0.890891732,0.869371911,0.785792646,0.723902052,0.552007823,-0.542125836,-0.513990059,-0.510247713,-0.530931314,-0.545777917,-0.566091208,-0.649099875,-0.510394695,-0.567568452,-0.588817398,-0.650126754,-0.575586771,-0.585542056,-0.584910776,-0.57550307,0.997736121,0.99902883,0.999806477,0.999390856,0.996516806,0.990341955,0.986984685,0.979245853,0.96544572,0.944582436,0.941875401,0.881224247,0.865210333,0.782902027,0.76271736,0.998304517,0.999674637,1,0.999816923,0.997993151,0.99489452,0.983075384,0.975695003,0.962999455,0.934841215,0.944269429,0.917903677,0.877525597,0.798932517,0.747845189,0.997035162,0.998372684,0.99815636,0.995409232,0.995502368,0.988666362,0.967020493,0.963916522,0.953222727,0.925023833,0.92218974,0.834235408,0.776146786,0.657598173,0.576763514,-0.497077201,-0.581873452,-0.013836769,-0.617931697,-0.489882861,-0.539073987,-0.614121364,-0.53170317,-0.588621033,-0.537278572,-0.560322009,-0.559821645,-0.621424262,-0.578069882,-0.475960628,0.153577736,0.154390013,0.190583978,0.183220266,0.198696032,0.239639263,0.246617176,0.275623525,0.299612622,0.315567501,0.320556712,0.368235007,0.36464154,0.382290554,0.402320205
0.992369008,0.997119429,0.997321672,0.998962672,0.998612792,0.995493243,0.984258687,0.98768628,0.971331038,0.948806286,0.924007266,0.919090055,0.845593815,0.806268008,0.710811678,0.995095028,0.997804353,0.998484718,0.999689311,0.999275402,0.996292767,0.993895618,0.987534767,0.972302989,0.958291841,0.939306475,0.915958632,0.885285441,0.844079421,0.772693755,0.994698899,0.996161222,0.997809283,0.995222789,0.995274329,0.992054915,0.981460439,0.97378933,0.953293103,0.936525775,0.890807445,0.828773692,0.835768775,0.728783753,0.635864186,-0.520429498,-0.57375239,-0.491595077,-0.644680091,-0.552219177,-0.543769223,-0.569095966,-0.531531757,-0.558548813,-0.599242116,-0.583694344,-0.567470381,-0.763233576,-0.526495653,-0.494272487,0.993609109,0.997324798,0.998984622,0.999915722,0.998683995,0.996518177,0.989900304,0.989925906,0.959265771,0.963601708,0.940280675,0.892314908,0.840801765,0.716614064,0.818784763,0.996253717,0.99760096,0.999816923,1,0.999398418,0.995862912,0.992157328,0.989849219,0.978838293,0.966674272,0.934400466,0.896541503,0.847092454,0.885515188,0.793288359,0.993442828,0.996916075,0.996839878,0.996381635,0.994082973,0.987216808,0.97119492,0.974423175,0.952389104,0.932161339,0.913091709,0.873754146,0.787256599,0.711060597,0.509982422,-0.504960663,-0.514164718,-0.523234445,-0.539338859,-0.566698334,-0.581404102,-0.576906204,-0.537814862,-0.611202863,-0.607711879,-0.54722011,-0.580610978,-0.588399841,-0.604570504,-0.537798408,0.15811654,0.187967625,0.213725817,0.248444971,0.277228417,0.243530676,0.236933465,0.274854955,0.255169475,0.32071855,0.317350709,0.356607805,0.369912739,0.411179501,0.412372544
0.979988778,0.993288519,0.996183061,0.997565196,0.999151642,0.996422511,0.993852696,0.990624474,0.977684689,0.962190072,0.944695362,0.902913367,0.8453862,0.827386365,0.772088101,0.982168861,0.994791271,0.998120874,0.998115481,0.999078848,0.998478245,0.996300566,0.991598927,0.985243612,0.978249218,0.944551894,0.929615917,0.893015797,0.790760441,0.75219424,0.978185565,0.992199245,0.996039444,0.997352228,0.996212969,0.996104857,0.988279739,0.977252552,0.954236902,0.959000893,0.928640928,0.915279366,0.821380286,0.744414295,0.638889237,-0.616737392,-0.697044432,-0.510518664,-0.567372619,-0.598230184,-0.548705283,-0.467512743,-0.653478273,-0.58007245,-0.607348708,-0.617422941,-0.684762344,-0.55128098,-0.626499799,-0.595308099,0.97486853,0.992494301,0.997566648,0.99877607,0.999347073,0.998583142,0.995726318,0.991337659,0.98096212,0.966834185,0.945300059,0.902141813,0.855181502,0.830073041,0.709011362,0.983792282,0.996575601,0.997993151,0.999398418,1,0.998871469,0.996981239,0.989814091,0.986307741,0.974397163,0.904218254,0.904225128,0.879164298,0.88316661,0.804781965,0.977971947,0.992517962,0.993297632,0.992708917,0.996895545,0.996408552,0.943220831,0.984729666,0.965439648,0.944420603,0.905524501,0.88169948,0.822645455,0.776305901,0.529392136,-0.553105675,-0.575841095,-0.606217218,-0.56120508,-0.567896088,-0.602870779,-0.569253331,-0.534681953,-0.641699114,-0.622379661,-0.455569737,-0.631126394,-0.664100233,-0.620282791,-0.588910231,0.162314495,0.161410692,0.158542239,0.141225584,0.189491684,0.20520607,0.232866978,0.253146743,0.189668709,0.26074023,0.294618841,0.307081195,0.350873406,0.318107163,0.331695472
0.974256521,0.987740802,0.994229731,0.998240966,0.998197731,0.998466591,0.996988348,0.969354152,0.981251523,0.979626931,0.930126305,0.941312493,0.915999586,0.819057417,0.7844854,0.981129714,0.990401129,0.993810547,0.996885612,0.998579931,0.998994019,0.999262825,0.99331614,0.991636243,0.975653055,0.968391961,0.946524227,0.901907152,0.853040485,0.824026216,0.978883781,0.991009475,0.991443726,0.994416722,0.987333562,0.993103574,0.991075729,0.980906734,0.973275951,0.967213348,0.933766767,0.881335606,0.813581506,0.73103385,0.577276578,-0.57131355,-0.553423623,-0.601080637,-0.609073567,-0.617705529,-0.599533328,-0.628512739,-0.621383375,-0.605661157,-0.591331715,-0.716714163,-0.639970321,-0.664179109,-0.687287684,-0.612906004,0.978646965,0.988185389,0.994210437,0.996814349,0.998656317,0.999868456,0.997597031,0.993666382,0.985818625,0.982568348,0.952111461,0.945281888,0.875935535,0.85395772,0.7028009,0.977006829,0.989769244,0.99489452,0.995862912,0.998871469,1,0.998966742,0.997327965,0.990227347,0.98725076,0.959275573,0.930154249,0.910031508,0.848227753,0.832260287,0.981157411,0.983720451,0.992415755,0.993481199,0.995486253,0.993641943,0.9893273,0.983651098,0.971606113,0.955306173,0.928460195,0.871969793,0.798445936,0.74699474,0.602274578,-0.604389147,-0.564955777,-0.540719278,-0.587641923,-0.628638237,-0.601542691,-0.551823784,-0.59279518,-0.656632767,-0.590094595,-0.639286086,-0.609207919,-0.6890334,-0.573825605,-0.578182234,0.249777973,0.194235632,0.217223923,0.25079351,0.239370004,0.225358305,0.066588204,0.335396197,0.2556253,0.273129912,0.291347644,0.364314183,0.370777196,0.327907257,0.399157111
0.975930497,0.974355387,0.987075457,0.991745933,0.993689601,0.997336545,0.998369947,0.98153069,0.988309078,0.980949638,0.958538771,0.929343625,0.901390662,0.819837131,0.756763152,0.98404388,0.975612177,0.982820202,0.988001608,0.994018038,0.99840913,0.999024273,0.997173652,0.993686043,0.988256596,0.975725618,0.933770426,0.926750378,0.887951967,0.793413991,0.978883384,0.976111025,0.986803167,0.986893191,0.992050453,0.994618327,0.993173006,0.988867147,0.973713671,0.970774919,0.937358383,0.882413486,0.8612992,0.822213257,0.640162279,-0.601271167,-0.588762649,-0.57134464,-0.609169028,-0.600713321,-0.49044679,-0.613551797,-0.650245546,-0.657396752,-0.587104428,-0.637979434,-0.667366296,-0.686617282,-0.69762215,-0.612879253,0.978051808,0.973655531,0.98806531,0.99091532,0.992624036,0.997078414,0.999246735,0.99773702,0.994705673,0.977260299,0.972966513,0.947862635,0.848830582,0.837388203,0.776938713,0.977541448,0.978351358,0.983075384,0.992157328,0.996981239,0.998966742,1,0.998615685,0.995604044,0.986854113,0.972385101,0.915564077,0.912026084,0.903904145,0.813440204,0.973160174,0.976905981,0.987892442,0.990139681,0.995334448,0.993829032,0.992390509,0.988393174,0.977150682,0.96694765,0.929505837,0.870617743,0.758100713,0.674230457,0.655695019,-0.590226374,-0.590143425,-0.620610005,-0.587109799,-0.604281077,-0.602217858,-0.587453664,-0.617331232,-0.642553718,-0.43580941,-0.627396233,-0.696411025,-0.634204016,-0.641182388,-0.653808046,0.220908773,0.260754128,0.300963296,0.212314411,0.197618508,0.283027736,0.237805886,0.346164445,0.350812489,0.311873681,0.335692694,0.377560234,0.352099195,0.431523701,0.380787286
0.967330842,0.970678362,0.978174196,0.984739061,0.985745217,0.991480246,0.995752036,0.99613191,0.986067152,0.986810889,0.982552518,0.954661988,0.894324,0.830058923,0.800196637,0.965072162,0.973846909,0.980896055,0.986892575,0.991156407,0.994365986,0.997454311,0.998965569,0.979332019,0.991123917,0.972214222,0.953067585,0.845674706,0.883567207,0.85736854,0.967284771,0.970207661,0.976665111,0.984002026,0.988048513,0.989720659,0.987551351,0.988193958,0.98280052,0.961950591,0.95133322,0.92394089,0.891637866,0.785543469,0.677446154,-0.605896417,-0.585498915,-0.599601553,-0.727300604,-0.634415071,-0.602114036,-0.630263163,-0.605338389,-0.669209174,-0.639299465,-0.676006694,-0.659525218,-0.638948479,-0.717270579,-0.730788177,0.973419377,0.965470073,0.97093735,0.96836166,0.990368525,0.994912911,0.988353649,0.999879144,0.997689375,0.991938783,0.97996229,0.949574096,0.9335096,0.792765949,0.846629062,0.96442121,0.960200043,0.975695003,0.989849219,0.989814091,0.997327965,0.998615685,1,0.99889382,0.993889138,0.985974821,0.975493219,0.948170567,0.860248063,0.856224234,0.965747923,0.970090902,0.979312352,0.986986571,0.986495432,0.988301452,0.971962901,0.985421398,0.98056977,0.950796259,0.951911648,0.907582004,0.849966359,0.842224473,0.488609779,-0.497632179,-0.645860797,-0.616540572,-0.647051576,-0.623387267,-0.643508079,-0.642901554,-0.514052862,-0.623285283,-0.641795542,-0.657348281,-0.610144679,-0.656927803,-0.72211403,-0.732191567,0.194470162,0.227527491,0.231068321,0.212556747,0.171496798,0.325624805,0.335591485,0.144871571,0.373617771,0.386459058,0.27069915,0.366476709,0.356265999,0.385559223,0.341730242
0.938661229,0.966708604,0.9600974,0.969454343,0.979555575,0.981763111,0.984198406,0.995729421,0.994418531,0.961749128,0.983328425,0.967181961,0.929144718,0.856383936,0.858467606,0.954317413,0.959260365,0.966356999,0.979842482,0.982960803,0.98929744,0.98751345,0.997002745,0.996923082,0.995802583,0.990121082,0.980306718,0.944272761,0.923446235,0.828403821,0.960614883,0.957324041,0.947675773,0.977358703,0.973259791,0.982070411,0.986348073,0.984403212,0.983422774,0.971325519,0.95454805,0.915868053,0.868370436,0.920683165,0.720080006,-0.635036066,-0.513301121,-0.600206908,-0.628730906,-0.656703672,-0.672834582,-0.660841978,-0.661309718,-0.657527511,-0.632812961,-0.677411337,-0.733773532,-0.650655633,-0.715271706,-0.685600407,0.938289457,0.967314612,0.958724231,0.963824515,0.97807333,0.983508544,0.99291959,0.997222707,0.999078062,0.99154506,0.979124807,0.976943782,0.964610329,0.85982964,0.871819911,0.961143342,0.965193422,0.962999455,0.978838293,0.986307741,0.990227347,0.995604044,0.99889382,1,0.998218126,0.993462051,0.98195356,0.975637044,0.924591691,0.827774758,0.946357189,0.963525399,0.961790694,0.978458445,0.975029317,0.982331029,0.988337425,0.979938153,0.984458765,0.964728275,0.968942384,0.896285964,0.888612292,0.785954544,0.705820994,-0.536000857,-0.651167945,-0.565351074,-0.625041248,-0.675932408,-0.563047642,-0.674448853,-0.652924867,-0.637050779,-0.751539491,-0.673085591,-0.715648469,-0.610351575,-0.76706088,-0.659610543,-0.30089756,0.225572171,0.181695313,0.185099876,0.256246961,0.24494352,0.331294333,0.339927855,0.296550746,0.212467024,0.316603865,0.361381391,0.405620713,0.358900945,0.392367907
0.930020652,0.948405924,0.953322227,0.963948875,0.939076011,0.989290593,0.987535892,0.987550012,0.942899428,0.99421984,0.989317685,0.9596235,0.951165521,0.928740762,0.801221292,0.944588671,0.942186751,0.919461226,0.960455498,0.970519542,0.966637273,0.982766792,0.986963131,0.993535524,0.996414556,0.992131107,0.980398025,0.953705805,0.909693602,0.883115036,0.887087294,0.946824981,0.94498513,0.961839715,0.965046705,0.973170897,0.989643854,0.979479467,0.978996165,0.974642558,0.96759241,0.934614953,0.897478764,0.818731711,0.704571255,-0.626165868,-0.640862137,-0.647514239,-0.660318911,-0.716203601,-0.667791559,-0.651219983,-0.661367156,-0.698661077,-0.691120686,-0.739324444,-0.708221457,-0.743132159,-0.77414793,-0.789729745,0.939931173,0.951260999,0.964001363,0.956783401,0.965529248,0.981619627,0.963802395,0.990910938,0.990755033,0.998155438,0.998071649,0.891056528,0.966089816,0.907309151,0.81456195,0.932493023,0.934715985,0.934841215,0.966674272,0.974397163,0.98725076,0.986854113,0.993889138,0.998218126,1,0.997777049,0.987441061,0.968494505,0.884859785,0.877816084,0.941739168,0.921495544,0.966436204,0.935802988,0.961010033,0.965530065,0.977591889,0.977288331,0.983745929,0.972491232,0.967719813,0.925805501,0.77641077,0.838347029,0.734497568,-0.672994715,-0.631711116,-0.634861895,-0.688856772,-0.676504467,-0.684095901,-0.707735438,-0.649956232,-0.705661032,-0.733102328,-0.676335187,-0.785027063,-0.753193009,-0.621056779,-0.728763868,0.186477749,0.202783643,0.255920214,0.31906263,0.287427232,0.284098303,0.29491811,0.354873323,0.376664321,0.324091409,0.366575561,0.246026346,0.375560075,0.406295945,0.384291222
0.922720941,0.939916301,0.923052874,0.943718898,0.948763845,0.964503934,0.972545023,0.979054287,0.986246989,0.987597942,0.987517533,0.972542703,0.961733833,0.898928218,0.763526863,0.940187895,0.922278333,0.920298443,0.93676611,0.964911855,0.958825363,0.969205681,0.985097661,0.990238717,0.988182974,0.995488436,0.986185886,0.980308124,0.925923596,0.890567496,0.88466658,0.920275647,0.906490928,0.923477486,0.949403734,0.961122544,0.967563558,0.972786924,0.981608795,0.973380907,0.966754565,0.956163643,0.92942581,0.860445486,0.764694335,-0.743301584,-0.671277306,-0.634655016,-0.673010237,-0.68058062,-0.747568545,-0.722557681,-0.674087787,-0.701662017,-0.704646121,-0.702048751,-0.746819776,-0.721899582,-0.817924236,-0.757100171,0.92957195,0.931811181,0.911351387,0.932270753,0.946947512,0.965397788,0.964601875,0.983332349,0.991710249,0.992416475,0.989393597,0.988782575,0.967275718,0.944709571,0.873773425,0.887116582,0.910862812,0.944269429,0.934400466,0.904218254,0.959275573,0.972385101,0.985974821,0.993462051,0.997777049,1,0.997161567,0.988865594,0.97229972,0.955989851,0.909932318,0.933979287,0.937583963,0.94856616,0.958517591,0.956692991,0.963925561,0.976366885,0.973352708,0.980359797,0.934706695,0.939158748,0.913724448,0.789985986,0.767760769,-0.458430101,-0.685621645,-0.663234681,-0.664217347,-0.684809901,-0.656324924,-0.739504604,-0.716460311,-0.654533669,-0.670219833,-0.718213011,-0.846031272,-0.726683298,-0.721329645,-0.759205823,0.2877356,0.207910344,0.277314378,0.23854547,0.099508353,0.311193982,0.293578423,0.269101033,0.367488937,0.309419779,0.42680092,0.335193149,0.315366939,0.355703236,0.408045297
0.8717035,0.889567787,0.887197958,0.928657839,0.922685946,0.932315473,0.949448852,0.949955747,0.965908396,0.973523903,0.979500026,0.976765609,0.974401205,0.919954787,0.89487975,0.89153214,0.878711245,0.911771408,0.941329163,0.917479112,0.908515188,0.951320737,0.967949901,0.978335403,0.977165165,0.987522197,0.988738587,0.987377258,0.962397666,0.926301756,0.883851502,0.888112564,0.929591058,0.906261996,0.905761692,0.911710909,0.930841167,0.959383347,0.963203222,0.951796356,0.966236084,0.955294761,0.912486602,0.814270716,0.755914648,-0.678437531,-0.685432151,-0.598299246,-0.766994606,-0.720182105,-0.709198997,-0.734545695,-0.708480907,-0.819124014,-0.697857124,-0.79592569,-0.777793293,-0.787182324,-0.735083105,-0.703915531,0.883245351,0.912448946,0.908950968,0.896485869,0.923346404,0.938412071,0.943776887,0.928054466,0.970143493,0.976215152,0.989588095,0.991189673,0.978384282,0.950034108,0.919080014,0.888331712,0.926148172,0.917903677,0.896541503,0.904225128,0.930154249,0.915564077,0.975493219,0.98195356,0.987441061,0.997161567,1,0.995014966,0.985569136,0.9488042,0.855345034,0.901822049,0.880724186,0.936896031,0.907955403,0.937458094,0.960788007,0.940634356,0.952212706,0.966475101,0.959941485,0.946442752,0.913689149,0.832856141,0.783632374,-0.630381781,-0.696971218,-0.652940624,-0.76536392,-0.699841349,-0.708230172,-0.745452467,-0.756633263,-0.684352316,-0.768796197,-0.753698056,-0.775587185,-0.796076138,-0.755695172,-0.834887429,0.150250879,0.158042078,0.169971608,0.127900848,0.154519056,0.185449161,0.211897681,0.211740495,0.246929622,0.207874025,0.225137484,0.295540989,0.302160254,0.293470193,0.297976468
0.839158901,0.848076869,0.87757343,0.905802487,0.891816865,0.873989194,0.910424164,0.950143817,0.945868392,0.945152025,0.977160943,0.960141624,0.963700375,0.918098721,0.858844946,0.816513169,0.881490386,0.876661706,0.89955303,0.904102989,0.907060116,0.912274018,0.922167729,0.94930746,0.965658968,0.979462985,0.987855355,0.982918749,0.978107069,0.959644431,0.87196176,0.857054825,0.853938197,0.87545919,0.856361519,0.893210725,0.920626769,0.919561736,0.918049646,0.950911031,0.899574277,0.934663969,0.920715609,0.869837064,0.707365643,-0.696878966,-0.707586869,-0.681038768,-0.705065447,-0.760441136,-0.739091642,-0.769236036,-0.767999435,-0.750974636,-0.785980537,-0.735336614,-0.819867887,-0.794864897,-0.852060065,-0.82905057,0.789238106,0.821012105,0.909314118,0.856398005,0.926799616,0.911920636,0.922845432,0.928947845,0.946247365,0.966187298,0.987353296,0.988896135,0.97846435,0.959749546,0.946292809,0.854252224,0.843499526,0.877525597,0.847092454,0.879164298,0.910031508,0.912026084,0.948170567,0.975637044,0.968494505,0.988865594,0.995014966,1,0.99320486,0.973628505,0.899481266,0.861375562,0.849616722,0.861045544,0.895114254,0.916696399,0.938821588,0.942960866,0.931555065,0.926601138,0.949210609,0.936319108,0.921315959,0.911194404,0.795212161,-0.707536709,-0.714672162,-0.699384304,-0.748531375,-0.682029105,-0.763038901,-0.770968581,-0.776656592,-0.784156656,-0.729781746,-0.87713227,-0.683471233,-0.700818049,-0.7895304,-0.805664915,0.162777638,0.082561388,0.15594215,0.161988877,0.265841246,0.237833073,0.34555631,0.277540353,0.282507896,0.278487802,0.298229343,0.311424476,0.245247668,0.28493242,0.326211654
0.74572691,0.829417805,0.779494199,0.827409496,0.606095209,0.852068879,0.842669921,0.934205292,0.923537386,0.903304044,0.839578325,0.942392776,0.946376913,0.937574819,0.943117234,0.764157113,0.835648377,0.772484021,0.817763843,0.833582913,0.857804222,0.893624488,0.899419812,0.928963534,0.93179571,0.937537813,0.966535894,0.972175982,0.977556578,0.938092858,0.767928592,0.800406775,0.842748988,0.863634651,0.830375614,0.85302597,0.86947893,0.881756714,0.84382778,0.910810816,0.91702841,0.943915489,0.859436117,0.794767784,0.793216282,-0.684017547,-0.697956323,-0.680054068,-0.683097672,-0.750185374,-0.770574704,-0.76363214,-0.699893885,-0.778938165,-0.778979508,-0.818318651,-0.831914799,-0.688351591,-0.770924807,-0.801874911,0.859266483,0.780775115,0.87940473,0.851766672,0.821863995,0.83726204,0.866850284,0.885532477,0.925923042,0.912807888,0.957879515,0.976385928,0.982120161,0.973143153,0.974786767,0.814133543,0.836621189,0.798932517,0.885515188,0.88316661,0.848227753,0.903904145,0.860248063,0.924591691,0.884859785,0.97229972,0.985569136,0.99320486,1,0.992744242,0.772959402,0.766915323,0.78440051,0.859591629,0.820963462,0.933353233,0.878597186,0.867811783,0.934516239,0.91049948,0.893269533,0.928645632,0.922670906,0.869331544,0.739485727,-0.651869392,-0.710855218,-0.783731494,-0.765070913,-0.741854515,-0.720815976,-0.734932591,-0.77235607,-0.746268949,-0.745872784,-0.799435225,-0.751242401,-0.82890586,-0.827220498,-0.809003527,0.159461346,0.179525945,0.213601823,0.179545413,0.138414182,0.234395986,0.245464579,0.25605624,0.1910093,0.242889098,0.257632064,0.135098761,0.322052475,0.27967666,0.272915919
0.675261959,0.784854879,0.728871187,0.726534561,0.763751206,0.801880065,0.817951762,0.861888361,0.897608995,0.870691916,0.940464061,0.932254511,0.943732339,0.958215131,0.949480525,0.697852147,0.759997577,0.738906329,0.727101078,0.789845277,0.813000402,0.855921535,0.860520195,0.870648907,0.886713055,0.89743876,0.95432435,0.977572087,0.965032852,0.904735663,0.696301224,0.710589574,0.750916164,0.77561908,0.790179596,0.776923169,0.842458146,0.820556137,0.812953369,0.903805279,0.861752242,0.892346229,0.837850724,0.857125054,0.798507054,-0.696876562,-0.70051126,-0.658044064,-0.759929239,-0.746947574,-0.809355555,-0.75974187,-0.767072431,-0.718948546,-0.814953845,-0.664906773,-0.813497266,-0.842474954,-0.842243697,-0.873784877,0.729253745,0.748664922,0.718663142,0.695942857,0.764105826,0.785357362,0.782410839,0.788955719,0.862196683,0.877363673,0.933308026,0.935903304,0.950031162,0.950427436,0.979740946,0.713410424,0.704806686,0.747845189,0.793288359,0.804781965,0.832260287,0.813440204,0.856224234,0.827774758,0.877816084,0.955989851,0.9488042,0.973628505,0.992744242,1,0.722157317,0.739670537,0.780525885,0.754542127,0.750170366,0.803282548,0.830284327,0.829833873,0.865832058,0.847381836,0.844756527,0.916517719,0.877985287,0.856937381,0.759787009,-0.682895602,-0.736759856,-0.595084084,-0.766034859,-0.715948722,-0.729307416,-0.754512044,-0.73759037,-0.773904682,-0.787919725,-0.801574166,-0.839426453,-0.879775744,-0.85615609,-0.801203459,0.167650182,0.134261934,0.005831073,0.170370094,0.138438645,0.182349971,0.204919,0.201479806,0.151582964,0.161555869,0.156039561,0.226767308,0.275913516,0.253498302,0.195537679
0.9987403,0.998545087,0.997498673,0.992248554,0.980394481,0.98055435,0.981689065,0.906298463,0.964270676,0.931952602,0.887644567,0.911776472,0.835770007,0.821437481,0.65981394,0.998044087,0.997793105,0.997162024,0.991108005,0.98175769,0.972972348,0.978773684,0.96653303,0.95359544,0.927547989,0.898312849,0.867434789,0.847202118,0.785059926,0.69566147,0.999877438,0.999501802,0.997909299,0.993340197,0.980441228,0.979591278,0.980632671,0.968858544,0.941348918,0.903481398,0.87928465,0.825760709,0.741761681,0.566200596,0.571977327,-0.492183052,-0.502631839,-0.565529458,-0.500179132,-0.507369405,-0.51426843,-0.518206998,-0.522976025,-0.516022588,-0.560527378,-0.468955479,-0.61320543,-0.411334957,-0.538171647,-0.542992816,0.999026989,0.998802692,0.99825694,0.991515335,0.980198584,0.980849527,0.980572025,0.959944425,0.95742986,0.917184022,0.90178575,0.923285612,0.803141144,0.806084978,0.705923831,0.99919181,0.99759414,0.997035162,0.993442828,0.977971947,0.981157411,0.973160174,0.965747923,0.946357189,0.941739168,0.909932318,0.855345034,0.899481266,0.772959402,0.722157317,1,0.999716399,0.997663075,0.987922055,0.980104717,0.982108919,0.976312315,0.964519701,0.934560622,0.913326792,0.853608116,0.780213348,0.764415923,0.697437952,0.589985337,-0.444984073,-0.511978298,-0.527777674,-0.506312112,-0.502814584,-0.491676885,-0.504142734,-0.561022097,-0.506957563,-0.524576846,-0.578044949,-0.582459901,-0.444113423,-0.534867747,-0.522384022,0.112897711,0.190303454,0.148229478,0.23144497,0.194808745,0.325829896,0.248150824,0.325773923,0.249363191,0.319914199,0.349747478,0.334287511,0.333751438,0.326582052,0.344866989
0.997114393,0.998088881,0.996619607,0.995415442,0.994202204,0.986988251,0.979801095,0.963370722,0.962029827,0.950303311,0.91830331,0.90538617,0.863550622,0.804490531,0.79915194,0.997255928,0.998641874,0.998208606,0.996372807,0.992454898,0.987798775,0.977042224,0.970901581,0.961540996,0.942520089,0.929004307,0.839215026,0.840194302,0.760818326,0.678401048,0.999470896,0.999740635,0.998751651,0.997888465,0.993656754,0.987816101,0.971299247,0.961726242,0.95731967,0.945891899,0.893530658,0.890004343,0.805034633,0.741606449,0.719583386,-0.467427288,-0.428025386,-0.512267351,-0.544713329,-0.496305079,-0.572004235,-0.573605476,-0.552789875,-0.558489999,-0.618495946,-0.716526025,-0.581992116,-0.389330493,-0.556596448,-0.435566598,0.997936266,0.997995888,0.99785293,0.996698044,0.993774884,0.98285852,0.981702259,0.970118318,0.954207632,0.91798491,0.932522249,0.840312476,0.842190081,0.8057397,0.612997684,0.997938016,0.998170079,0.998372684,0.996916075,0.992517962,0.983720451,0.976905981,0.970090902,0.963525399,0.921495544,0.933979287,0.901822049,0.861375562,0.766915323,0.739670537,0.999716399,1,0.999497965,0.996968142,0.995018473,0.986823673,0.969994498,0.967287887,0.960003753,0.932231184,0.905712041,0.887021553,0.788817605,0.684316061,0.593790031,-0.513706917,-0.767214564,-0.594704571,-0.477211024,-0.528427696,-0.547948908,-0.528865176,-0.549884551,-0.504330528,-0.54722798,-0.552539923,-0.540007603,-0.518199509,-0.578168099,-0.512985972,0.166074289,0.152831022,0.183547404,0.17846566,0.246273868,0.227184732,0.007049204,0.243511953,0.170921608,0.295579386,0.248207584,0.30257956,0.338922675,0.345503879,0.346029098
0.99727087,0.997336594,0.997118089,0.997556995,0.995586161,0.991996259,0.98386662,0.97566938,0.96242434,0.944411255,0.926344031,0.903935681,0.824186448,0.732172413,0.675730644,0.997037265,0.995662605,0.997853542,0.997604565,0.993061451,0.991984672,0.985338494,0.979540544,0.963569084,0.955451644,0.898675049,0.932175044,0.878361708,0.796077964,0.758223123,0.998390387,0.999725228,0.999745825,0.998989865,0.996843943,0.992563984,0.988938709,0.9793914,0.958496691,0.928322101,0.923232913,0.898800741,0.797669487,0.772101636,0.645414423,-0.511176315,-0.498485942,-0.600580414,-0.527029683,-0.582437304,-0.509987222,-0.472529403,-0.618885036,-0.586938885,-0.494976036,-0.661962982,-0.521595118,-0.587575015,-0.549228543,-0.714425857,0.995359387,0.996741448,0.996806519,0.997175773,0.994169455,0.987319052,0.990924304,0.975961266,0.960844467,0.934827656,0.933783871,0.794995465,0.861057197,0.927448837,0.706284887,0.994778028,0.997417637,0.99815636,0.996839878,0.993297632,0.992415755,0.987892442,0.979312352,0.961790694,0.966436204,0.937583963,0.880724186,0.849616722,0.78440051,0.780525885,0.997663075,0.999497965,1,0.99940551,0.997503584,0.992796041,0.986581666,0.981728621,0.955723896,0.949817864,0.906132429,0.8602116,0.794025644,0.731410049,0.647997855,-0.534588257,-0.563377381,-0.617676226,-0.71623752,-0.549086428,-0.539551084,-0.513237602,-0.58447939,-0.521165021,-0.521541218,-0.555265127,-0.549722283,-0.554849654,-0.567257881,-0.590992259,0.136161252,0.158803793,0.151147507,0.194831603,0.201534982,0.224880363,0.239347565,0.240450281,0.285701,0.314420632,0.302048928,0.327429903,0.375030541,0.38505144,0.479373436
0.986286862,0.993302818,0.995505795,0.993224411,0.995632466,0.992683862,0.9915884,0.984455635,0.967999069,0.955237953,0.934614124,0.926324273,0.869229623,0.781611622,0.742904766,0.987970826,0.994542108,0.995363843,0.996429371,0.992692596,0.9939696,0.991932498,0.986293369,0.959286832,0.916147079,0.94345853,0.897200533,0.867416143,0.803725289,0.765517993,0.99092001,0.998731551,0.998943902,0.999617696,0.998861971,0.996355427,0.990335044,0.988468295,0.959451507,0.958975107,0.923861858,0.908327791,0.792828271,0.66344268,0.578243666,-0.536813607,-0.553618437,-0.527971996,-0.574450337,-0.572463059,-0.587697045,-0.524303311,-0.592513629,-0.562679807,-0.608913221,-0.618863277,-0.609016233,-0.661353372,-0.50785755,-0.609483235,0.980796595,0.995018703,0.995853018,0.996896895,0.995633609,0.991735788,0.987953469,0.977960362,0.971230522,0.950495546,0.93964098,0.883142625,0.836663151,0.785162691,0.710915469,0.981713559,0.995498972,0.995409232,0.996381635,0.992708917,0.993481199,0.990139681,0.986986571,0.978458445,0.935802988,0.94856616,0.936896031,0.861045544,0.859591629,0.754542127,0.987922055,0.996968142,0.99940551,1,0.99934825,0.997177215,0.990170493,0.981601075,0.971940863,0.816294897,0.915370424,0.858159448,0.807801282,0.68556193,0.602700943,-0.553442261,-0.5155725,-0.583397543,-0.55036078,-0.541784898,-0.538274347,-0.447803567,-0.588814682,-0.572755996,-0.563225094,-0.747330193,-0.557951102,-0.635184468,-0.593464542,-0.659218248,0.177654098,0.168348243,0.145074548,0.204594091,0.187127954,0.19910995,0.232910291,0.288802174,0.279683637,0.292233848,0.313806833,0.348207053,0.343489404,0.360781265,0.362260556
0.980314956,0.993677891,0.993587506,0.99538226,0.995820391,0.995253485,0.982994289,0.988729767,0.976714798,0.962613082,0.94360104,0.917333849,0.88722526,0.789859894,0.746080735,0.977743548,0.992122636,0.992913069,0.994733945,0.99652222,0.996577167,0.989136344,0.984402974,0.979531214,0.96552146,0.964929708,0.921454059,0.84830022,0.82504984,0.746552365,0.979872465,0.992755145,0.997538713,0.998793407,0.998986198,0.998264004,0.994626309,0.993680089,0.977938391,0.960797745,0.93472331,0.905241166,0.796297391,0.788617183,0.70367891,-0.524661861,-0.576012082,-0.601598505,-0.585246199,-0.62714161,-0.583759158,-0.559212155,-0.577217799,-0.599179849,-0.596712726,-0.658266923,-0.663152983,-0.465927257,-0.674807601,-0.631763869,0.98205369,0.991501173,0.992829408,0.995551144,0.995701815,0.993624809,0.991256664,0.970698778,0.977138194,0.972062451,0.903764474,0.925428166,0.902763838,0.807408589,0.827049424,0.982756357,0.988976968,0.995502368,0.994082973,0.996895545,0.995486253,0.995334448,0.986495432,0.975029317,0.961010033,0.958517591,0.907955403,0.895114254,0.820963462,0.750170366,0.980104717,0.995018473,0.997503584,0.99934825,1,0.998868675,0.995389814,0.988241679,0.976739917,0.95001858,0.917879499,0.900891362,0.864562094,0.764061302,0.674603618,-0.604906592,-0.556036442,-0.579946753,-0.582934702,-0.555210863,-0.5548052,-0.60142971,-0.56689821,-0.526951986,-0.645672638,-0.697907089,-0.638790931,-0.614124625,-0.660530794,-0.616096216,0.052961155,0.140579133,0.142731982,0.138102834,0.149446507,0.136212392,0.180084637,0.225131055,0.245446903,0.236931776,0.240754872,0.293144783,0.316600276,0.322779373,0.401650116
0.97793166,0.986259778,0.991544242,0.991883452,0.991988252,0.993014251,0.991603839,0.989960692,0.979514747,0.972191095,0.947498711,0.892930592,0.867757195,0.845182106,0.73865436,0.972619488,0.989177855,0.989239019,0.992550591,0.994320423,0.992015676,0.994792495,0.989018377,0.978524663,0.98234483,0.940876215,0.930115352,0.87648112,0.850323359,0.808138589,0.973125009,0.989253679,0.992815758,0.997479664,0.998666917,0.99951876,0.998180743,0.993300094,0.988558054,0.975620869,0.956976008,0.90013224,0.840972137,0.849315489,0.690915624,-0.575768787,-0.53712763,-0.505661148,-0.597865267,-0.577653466,-0.610721056,-0.657493109,-0.60863094,-0.610174043,-0.572506766,-0.613252708,-0.62212699,-0.604130053,-0.640203986,-0.630900814,0.983806311,0.981170371,0.985761661,0.993414081,0.99610486,0.994336092,0.992437118,0.991175428,0.970372109,0.972698438,0.967770493,0.921205673,0.908284502,0.835445466,0.766435941,0.984236126,0.977714277,0.988666362,0.987216808,0.996408552,0.993641943,0.993829032,0.988301452,0.982331029,0.965530065,0.956692991,0.937458094,0.916696399,0.933353233,0.803282548,0.982108919,0.986823673,0.992796041,0.997177215,0.998868675,1,0.998882832,0.994506251,0.990316722,0.96399397,0.943268504,0.947700994,0.857401257,0.800538164,0.645805578,-0.542880911,-0.595415638,-0.565131128,-0.627080658,-0.636757762,-0.59191866,-0.657734679,-0.593025492,-0.601435209,-0.548567138,-0.634783904,-0.68612576,-0.611744802,-0.644150153,-0.568736157,0.126225748,0.018792903,0.142823655,0.179962034,0.209481041,0.187374757,0.203099063,0.222690189,0.218220274,0.2541613,0.260066335,0.286264548,0.28970592,0.318759295,0.307600385
0.975323201,0.967716768,0.982080629,0.991880065,0.9836532,0.991058018,0.993279624,0.987413176,0.982355583,0.981211408,0.958031037,0.939402246,0.90657849,0.85519023,0.828071849,0.962400253,0.966172959,0.980283112,0.982645897,0.992084003,0.993537944,0.991207573,0.98992072,0.987644115,0.974120023,0.970577909,0.945489511,0.904091244,0.848202561,0.764403063,0.977209286,0.971541327,0.97710074,0.990445808,0.99633777,0.998456398,0.998843859,0.996696822,0.993497448,0.981202091,0.960393606,0.950579482,0.895705302,0.80854698,0.707243926,-0.565757281,-0.60556706,-0.502538863,-0.634054301,-0.675724203,-0.627771166,-0.62990101,-0.594181466,-0.66746358,-0.618133339,-0.631036218,-0.64902656,-0.635235587,-0.664438703,-0.704707563,0.966229495,0.965941695,0.984226384,0.985162124,0.986119373,0.992331347,0.992773226,0.989746775,0.985290413,0.983815919,0.963674116,0.888160935,0.906259553,0.866217874,0.768851954,0.973546066,0.964698967,0.967020493,0.97119492,0.943220831,0.9893273,0.992390509,0.971962901,0.988337425,0.977591889,0.963925561,0.960788007,0.938821588,0.878597186,0.830284327,0.976312315,0.969994498,0.986581666,0.990170493,0.995389814,0.998882832,1,0.998689104,0.994512075,0.973334817,0.963382171,0.945326475,0.884857085,0.80351084,0.761230162,-0.704910522,-0.580159278,-0.610107804,-0.593781687,-0.653467869,-0.594589074,-0.592741555,-0.629458206,-0.656683594,-0.505176662,-0.741579919,-0.650646113,-0.659629093,-0.681770471,-0.612861604,0.186800343,0.158989858,0.172348531,0.238724989,0.210159583,0.227461242,0.136940605,0.230328378,0.144285398,0.306389946,0.319944239,0.465214681,0.366842474,0.437010498,0.363389676
0.953363287,0.969276622,0.966096014,0.969101664,0.975564938,0.981781376,0.984958378,0.985036133,0.987349688,0.977093765,0.974191362,0.967421119,0.897833651,0.874106301,0.804955077,0.93128515,0.971046911,0.962199531,0.971564308,0.97487733,0.986916823,0.986627153,0.988570405,0.987337786,0.983636593,0.963207968,0.939807003,0.888292146,0.886871415,0.789669696,0.968988579,0.966407038,0.979944431,0.982835249,0.985789601,0.994140299,0.998689924,0.998317484,0.995592534,0.98960233,0.982998526,0.964631377,0.942334156,0.860237394,0.744222209,-0.611906621,-0.605802721,-0.615626071,-0.645517282,-0.680812549,-0.664551194,-0.65386661,-0.662991704,-0.659532649,-0.658885781,-0.737535811,-0.697476019,-0.679459822,-0.720758059,-0.69875173,0.948602529,0.96012666,0.97270837,0.971567374,0.978459322,0.981363569,0.984872615,0.991984427,0.982148109,0.974878491,0.966071338,0.962493796,0.92490692,0.891680998,0.833098535,0.95269229,0.969394921,0.963916522,0.974423175,0.984729666,0.983651098,0.988393174,0.985421398,0.979938153,0.977288331,0.976366885,0.940634356,0.942960866,0.867811783,0.829833873,0.964519701,0.967287887,0.981728621,0.981601075,0.988241679,0.994506251,0.998689104,1,0.997841732,0.988317151,0.982501205,0.948877618,0.913027114,0.872061306,0.690153459,-0.660940649,-0.537726762,-0.634191591,-0.603371067,-0.660758433,-0.516014947,-0.637353219,-0.763347459,-0.590932481,-0.71101151,-0.710907502,-0.67184462,-0.591400142,-0.679794782,-0.692081375,0.166703656,0.186028641,0.220123467,0.195045806,0.240154747,0.218350552,0.115224038,0.238022147,0.254176401,0.323420223,0.301962688,0.304957346,0.30652097,0.337228055,0.366712357
0.946884971,0.945749974,0.950253133,0.951019408,0.958147256,0.971376784,0.978301761,0.977315883,0.984884746,0.983861083,0.96689118,0.950633096,0.930623901,0.929561491,0.880514645,0.929786219,0.930269601,0.943119102,0.962959723,0.965109798,0.969163279,0.976953617,0.979476463,0.984228342,0.977759619,0.966780324,0.960995191,0.924052428,0.849439776,0.832134858,0.946505162,0.94592716,0.953675105,0.963354154,0.976795122,0.986597324,0.99316516,0.998201221,0.99832904,0.994676292,0.98367267,0.965872268,0.922045273,0.887778193,0.731191785,-0.61434065,-0.677681846,-0.672011277,-0.709143553,-0.520455164,-0.682399596,-0.684576023,-0.665669351,-0.698853357,-0.721520864,-0.700503869,-0.711990209,-0.71014461,-0.760984059,-0.70979876,0.903426718,0.959293792,0.954798363,0.953498434,0.970997464,0.968920496,0.979434889,0.985043556,0.981578551,0.97909326,0.977225908,0.960647752,0.8965962,0.885813826,0.793624646,0.947974403,0.942066282,0.953222727,0.952389104,0.965439648,0.971606113,0.977150682,0.98056977,0.984458765,0.983745929,0.973352708,0.952212706,0.931555065,0.934516239,0.865832058,0.934560622,0.960003753,0.955723896,0.971940863,0.976739917,0.990316722,0.994512075,0.997841732,1,0.995119551,0.990732099,0.972708112,0.914659985,0.896512796,0.72202534,-0.620162604,-0.641272134,-0.663543206,-0.677642983,-0.613668148,-0.653673912,-0.692549535,-0.710979372,-0.686576305,-0.709293156,-0.63921456,-0.559494868,-0.691570687,-0.765516167,-0.723250101,-0.03026312,0.186920468,0.169761747,0.21715228,0.174109616,0.226721575,0.285577678,0.230547801,0.235245301,0.277746967,0.276465796,0.303922818,0.340785063,0.386657631,0.334116701
0.903636599,0.934701465,0.925694111,0.922121824,0.947807132,0.96538804,0.960665812,0.957635077,0.968298582,0.973343785,0.974162419,0.955238344,0.907468442,0.865705289,0.845961158,0.885811756,0.901169323,0.930955599,0.93352998,0.941138472,0.949637562,0.964642081,0.964541516,0.967794051,0.974482047,0.936819182,0.96045567,0.930498439,0.919927343,0.848043256,0.920236357,0.906451815,0.939755496,0.961503223,0.965273884,0.950219408,0.980062993,0.983675205,0.992645823,0.996923302,0.989374639,0.980953243,0.932316695,0.915560836,0.795628947,-0.577439545,-0.66512374,-0.714132235,-0.666366922,-0.719705255,-0.699885506,-0.793479825,-0.694327401,-0.690127034,-0.73703152,-0.731858297,-0.732144873,-0.756616498,-0.730278404,-0.704286693,0.912577077,0.911334375,0.931641355,0.938659687,0.935470934,0.953301122,0.950934331,0.964784427,0.986945136,0.963221096,0.9679304,0.932780228,0.908442873,0.846117687,0.841170035,0.906295286,0.906498375,0.925023833,0.932161339,0.944420603,0.955306173,0.96694765,0.950796259,0.964728275,0.972491232,0.980359797,0.966475101,0.926601138,0.91049948,0.847381836,0.913326792,0.932231184,0.949817864,0.816294897,0.95001858,0.96399397,0.973334817,0.988317151,0.995119551,1,0.995804558,0.984822445,0.938065906,0.909808846,0.805414502,-0.648954496,-0.679813573,-0.739041004,-0.691446195,-0.748858781,-0.697125257,-0.667657215,-0.702745757,-0.698287007,-0.76911023,-0.714280891,-0.72182158,-0.660089105,-0.713090596,-0.726679287,0.137174196,0.157193813,-0.032425768,0.161839555,0.203455109,0.329954048,0.233707361,0.257025522,0.260161962,0.253987578,0.305681903,0.259439932,0.304519532,0.297916598,0.32704114
0.897108012,0.895050968,0.924758084,0.891468189,0.89209466,0.928521964,0.920644831,0.928735349,0.953718585,0.963676458,0.957021041,0.96476044,0.949326261,0.891034457,0.883038341,0.89203067,0.867482883,0.899176652,0.896369141,0.910137315,0.934862213,0.934762381,0.945507839,0.960891892,0.969536349,0.966169734,0.9553052,0.951445316,0.921810549,0.812988996,0.895187657,0.849243001,0.91349202,0.923661896,0.952503661,0.919136573,0.954351887,0.972203545,0.981398432,0.992698273,0.99583328,0.991013858,0.96372369,0.938525221,0.921658407,-0.701609323,-0.705659707,-0.784424615,-0.66609363,-0.635302465,-0.687495866,-0.709436621,-0.733376043,-0.737279614,-0.768744626,-0.826856879,-0.772710847,-0.850372279,-0.790951862,-0.779765912,0.892672211,0.879849338,0.907960839,0.880151551,0.911796964,0.935060057,0.939724269,0.940222046,0.953067156,0.963074293,0.976260969,0.942370515,0.949209474,0.927280132,0.895612533,0.858471995,0.889773851,0.92218974,0.913091709,0.905524501,0.928460195,0.929505837,0.951911648,0.968942384,0.967719813,0.934706695,0.959941485,0.949210609,0.893269533,0.844756527,0.853608116,0.905712041,0.906132429,0.915370424,0.917879499,0.943268504,0.963382171,0.982501205,0.990732099,0.995804558,1,0.993517381,0.969574265,0.95373218,0.848667118,-0.676846817,-0.657068309,-0.669025119,-0.704438357,-0.711083151,-0.696429578,-0.727596743,-0.764737365,-0.819360237,-0.710054868,-0.668745882,-0.79844492,-0.793184002,-0.675149357,-0.780212918,0.184630532,0.163906072,0.11765055,0.129153878,0.222315587,0.259740943,0.155979433,0.26029758,0.192207494,0.246052053,0.233885596,0.22480525,0.264193326,0.272928509,0.324963922
0.858050988,0.884443677,0.834507473,0.851256732,0.870241537,0.883706347,0.845123927,0.904319646,0.933272685,0.92527704,0.93469948,0.924772676,0.93484411,0.908916282,0.871485687,0.815795376,0.835947888,0.727811119,0.837301733,0.885193375,0.887443103,0.908378027,0.946638946,0.909205375,0.936775961,0.93165223,0.95052921,0.932305099,0.910708817,0.879471147,0.842678962,0.872468804,0.835028007,0.86083802,0.90560635,0.906968074,0.944800831,0.954668921,0.947061204,0.974726093,0.984723584,0.990369996,0.984652802,0.968555048,0.917115919,-0.659708488,-0.727608018,-0.759026885,-0.712248128,-0.77412989,-0.714737034,-0.733944151,-0.802385186,-0.778172161,-0.734130002,-0.82782775,-0.790426781,-0.772220561,-0.807369156,-0.8252876,0.813544346,0.844421752,0.814544833,0.885977627,0.866378132,0.877232039,0.908711918,0.918332669,0.9012939,0.939884543,0.953033067,0.911205263,0.922845444,0.90065817,0.897437188,0.816287779,0.817485646,0.834235408,0.873754146,0.88169948,0.871969793,0.870617743,0.907582004,0.896285964,0.925805501,0.939158748,0.946442752,0.936319108,0.928645632,0.916517719,0.780213348,0.887021553,0.8602116,0.858159448,0.900891362,0.947700994,0.945326475,0.948877618,0.972708112,0.984822445,0.993517381,1,0.991852795,0.943799887,0.866790472,-0.739645029,-0.620700176,-0.704935538,-0.663845294,-0.725646324,-0.735785238,-0.800204708,-0.763726699,-0.764294456,-0.80648726,-0.815705393,-0.719457314,-0.79258021,-0.843378017,-0.787852405,0.032030179,0.028018135,0.067725689,0.092479382,0.090859814,0.109802075,0.132443865,0.153942247,0.148887948,0.159488124,0.164477477,0.186298713,0.198091875,0.229419779,0.210076829
0.7869582,0.780062076,0.735377438,0.542712555,0.836606134,0.81591771,0.821682708,0.857485059,0.893136154,0.891835284,0.908913293,0.913934037,0.906411933,0.909398727,0.907099789,0.759438683,0.760980003,0.76085223,0.866224262,0.766346492,0.839270933,0.835516198,0.800004249,0.881087447,0.826604878,0.911000349,0.915126051,0.913649183,0.830290749,0.849814103,0.73596053,0.749904661,0.777150241,0.804028814,0.76365087,0.878576747,0.886121396,0.88454832,0.931906008,0.967908098,0.955290433,0.982359686,0.986092261,0.981218489,0.932944994,-0.703297104,-0.712768146,-0.705546944,-0.727941431,-0.732074241,-0.747321236,-0.78286407,-0.760136545,-0.765937662,-0.761618125,-0.798305735,-0.799994136,-0.886643106,-0.813578067,-0.749432407,0.799750102,0.760018888,0.802085588,0.769544533,0.89840246,0.830284578,0.835184741,0.826240355,0.848562037,0.935370094,0.916173476,0.911800181,0.920670108,0.89390764,0.928460487,0.61783209,0.776389019,0.776146786,0.787256599,0.822645455,0.798445936,0.758100713,0.849966359,0.888612292,0.77641077,0.913724448,0.913689149,0.921315959,0.922670906,0.877985287,0.764415923,0.788817605,0.794025644,0.807801282,0.864562094,0.857401257,0.884857085,0.913027114,0.914659985,0.938065906,0.969574265,0.991852795,1,0.98851367,0.957059067,-0.699953537,-0.765412086,-0.77998869,-0.822648363,-0.590840475,-0.72920274,-0.75330429,-0.709590958,-0.789625853,-0.770597536,-0.585981343,-0.829206526,-0.854906564,-0.851681378,-0.871286638,0.075223971,-0.022343713,0.046823563,0.052392815,0.074250663,-0.082768718,0.182328908,0.192321762,0.135503176,0.095262855,0.183282986,0.188226728,0.214263503,0.157975092,0.184254427
0.684919627,0.632587163,0.710765393,0.660687879,0.709462168,0.752908933,0.77108134,0.821604913,0.761960237,0.772269262,0.789931842,0.894380717,0.880135347,0.856938962,0.810664466,0.680731981,0.664644416,0.656548789,0.681685232,0.678858452,0.749789841,0.748037471,0.815252971,0.793870407,0.7595913,0.838902261,0.851363819,0.828469921,0.871698872,0.856565686,0.713935172,0.694434896,0.747743695,0.782943333,0.694258396,0.797741261,0.827802165,0.832826603,0.825919949,0.861030233,0.861851402,0.948190796,0.970328422,0.978161945,0.973974795,-0.707264784,-0.71472078,-0.735327246,-0.712621582,-0.708326675,-0.722006668,-0.717434564,-0.727006837,-0.770042879,-0.775652939,-0.75473629,-0.831494427,-0.816578014,-0.90237343,-0.801276624,0.699127299,0.705559885,0.684297433,0.682148785,0.76453086,0.777390243,0.790221435,0.830240668,0.833228752,0.765811469,0.791901789,0.802660465,0.819816396,0.901310291,0.791261924,0.707296336,0.713989242,0.657598173,0.711060597,0.776305901,0.74699474,0.674230457,0.842224473,0.785954544,0.838347029,0.789985986,0.832856141,0.911194404,0.869331544,0.856937381,0.697437952,0.684316061,0.731410049,0.68556193,0.764061302,0.800538164,0.80351084,0.872061306,0.896512796,0.909808846,0.95373218,0.943799887,0.98851367,1,0.990794636,-0.712766633,-0.667236851,-0.693692152,-0.698206133,-0.775511849,-0.690321457,-0.710322756,-0.654216867,-0.736087922,-0.755950603,-0.812294976,-0.747180148,-0.798927173,-0.835295589,-0.808643963,0.057275015,0.048731055,0.001075887,-0.015028886,-0.020832988,0.080692702,0.073166378,0.061232869,0.081113362,0.152061918,0.09717574,0.064188086,0.034334461,0.081518168,0.153797777
0.51024575,0.458829586,0.638663231,0.624474406,0.62572538,0.555094293,0.615040438,0.626042812,0.691750904,0.819198817,0.758457705,0.77355186,0.793217077,0.785038726,0.852961654,0.570989905,0.603784782,0.567400737,0.562081917,0.661251387,0.626291301,0.628402276,0.619034394,0.662076303,0.773355737,0.754164268,0.825471297,0.874818458,0.807189946,0.80909276,0.514452631,0.560584369,0.597606774,0.413713289,0.640689471,0.665291529,0.640561476,0.66959611,0.694212688,0.79109999,0.872879854,0.80856466,0.933520699,0.952550599,0.983502761,-0.626250459,-0.637102432,-0.660693827,-0.660111282,-0.629563601,-0.682192517,-0.701182318,-0.741790069,-0.696690032,-0.754534045,-0.759818419,-0.689643767,-0.784573732,-0.76630784,-0.773790336,0.529943141,0.744196631,0.696058741,0.665023294,0.558311054,0.61095127,0.699914954,0.636132598,0.679251239,0.701144017,0.753586391,0.844367039,0.790324502,0.77404607,0.792286698,0.504058637,0.577548976,0.576763514,0.509982422,0.529392136,0.602274578,0.655695019,0.488609779,0.705820994,0.734497568,0.767760769,0.783632374,0.795212161,0.739485727,0.759787009,0.589985337,0.593790031,0.647997855,0.602700943,0.674603618,0.645805578,0.761230162,0.690153459,0.72202534,0.805414502,0.848667118,0.866790472,0.957059067,0.990794636,1,-0.632372554,-0.631006163,-0.706034969,-0.68545284,-0.659560368,-0.677783853,-0.698639756,-0.672395817,-0.709167165,-0.776955672,-0.733108959,-0.802928001,-0.820409238,-0.789425388,-0.831020191,-0.024961718,0.027132805,-0.043999832,-0.02836509,-0.010203007,-0.12209501,-0.004837952,0.016111422,-0.087600902,-0.032347804,-0.084836848,0.037901518,0.045797292,0.005865179,0.007740585
-0.594171009,-0.416326286,-0.672399326,-0.574799392,-0.564469799,-0.577130689,-0.563545549,-0.556509091,-0.617098194,-0.622836301,-0.632097606,-0.717176075,-0.683029413,-0.705373753,-0.635813404,-0.50745687,-0.383409865,-0.557455424,-0.471925062,-0.535914329,-0.63322238,-0.576993254,-0.580019898,-0.618691247,-0.652253317,-0.730977401,-0.694151289,-0.725372254,-0.700750757,-0.808240901,-0.54718609,-0.44469609,-0.418077082,-0.605436415,-0.530355124,-0.557006985,-0.590033233,-0.618999417,-0.640922812,-0.631240329,-0.656640869,-0.678536232,-0.703261839,-0.665654523,-0.66609978,1,0.99832239,0.992810223,0.997766518,0.991490411,0.991298725,0.98703835,0.969411712,0.974019774,0.969893328,0.963065186,0.944236377,0.918124701,0.919182593,0.858822162,-0.53937696,-0.483826681,-0.446560326,-0.498038591,-0.276551183,-0.546107867,-0.600874785,-0.632041811,-0.596538854,-0.668291167,-0.660598633,-0.72752129,-0.67432847,-0.633768971,-0.673149969,-0.498081853,-0.556456122,-0.497077201,-0.504960663,-0.553105675,-0.604389147,-0.590226374,-0.497632179,-0.536000857,-0.672994715,-0.458430101,-0.630381781,-0.707536709,-0.651869392,-0.682895602,-0.444984073,-0.513706917,-0.534588257,-0.553442261,-0.604906592,-0.542880911,-0.704910522,-0.660940649,-0.620162604,-0.648954496,-0.676846817,-0.739645029,-0.699953537,-0.712766633,-0.632372554,1,0.998564933,0.993805373,0.997043982,0.992605143,0.988100982,0.990612495,0.970010699,0.971998639,0.973559797,0.963521989,0.960683768,0.913643222,0.914475902,0.858932188,0.055668885,0.066791443,0.043863809,0.079676386,0.033819851,0.039292151,0.077074644,0.06115858,0.026366367,0.030318122,0.060187619,0.058071653,0.026746969,0.034226194,0.032613777
-0.543813766,-0.513460102,-0.590553711,-0.611918677,-0.488917814,-0.560051265,-0.526477308,-0.379857281,-0.770162413,-0.587849346,-0.655119939,-0.749368318,-0.719221392,-0.682691633,-0.673388592,-0.484628043,-0.573806378,-0.637285682,-0.584948185,-0.59723631,-0.579629053,-0.575677287,-0.570880774,-0.656909248,-0.596979354,-0.65350324,-0.672835315,-0.745011609,-0.720745666,-0.710482557,-0.489893482,-0.516851733,-0.546356529,-0.56953696,-0.55145578,-0.486837888,-0.585300189,-0.594831498,-0.678656246,-0.626085112,-0.619084966,-0.715204422,-0.708768255,-0.830845152,-0.672794996,0.997637063,1,0.997080407,0.993748251,0.996542954,0.992785247,0.989169792,0.990726248,0.975866362,0.971452839,0.973467042,0.944274666,0.914954546,0.901203919,0.893895273,-0.545798201,-0.590530213,-0.452549113,-0.587374377,-0.564897963,-0.369085969,-0.604851137,-0.580535348,-0.648338156,-0.695357173,-0.646262772,-0.674379393,-0.65653984,-0.660323355,-0.66509656,-0.601910401,-0.518185014,-0.581873452,-0.514164718,-0.575841095,-0.564955777,-0.590143425,-0.645860797,-0.651167945,-0.631711116,-0.685621645,-0.696971218,-0.714672162,-0.710855218,-0.736759856,-0.511978298,-0.767214564,-0.563377381,-0.5155725,-0.556036442,-0.595415638,-0.580159278,-0.537726762,-0.641272134,-0.679813573,-0.657068309,-0.620700176,-0.765412086,-0.667236851,-0.631006163,0.998564933,1,0.997054956,0.991873747,0.995795992,0.992640482,0.989682251,0.982289157,0.976904404,0.979180862,0.960839917,0.956481765,0.915865403,0.914553187,0.863867679,0.045790548,0.04520582,0.01264516,0.048127558,0.264224012,0.077092841,0.09973428,0.059621129,0.071393283,0.075944567,0.074169695,0.054078835,0.026427813,0.043150273,0.062804887
-0.504717928,-0.577763922,-0.566392026,-0.668472585,-0.541511564,-0.601165807,-0.584343498,-0.562857516,-0.618945211,-0.684504643,-0.71449733,-0.696175513,-0.73175428,-0.69926969,-0.618981784,-0.525166304,-0.528368883,-0.629831114,-0.580741532,-0.535472496,-0.566491322,-0.610550602,-0.61958559,-0.650184493,-0.604767202,-0.686528823,-0.781184527,-0.763608231,-0.735888038,-0.691944871,-0.51287677,-0.514947602,-0.537927574,-0.55129423,-0.53193773,-0.617268806,-0.601136612,-0.63617981,-0.64519935,-0.629710589,-0.599919525,-0.746686028,-0.624698194,-0.74893537,-0.635860422,0.992803515,0.998409249,1,0.993008107,0.992226299,0.996379511,0.992145834,0.986650455,0.984115809,0.97689084,0.970989535,0.952200458,0.93684489,0.911527161,0.875711669,-0.407308647,-0.520079343,-0.510613286,-0.576104273,-0.527446485,-0.533469891,-0.59829898,-0.616340899,-0.623789392,-0.609085669,-0.627096634,-0.723543431,-0.693962923,-0.772612379,-0.672808503,-0.435151037,-0.514556648,-0.013836769,-0.523234445,-0.606217218,-0.540719278,-0.620610005,-0.616540572,-0.565351074,-0.634861895,-0.663234681,-0.652940624,-0.699384304,-0.783731494,-0.595084084,-0.527777674,-0.594704571,-0.617676226,-0.583397543,-0.579946753,-0.565131128,-0.610107804,-0.634191591,-0.663543206,-0.739041004,-0.669025119,-0.704935538,-0.77998869,-0.693692152,-0.706034969,0.993805373,0.997054956,1,0.998029461,0.994898349,0.995531031,0.993658674,0.986960347,0.979168619,0.976318449,0.972647827,0.944115874,0.957443151,0.918690802,0.879956428,0.074854637,0.045560936,0.080966445,0.077725081,0.121545884,0.056244198,0.040388603,0.092958889,0.053416152,0.086117007,0.037651533,0.039662632,-0.036741477,0.093414263,0.012381777
-0.481874196,-0.465846084,-0.578341651,-0.552310467,-0.53011271,-0.560302538,-0.632874862,-0.636970494,-0.62315633,-0.734787669,-0.686653807,-0.727246271,-0.695238375,-0.706689249,-0.690090374,-0.52242515,-0.56563395,-0.575894444,-0.55505219,-0.605761403,-0.641966662,-0.606682732,-0.596776929,-0.488842474,-0.654251732,-0.690514001,-0.756826804,-0.715638882,-0.753979109,-0.72114978,-0.508135697,-0.494912346,-0.542791585,-0.57779513,-0.509650768,-0.58968615,-0.694733898,-0.63940458,-0.585075799,-0.59732195,-0.712949314,-0.560588314,-0.690362019,-0.69398992,-0.657979238,0.998084295,0.992303821,0.997861886,1,0.995644157,0.990182737,0.987470592,0.991745994,0.990325648,0.975032603,0.970897584,0.947206432,0.941828858,0.90751766,0.913455325,-0.482945892,-0.522878493,-0.551397889,-0.562072065,-0.507945868,-0.613773701,-0.618424197,-0.680147064,-0.62387771,-0.737594624,-0.689768457,-0.706388751,-0.737360337,-0.7623509,-0.744253988,-0.516260392,-0.537425388,-0.617931697,-0.539338859,-0.56120508,-0.587641923,-0.587109799,-0.647051576,-0.625041248,-0.688856772,-0.664217347,-0.76536392,-0.748531375,-0.765070913,-0.766034859,-0.506312112,-0.477211024,-0.71623752,-0.55036078,-0.582934702,-0.627080658,-0.593781687,-0.603371067,-0.677642983,-0.691446195,-0.704438357,-0.663845294,-0.822648363,-0.698206133,-0.68545284,0.997043982,0.991873747,0.998029461,1,0.998109826,0.990604852,0.989485955,0.99250527,0.989633064,0.979630612,0.966646772,0.961135822,0.938859498,0.934559138,0.900321017,0.104017406,0.054901018,0.049565873,0.091049105,-0.000915113,0.086166305,0.018176067,0.101095821,0.011653533,0.067857696,0.036933142,0.046801322,0.013038929,0.052693654,0.038549219
-0.527233671,-0.531962328,-0.533533716,-0.574264603,-0.59527465,-0.603820359,-0.576396408,-0.604503142,-0.683894447,-0.674058272,-0.670636343,-0.700203257,-0.720815239,-0.767191408,-0.752994361,-0.471954815,-0.542154053,-0.533742594,-0.558757111,-0.582949065,-0.573573687,-0.680048048,-0.648994065,-0.686366952,-0.695950357,-0.803123719,-0.739162822,-0.730420825,-0.739830216,-0.757902625,-0.50807695,-0.521634104,-0.493448484,-0.562979795,-0.570608601,-0.566694938,-0.577005201,-0.639436197,-0.671545552,-0.67665247,-0.691285002,-0.712729858,-0.722062149,-0.695710183,-0.684354557,0.993090037,0.995694759,0.991767327,0.996329264,1,0.9977494,0.992354202,0.984173742,0.98780495,0.982471923,0.976905083,0.972675837,0.946448925,0.937317092,0.900766668,-0.501464993,-0.49765073,-0.527357642,-0.574257634,-0.579442829,-0.583556951,-0.577679158,-0.674759916,-0.627081001,-0.672299743,-0.690128515,-0.705811335,-0.694363277,-0.589498707,-0.74274574,-0.532637673,-0.507753663,-0.489882861,-0.566698334,-0.567896088,-0.628638237,-0.604281077,-0.623387267,-0.675932408,-0.676504467,-0.684809901,-0.699841349,-0.682029105,-0.741854515,-0.715948722,-0.502814584,-0.528427696,-0.549086428,-0.541784898,-0.555210863,-0.636757762,-0.653467869,-0.660758433,-0.613668148,-0.748858781,-0.711083151,-0.725646324,-0.590840475,-0.775511849,-0.659560368,0.992605143,0.995795992,0.994898349,0.998109826,1,0.997335501,0.98750037,0.985619975,0.984055596,0.977669551,0.979721504,0.957664008,0.948554425,0.932925013,0.921306171,0.087325091,0.09721442,0.107771991,0.060093251,0.310398065,0.079009469,0.106106662,0.081551934,0.035641391,0.070965368,0.043950308,0.025486073,0.10290003,0.040883909,0.026321996
-0.520576148,-0.54048033,-0.532578008,-0.566315012,-0.597924803,-0.602937229,-0.573412285,-0.679170345,-0.669579695,-0.663801124,-0.650560883,-0.737691262,-0.692415652,-0.787684888,-0.766562314,-0.500034279,-0.530926191,-0.548466728,-0.543445667,-0.575203029,-0.601285409,-0.654415248,-0.655855061,-0.620697683,-0.700048869,-0.668615623,-0.641240154,-0.707964337,-0.780104658,-0.745676544,-0.523463791,-0.544815349,-0.503758191,-0.537001682,-0.610818396,-0.61221009,-0.621821888,-0.663493793,-0.656590366,-0.686632561,-0.68753758,-0.683426472,-0.764428,-0.716006794,-0.602109211,0.989949406,0.991910657,0.996496851,0.990345146,0.997358918,1,0.999605485,0.993550456,0.983745038,0.979798358,0.980293772,0.969898613,0.962243416,0.924114521,0.924729603,-0.518327366,-0.517072565,-0.578618097,-0.535277625,-0.588035553,-0.579235451,-0.578308268,-0.604267748,-0.648399693,-0.807185034,-0.678529911,-0.714335324,-0.724325408,-0.668337994,-0.728774477,-0.503454332,-0.537090469,-0.539073987,-0.581404102,-0.602870779,-0.601542691,-0.602217858,-0.643508079,-0.563047642,-0.684095901,-0.656324924,-0.708230172,-0.763038901,-0.720815976,-0.729307416,-0.491676885,-0.547948908,-0.539551084,-0.538274347,-0.5548052,-0.59191866,-0.594589074,-0.516014947,-0.653673912,-0.697125257,-0.696429578,-0.735785238,-0.72920274,-0.690321457,-0.677783853,0.988100982,0.992640482,0.995531031,0.990604852,0.997335501,1,0.99961791,0.991040429,0.983024072,0.979253644,0.982444814,0.963652975,0.955450528,0.936962854,0.904214815,0.142728351,0.059355148,0.139110358,0.046456997,0.051207249,0.045174421,0.061830744,0.08724106,0.074760449,0.067312551,0.037260837,0.051912363,0.117590547,-0.042681747,0.061260972
-0.487092162,-0.496267606,-0.532249238,-0.542725365,-0.544336103,-0.59551566,-0.579061104,-0.65124466,-0.64076033,-0.639414442,-0.593191112,-0.717157932,-0.710841741,-0.762218881,-0.700062321,-0.645708757,-0.532372021,-0.46096104,-0.510699811,-0.557761858,-0.608240848,-0.595254381,-0.640106928,-0.661055034,-0.676197442,-0.689400421,-0.678005124,-0.822461112,-0.73544803,-0.756492419,-0.525790541,-0.566759214,-0.536900329,-0.595341155,-0.547056509,-0.785192014,-0.608945121,-0.65953496,-0.631436154,-0.686155345,-0.709344719,-0.729688411,-0.756099503,-0.766939703,-0.715390864,0.940805671,0.98859401,0.992320389,0.967753604,0.992638854,0.999604612,1,0.999233692,0.998175059,0.992094638,0.985089607,0.971501953,0.971189936,0.954171727,0.92400981,-0.494781449,-0.553232438,-0.521482952,-0.533730088,-0.627549421,-0.539553609,-0.095451502,-0.628712386,-0.649483461,-0.746254098,-0.688133534,-0.71610488,-0.76146705,-0.746900729,-0.743796505,-0.491459832,-0.539530679,-0.614121364,-0.576906204,-0.569253331,-0.551823784,-0.587453664,-0.642901554,-0.674448853,-0.707735438,-0.739504604,-0.745452467,-0.770968581,-0.734932591,-0.754512044,-0.504142734,-0.528865176,-0.513237602,-0.447803567,-0.60142971,-0.657734679,-0.592741555,-0.637353219,-0.692549535,-0.667657215,-0.727596743,-0.800204708,-0.75330429,-0.710322756,-0.698639756,0.990612495,0.989682251,0.993658674,0.989485955,0.98750037,0.99961791,1,0.99913631,0.998024087,0.992933484,0.984411439,0.972358068,0.953264158,0.961890617,0.923017363,0.094822364,0.089388192,0.065914917,0.06537617,0.090117779,0.05421073,0.074660877,0.077353355,0.103155628,0.049203927,0.035704519,0.034220002,0.056475061,0.016486621,0.021960129
-0.551617555,-0.510441175,-0.505467851,-0.649561673,-0.636065373,-0.608166618,-0.619870283,-0.704009648,-0.666840782,-0.666366167,-0.715139601,-0.767617175,-0.755206767,-0.781666857,-0.766231314,-0.489926607,-0.526694631,-0.686008331,-0.552425773,-0.573585254,-0.591381583,-0.581556521,-0.620180642,-0.668408083,-0.697394207,-0.713433908,-0.717039152,-0.783943094,-0.77322231,-0.817939802,-0.508161825,-0.507983192,-0.547374114,-0.558812834,-0.605160282,-0.619653897,-0.64048141,-0.615792876,-0.693498298,-0.777247486,-0.80307502,-0.692945572,-0.728876136,-0.760925152,-0.701114303,0.974189413,0.985136878,0.986616437,0.990264793,0.984623334,0.990805916,0.999205117,1,0.999177175,0.997290718,0.99402601,0.985481943,0.972842404,0.954546079,0.931897482,-0.420766632,-0.521863611,-0.575140436,-0.55462161,-0.580927654,-0.691835595,-0.665289577,-0.530596802,-0.62404189,-0.706385874,-0.708614003,-0.634172238,-0.650934879,-0.765528038,-0.810196345,-0.544442408,-0.517539544,-0.53170317,-0.537814862,-0.534681953,-0.59279518,-0.617331232,-0.514052862,-0.652924867,-0.649956232,-0.716460311,-0.756633263,-0.776656592,-0.77235607,-0.73759037,-0.561022097,-0.549884551,-0.58447939,-0.588814682,-0.56689821,-0.593025492,-0.629458206,-0.763347459,-0.710979372,-0.702745757,-0.764737365,-0.763726699,-0.709590958,-0.654216867,-0.672395817,0.970010699,0.982289157,0.986960347,0.99250527,0.985619975,0.991040429,0.99913631,1,0.999158994,0.997460334,0.994420106,0.987187953,0.97133638,0.954363425,0.937734119,0.088011297,0.171274081,0.071510407,0.07514081,0.083741689,0.063389513,0.062699466,0.049285704,0.050492387,0.073897252,0.062557307,0.03974101,0.056090115,0.022981144,0.044121362
-0.530545001,-0.519053367,-0.621349907,-0.549980525,-0.556633142,-0.51876788,-0.667266523,-0.65524046,-0.666368563,-0.71159361,-0.702910311,-0.746748532,-0.766703031,-0.770021431,-0.745634381,-0.543575458,-0.538835563,-0.509060065,-0.547285664,-0.599886634,-0.61545396,-0.642748394,-0.615156222,-0.722183722,-0.715246094,-0.692383216,-0.765833837,-0.767297687,-0.775945453,-0.765426624,-0.593971215,-0.488327241,-0.54837228,-0.567801855,-0.553668689,-0.621307983,-0.733178519,-0.567801707,-0.802475018,-0.666094316,-0.67281418,-0.787737541,-0.725234337,-0.741942393,-0.713723487,0.974115069,0.978530666,0.98428518,0.987908481,0.96685228,0.984591862,0.998406118,0.999085164,1,0.999164764,0.996098179,0.992117488,0.984176641,0.975044521,0.960012481,-0.530451893,-0.519645203,-0.563584352,-0.560468229,-0.61761012,-0.573546065,-0.623070591,-0.661558063,-0.595588523,-0.657445413,-0.573659282,-0.784063175,-0.822680461,-0.839211041,-0.679361971,-0.428893244,-0.344287093,-0.588621033,-0.611202863,-0.641699114,-0.656632767,-0.642553718,-0.623285283,-0.637050779,-0.705661032,-0.654533669,-0.684352316,-0.784156656,-0.746268949,-0.773904682,-0.506957563,-0.504330528,-0.521165021,-0.572755996,-0.526951986,-0.601435209,-0.656683594,-0.590932481,-0.686576305,-0.698287007,-0.819360237,-0.764294456,-0.789625853,-0.736087922,-0.709167165,0.971998639,0.976904404,0.979168619,0.989633064,0.984055596,0.983024072,0.998024087,0.999158994,1,0.999244965,0.996869966,0.990685276,0.981846203,0.97137374,0.942723854,0.127400702,0.113253825,0.057076805,0.051246389,0.057417288,0.057537916,0.036833837,0.044147594,0.069417687,0.049696453,0.029773312,0.043224453,0.030689272,0.007378461,0.005652154
-0.541914498,-0.545414118,-0.495219082,-0.592178992,-0.614608849,-0.523778731,-0.697315779,-0.658191805,-0.740303612,-0.828742286,-0.73256086,-0.791124339,-0.789013007,-0.805742681,-0.786504749,-0.537700537,-0.514463103,-0.604751582,-0.477844325,-0.652400726,-0.64551139,-0.615990362,-0.664761453,-0.722586443,-0.695437336,-0.732021726,-0.784768676,-0.731180009,-0.802938002,-0.785930934,-0.668135339,-0.5510355,-0.575607496,-0.543537551,-0.62024921,-0.606472567,-0.622298735,-0.71674522,-0.624185449,-0.660931441,-0.754174472,-0.674224917,-0.781364547,-0.740316514,-0.834522844,0.96414167,0.974614012,0.974670241,0.97886852,0.977822968,0.979486458,0.989963727,0.998462956,0.999172621,1,0.999012168,0.995918541,0.988843704,0.973529823,0.980607744,-0.510858365,-0.611385706,-0.556385175,-0.541971941,-0.595200222,-0.600707246,-0.694788188,-0.657358036,-0.703988764,-0.728398145,-0.720669859,-0.781765985,-0.755608277,-0.785783898,-0.767079127,-0.505890407,-0.48688955,-0.537278572,-0.607711879,-0.622379661,-0.590094595,-0.43580941,-0.641795542,-0.751539491,-0.733102328,-0.670219833,-0.768796197,-0.729781746,-0.745872784,-0.787919725,-0.524576846,-0.54722798,-0.521541218,-0.563225094,-0.645672638,-0.548567138,-0.505176662,-0.71101151,-0.709293156,-0.76911023,-0.710054868,-0.80648726,-0.770597536,-0.755950603,-0.776955672,0.973559797,0.979180862,0.976318449,0.979630612,0.977669551,0.979253644,0.992933484,0.997460334,0.999244965,1,0.999035185,0.995166022,0.989213846,0.977026351,0.960197336,-0.39815714,0.067305244,0.068538872,0.057731805,-0.011067821,0.039492953,0.049533409,0.075007632,0.070586712,0.037142904,0.011542483,0.04919305,0.058396995,0.041868922,0.032906913
-0.700354527,-0.515802212,-0.579363322,-0.592195139,-0.518722703,-0.618379633,-0.614373028,-0.668797797,-0.659600408,-0.684452244,-0.741103169,-0.759868701,-0.755331327,-0.810991985,-0.787763603,-0.461963355,-0.542480948,-0.559760956,-0.613121892,-0.545813578,-0.599826858,-0.725572436,-0.718773615,-0.670694834,-0.776039869,-0.701248953,-0.671991471,-0.797864237,-0.788186977,-0.811544241,-0.497721498,-0.561588228,-0.608503409,-0.633630609,-0.586110276,-0.60808761,-0.629054734,-0.602792013,-0.680576172,-0.664628689,-0.648125034,-0.742712064,-0.762101579,-0.763758495,-0.742408769,0.956516393,0.967583143,0.963156793,0.970453178,0.98169402,0.978650368,0.980065708,0.994060712,0.997143286,0.999148541,0,0.998712966,0.994640017,0.983349962,0.967887181,-0.496745925,-0.575662489,-0.441487928,-0.527076763,-0.581620943,-0.567024638,-0.69537826,-0.63200856,-0.683591185,-0.656058759,-0.723322637,-0.787842198,-0.784194091,-0.784436079,-0.807460593,-0.562595024,-0.559746614,-0.560322009,-0.54722011,-0.455569737,-0.639286086,-0.627396233,-0.657348281,-0.673085591,-0.676335187,-0.718213011,-0.753698056,-0.87713227,-0.799435225,-0.801574166,-0.578044949,-0.552539923,-0.555265127,-0.747330193,-0.697907089,-0.634783904,-0.741579919,-0.710907502,-0.63921456,-0.714280891,-0.668745882,-0.815705393,-0.585981343,-0.812294976,-0.733108959,0.963521989,0.960839917,0.972647827,0.966646772,0.979721504,0.982444814,0.984411439,0.994420106,0.996869966,0.999035185,1,0.999037946,0.994369597,0.982510829,0.979402436,0.069710103,0.020071473,0.137659318,0.088237459,0.061894426,0.069119461,0.02939949,0.048601171,0.000758908,0.018416858,0.047625535,0.009247322,0.026235679,0.040594754,-0.001566908
-0.518417747,-0.590215774,-0.549877476,-0.590060772,-0.551766697,-0.7231159,-0.594262384,-0.64259884,-0.742726898,-0.704909122,-0.73915896,-0.784053184,-0.783373362,-0.833046928,-0.515180023,-0.51622513,-0.561255599,-0.547421451,-0.457589735,-0.618524463,-0.634223964,-0.649251618,-0.650320779,-0.615325444,-0.723243693,-0.762249914,-0.789621787,-0.76758982,-0.875815498,-0.832196894,-0.534084226,-0.567254871,-0.562064632,-0.590776149,-0.62212053,-0.690231402,-0.616247686,-0.666197057,-0.733365685,-0.767732737,-0.787285033,-0.820030171,-0.832270867,-0.816408801,-0.770303772,0.948161236,0.947942066,0.945279361,0.964399712,0.964969403,0.972108652,0.97353626,0.987505972,0.99332973,0.996974884,0.998867982,1,0.998823819,0.991016873,0.983509777,-0.444955392,-0.561264598,-0.497101483,-0.551962906,-0.556680351,-0.596223005,-0.689942387,-0.692192732,-0.629039731,-0.711482306,-0.786160711,-0.746667815,-0.78919354,-0.789639588,-0.778126819,-0.404474118,-0.533371463,-0.559821645,-0.580610978,-0.631126394,-0.609207919,-0.696411025,-0.610144679,-0.715648469,-0.785027063,-0.846031272,-0.775587185,-0.683471233,-0.751242401,-0.839426453,-0.582459901,-0.540007603,-0.549722283,-0.557951102,-0.638790931,-0.68612576,-0.650646113,-0.67184462,-0.559494868,-0.72182158,-0.79844492,-0.719457314,-0.829206526,-0.747180148,-0.802928001,0.960683768,0.956481765,0.944115874,0.961135822,0.957664008,0.963652975,0.972358068,0.987187953,0.990685276,0.995166022,0.999037946,1,0.99856205,0.993142452,0.984429868,0.070319143,0.081100226,0.103171825,0.064637884,0.022557268,0.093430392,0.046483349,0.013311329,-0.038061975,0.034995971,0.081387793,0.001135855,0.04582932,0.014862522,0.019421457
-0.543831779,-0.574058743,-0.455156868,-0.589929767,-0.635330801,-0.701225568,-0.654114375,-0.731299134,-0.597574075,-0.673075939,-0.724672497,-0.845834641,-0.725462654,-0.821981543,-0.774831339,-0.591113693,-0.481325468,-0.650699915,-0.58342871,-0.606991417,-0.650086946,-0.627022519,-0.668123497,-0.695370509,-0.715906522,-0.781357948,-0.781829529,-0.769633923,-0.760810648,-0.826699038,-0.529588557,-0.500101347,-0.560463636,-0.664050802,-0.597784296,-0.62135433,-0.602446566,-0.728934053,-0.695648513,-0.785134807,-0.88426402,-0.764488022,-0.758193357,-0.838460653,-0.783957538,0.922340116,0.929895849,0.929521323,0.938379713,0.94852237,0.952964541,0.969509647,0.968692089,0.979431648,0.987848616,0.99331093,0.998753355,1,0.998262616,0.993140499,-0.570559514,-0.550826251,-0.623663695,-0.58842684,-0.712799717,-0.703400087,-0.648507883,-0.653316368,-0.691864156,-0.669170597,-0.699558292,-0.783800539,-0.854714315,-0.69796929,-0.746700652,-0.659195817,-0.55938316,-0.621424262,-0.588399841,-0.664100233,-0.6890334,-0.634204016,-0.656927803,-0.610351575,-0.753193009,-0.726683298,-0.796076138,-0.700818049,-0.82890586,-0.879775744,-0.444113423,-0.518199509,-0.554849654,-0.635184468,-0.614124625,-0.611744802,-0.659629093,-0.591400142,-0.691570687,-0.660089105,-0.793184002,-0.79258021,-0.854906564,-0.798927173,-0.820409238,0.913643222,0.915865403,0.957443151,0.938859498,0.948554425,0.955450528,0.953264158,0.97133638,0.981846203,0.989213846,0.994369597,0.99856205,1,0.997686955,0.976975584,0.08664642,0.085923321,0.008388167,0.03662049,0.03119772,0.002863588,0.117970341,0.029773746,-0.035818858,0.031080503,0.019562456,-0.009612108,0.009604493,0.00463045,0.017833136
-0.517655205,-0.551974128,-0.63458582,-0.687004139,-0.664878542,-0.535507906,-0.580086078,-0.723086636,-0.780279861,-0.684914614,-0.582111577,-0.776691269,-0.800227479,-0.778050631,-0.827812557,-0.560825173,-0.535062275,-0.607082745,-0.558343016,-0.555523943,-0.63356181,-0.687091,-0.79091067,-0.64527523,-0.741129685,-0.850840933,-0.85062017,-0.861035562,-0.872753558,-0.857356584,-0.5444333,-0.582364301,-0.606117188,-0.616543149,-0.636863815,-0.641776355,-0.670086358,-0.773095276,-0.739309512,-0.682253675,-0.919168301,-0.772499356,-0.805850529,-0.780419969,-0.81574868,0.896779653,0.913067819,0.906015605,0.920401561,0.88939169,0.949758615,0.95240347,0.953504016,0.972132331,0.977086731,0.984271102,0.993636476,0.997700095,1,0.995188438,-0.54929096,-0.637387789,-0.568247308,-0.625758487,-0.46982889,-0.569395254,-0.588300962,-0.705709836,-0.697457053,-0.742422418,-0.722910676,-0.717288946,-0.793309881,-0.824065958,-0.812015188,-0.528400323,-0.550467285,-0.578069882,-0.604570504,-0.620282791,-0.573825605,-0.641182388,-0.72211403,-0.76706088,-0.621056779,-0.721329645,-0.755695172,-0.7895304,-0.827220498,-0.85615609,-0.534867747,-0.578168099,-0.567257881,-0.593464542,-0.660530794,-0.644150153,-0.681770471,-0.679794782,-0.765516167,-0.713090596,-0.675149357,-0.843378017,-0.851681378,-0.835295589,-0.789425388,0.914475902,0.914553187,0.918690802,0.934559138,0.932925013,0.936962854,0.961890617,0.954363425,0.97137374,0.977026351,0.982510829,0.993142452,0.997686955,1,0.994627447,0.042103442,0.064626665,0.105207139,0.081266983,-0.015453458,0.020718833,0.078865398,0.073723813,0.039123763,0.045573632,0.046698204,0.009502823,0.074204976,-0.072222543,-0.009780024
-0.466315439,-0.486928873,-0.682802499,-0.629861298,-0.56808758,-0.601983354,-0.67398057,-0.665660761,-0.710270176,-0.443884613,-0.741762346,-0.77694907,-0.819665032,-0.857258181,-0.886981092,-0.514871498,-0.355494829,-0.337708104,-0.705202052,-0.570870155,-0.658497237,-0.64767104,-0.67138702,-0.751666972,-0.697244325,-0.75593435,-0.741493475,-0.869198876,-0.86533016,-0.88323487,-0.533601549,-0.494782721,-0.556963067,-0.620937221,-0.671237291,-0.581534311,-0.65438703,-0.65188727,-0.645371223,-0.737565545,-0.769566579,-0.79320446,-0.814627364,-0.812185885,-0.770031153,0.874506101,0.88418665,0.866007903,0.904778366,0.928292601,0.949796625,0.930574425,0.937781579,0.943596862,0.951044991,0.974501268,0.978275224,0.987141638,0.994689207,1,-0.563646376,-0.767072593,-0.388904823,-0.59016527,-0.511310686,-0.655436018,-0.620784822,-0.654639606,-0.645805593,-0.679384751,-0.747023158,-0.779915408,-0.779913792,-0.814472536,-0.809883349,-0.503453863,-0.508622574,-0.475960628,-0.537798408,-0.588910231,-0.578182234,-0.653808046,-0.732191567,-0.659610543,-0.728763868,-0.759205823,-0.834887429,-0.805664915,-0.809003527,-0.801203459,-0.522384022,-0.512985972,-0.590992259,-0.659218248,-0.616096216,-0.568736157,-0.612861604,-0.692081375,-0.723250101,-0.726679287,-0.780212918,-0.787852405,-0.871286638,-0.808643963,-0.831020191,0.858932188,0.863867679,0.879956428,0.900321017,0.921306171,0.904214815,0.923017363,0.937734119,0.942723854,0.960197336,0.979402436,0.984429868,0.976975584,0.994627447,1,0.425631534,0.079466315,0.111925407,-0.113599244,0.1138185,0.191397528,0.033169643,-0.031913861,0.065554567,0.051966079,0.04049171,0.048700826,0.026105949,0.078725339,0.006698038
0.175690598,0.157666495,0.129677683,-0.088750427,0.122066702,-0.082576197,0.096089114,0.151423498,0.190806828,0.23374941,0.122805641,0.0324961,0.113770469,0.148081286,0.035678586,0.089477938,0.110390143,0.189867995,0.10559258,0.146115877,0.083354962,0.136606602,0.090779784,0.27720459,0.16473023,0.229348988,0.143496708,0.237534637,0.18117558,0.072469212,0.151151463,0.297788143,0.174551805,0.133076139,-0.013787493,0.088781174,0.123354709,0.154575446,0.165159889,0.132753017,0.09952434,0.079590956,0.102469749,0.077387399,-0.049838637,0.110917021,0.108152904,0.089652707,0.062263058,0.062537916,-0.031607005,0.065294387,0.068509471,0.057560605,0.045702138,0.014960854,0.082920103,-0.130582069,0.029054858,0.079911477,0.049370058,0.079950265,0.134638063,0.095629059,0.065493494,0.24661498,0.106666449,0.332796512,0.203685163,0.186001098,0.222954098,0.148762016,0.104662455,0.180037247,0.0830928,0.185227693,0.136965533,0.153577736,0.15811654,0.162314495,0.249777973,0.220908773,0.194470162,-0.30089756,0.186477749,0.2877356,0.150250879,0.162777638,0.159461346,0.167650182,0.112897711,0.166074289,0.136161252,0.177654098,0.052961155,0.126225748,0.186800343,0.166703656,-0.03026312,0.137174196,0.184630532,0.032030179,0.075223971,0.057275015,-0.024961718,0.055668885,0.045790548,0.074854637,0.104017406,0.087325091,0.142728351,0.094822364,0.088011297,0.127400702,-0.39815714,0.069710103,0.070319143,0.08664642,0.042103442,0.425631534,1,0.995271412,0.978947764,0.951573451,0.857523366,0.87843838,0.84251261,0.833411879,0.85696172,0.823705214,0.734982125,0.75322922,0.652662639,0.699492669,0.674512332
0.277075056,0.096438184,0.216641689,0.066397841,0.127247354,0.175013309,0.085072344,0.181629197,0.260515104,0.198982212,0.083272249,0.120386075,0.218434755,0.139598973,0.049424588,0.150249993,0.094543241,-0.256856169,-0.047961407,0.129584426,0.150188671,0.121243884,0.29167688,0.188917851,0.082448842,0.220486756,0.076714843,0.09394563,0.154094443,0.113722794,0.070732683,0.048995969,0.133567055,0.172701981,0.117819564,0.089507136,0.053502939,0.150002694,0.165310049,0.075138608,0.209112571,0.094252512,0.056647691,0.088229492,0.017545462,0.123626056,0.067467367,0.14375745,0.105412991,0.096707253,-0.195580113,0.079513828,0.090390624,0.085349848,0.059325834,0.0516962,0.077956407,0.088121592,0.0770466,0.037235152,0.209314759,0.128277797,0.141163099,0.152346557,0.155831589,0.019222464,0.230205767,0.237357836,0.202837127,0.213918609,0.225217968,0.140024625,0.326302615,0.166254603,0.081715091,0.238116369,0.174313017,0.154390013,0.187967625,0.161410692,0.194235632,0.260754128,0.227527491,0.225572171,0.202783643,0.207910344,0.158042078,0.082561388,0.179525945,0.134261934,0.190303454,0.152831022,0.158803793,0.168348243,0.140579133,0.018792903,0.158989858,0.186028641,0.186920468,0.157193813,0.163906072,0.028018135,-0.022343713,0.048731055,0.027132805,0.066791443,0.04520582,0.045560936,0.054901018,0.09721442,0.059355148,0.089388192,0.171274081,0.113253825,0.067305244,0.020071473,0.081100226,0.085923321,0.064626665,0.079466315,0.995271412,1,0.993307917,0.954286615,0.939445633,0.909042551,0.891296116,0.868722541,0.879588085,0.843075036,0.768690572,0.776714803,0.587175407,0.691016274,0.708212381
0.253616938,0.23088936,0.179975237,0.180581445,0.15080134,-0.003777742,0.12621954,0.187908975,0.160690048,0.114014455,0.183121586,0.12463832,0.107787189,0.157736039,0.307419729,0.13090216,0.168496971,0.178256596,0.198803076,0.199752393,0.192444222,0.199637336,0.237895703,0.248283492,0.204733524,0.083885539,0.156078388,0.247659056,0.163261412,0.176002639,0.175593291,0.178126526,0.12520092,0.183283738,0.143518384,0.229620596,0.147762379,0.252909024,0.242459787,0.110569705,0.280836075,0.098683846,0.03131317,0.008395254,-0.028992926,0.086090675,0.033034237,0.102121192,0.095545495,0.119987396,0.044042047,0.097127393,0.077968357,0.076604596,0.055013423,-0.013916856,0.085798525,0.016633784,0.091179908,0.084718728,0.115822389,0.092395205,0.198209913,0.201109112,0.155450073,0.257422959,0.267243683,0.238918884,0.280462712,0.230354333,0.401690448,0.131945632,0.16711059,0.216010805,0.224960704,0.226475437,0.149840751,0.190583978,0.213725817,0.158542239,0.217223923,0.300963296,0.231068321,0.181695313,0.255920214,0.277314378,0.169971608,0.15594215,0.213601823,0.005831073,0.148229478,0.183547404,0.151147507,0.145074548,0.142731982,0.142823655,0.172348531,0.220123467,0.169761747,-0.032425768,0.11765055,0.067725689,0.046823563,0.001075887,-0.043999832,0.043863809,0.01264516,0.080966445,0.049565873,0.107771991,0.139110358,0.065914917,0.071510407,0.057076805,0.068538872,0.137659318,0.103171825,0.008388167,0.105207139,0.111925407,0.978947764,0.993307917,1,0.986160377,0.972203065,0.898528528,0.900529931,0.929009507,0.833217964,0.785733319,0.837599197,0.805824447,0.760207155,0.735104966,0.592356926
0.133689069,0.176458682,0.154383292,0.191674816,0.175049695,0.216485498,0.049574689,0.035679769,0.351068884,0.110559849,0.220920412,0.179284125,0.163387153,0.060830428,0.094595731,0.21865744,0.219635032,0.203930569,0.199382212,0.180704457,0.193208377,0.289936828,0.240821608,0.178800626,0.20738229,0.178755937,0.117558142,0.252895328,0.153957188,0.071603073,0.11417824,0.198567323,0.166980223,0.20422455,0.153192865,0.18397573,0.15095539,0.162074856,0.147264362,0.168663933,0.156280244,0.086135809,7.33E-05,-0.0153314,0.0033946,0.204990328,0.059712924,0.159182139,0.058191502,0.025481021,0.07586462,0.113182408,0.079534287,0.04539505,0.064698797,0.186723876,0.092370489,0.06160587,0.043511943,0.039337162,0.137824554,0.233182559,0.207517747,0.157433226,0.208023323,0.158513233,0.314944233,0.213953451,0.16046521,0.245058576,0.138042292,0.166435349,0.131914615,0.236104445,0.168107808,-0.070069997,0.21986277,0.183220266,0.248444971,0.141225584,0.25079351,0.212314411,0.212556747,0.185099876,0.31906263,0.23854547,0.127900848,0.161988877,0.179545413,0.170370094,0.23144497,0.17846566,0.194831603,0.204594091,0.138102834,0.179962034,0.238724989,0.195045806,0.21715228,0.161839555,0.129153878,0.092479382,0.052392815,-0.015028886,-0.02836509,0.079676386,0.048127558,0.077725081,0.091049105,0.060093251,0.046456997,0.06537617,0.07514081,0.051246389,0.057731805,0.088237459,0.064637884,0.03662049,0.081266983,-0.113599244,0.951573451,0.954286615,0.986160377,1,0.99356162,0.970590656,0.962500756,0.918317826,0.915463539,0.853682644,0.809326029,0.767888916,0.792664138,0.755758449,0.720020616
0.119740051,0.205424201,0.183786543,0.18421418,0.192929551,0.055230597,0.232554875,0.06706616,0.079666747,0.090773802,0.17946601,0.162668779,0.188501315,0.026013159,0.002795724,0.307512171,0.205530723,0.184826796,0.219367206,0.128620496,-0.000760828,0.240017593,0.312262666,0.302195573,0.275425109,0.174471857,0.162998728,0.046316149,0.145201332,0.065891353,0.257148213,0.082155519,0.184699491,0.191482209,0.221825,0.195295815,0.361831688,0.279206036,0.262945902,0.247088879,0.221224192,0.146019279,0.197547795,-0.035378843,0.059969785,0.025749482,0.163880479,0.111105027,0.087418978,0.086361394,0.086129299,0.053373607,0.094907216,0.039269353,0.067559865,0.085669432,0.055572867,-0.05160625,0.070320243,0.122514865,0.172103562,0.151711043,0.188696846,0.197701093,0.178953488,0.165961706,0.320687341,0.249433457,0.3108783,0.216289924,0.221723403,0.146916277,0.185236246,0.21938371,0.185277857,0.267729305,0.105888037,0.198696032,0.277228417,0.189491684,0.239370004,0.197618508,0.171496798,0.256246961,0.287427232,0.099508353,0.154519056,0.265841246,0.138414182,0.138438645,0.194808745,0.246273868,0.201534982,0.187127954,0.149446507,0.209481041,0.210159583,0.240154747,0.174109616,0.203455109,0.222315587,0.090859814,0.074250663,-0.020832988,-0.010203007,0.033819851,0.264224012,0.121545884,-0.000915113,0.310398065,0.051207249,0.090117779,0.083741689,0.057417288,-0.011067821,0.061894426,0.022557268,0.03119772,-0.015453458,0.1138185,0.857523366,0.939445633,0.972203065,0.99356162,1,0.99087659,0.984703821,0.948597023,0.947573679,0.903493911,0.832865873,0.838744754,0.734084743,0.788717981,0.732138254
0.195072264,0.207269269,0.222998604,0.198872929,0.18734292,0.315721114,0.280043836,0.058607969,0.211037193,0.177414573,0.209990525,0.129775491,0.240046012,-0.022062001,0.151643261,0.164726008,0.205550494,0.233443232,0.222402155,0.217018743,0.260734595,0.375751911,0.340491371,0.255054125,-0.059376675,0.255749891,0.160774658,0.306636697,0.367587485,0.095779576,0.196849935,0.130651002,0.225090414,-0.081955312,-0.0268485,0.187935392,0.163442985,0.285769801,0.360261953,0.203935644,0.187083363,0.133715981,0.227790874,0.143459469,0.068417097,0.137142448,0.069040575,0.061061113,0.080346664,0.020394824,0.090860219,0.060211198,0.090758773,0.066615114,0.050287181,0.085110485,0.061318544,0.06073434,0.062226477,0.04968467,0.350408359,0.145584063,0.225533655,0.135827244,0.233767566,0.277447979,0.323093325,0.221922381,0.158839892,0.368691427,0.306684788,0.169166586,0.274592349,0.150202835,0.213351475,-0.122899476,0.178890661,0.239639263,0.243530676,0.20520607,0.225358305,0.283027736,0.325624805,0.24494352,0.284098303,0.311193982,0.185449161,0.237833073,0.234395986,0.182349971,0.325829896,0.227184732,0.224880363,0.19910995,0.136212392,0.187374757,0.227461242,0.218350552,0.226721575,0.329954048,0.259740943,0.109802075,-0.082768718,0.080692702,-0.12209501,0.039292151,0.077092841,0.056244198,0.086166305,0.079009469,0.045174421,0.05421073,0.063389513,0.057537916,0.039492953,0.069119461,0.093430392,0.002863588,0.020718833,0.191397528,0.87843838,0.909042551,0.898528528,0.970590656,0.99087659,1,0.991595429,0.977543366,0.932901018,0.927900267,0.921854756,0.948408661,0.818358108,0.782261341,0.77925207
0.280971905,0.220202351,0.261846176,0.266367598,0.074030573,0.276401315,0.173033407,0.337183225,0.099048424,0.231695795,0.217921253,0.154782819,0.193515614,0.046397074,0.18696791,0.211330904,0.294326117,0.245052719,0.244117232,0.228424866,0.260202792,-0.043218509,0.21658124,0.088223964,0.182709667,0.322818504,0.174353713,0.248694458,0.213503841,0.035769883,0.269860754,0.289052497,0.230678222,0.240481664,0.188410618,0.164319085,0.312654557,0.175070344,0.069834103,0.262453511,0.259910358,0.152117929,0.172338909,0.138213932,0.009123839,0.195290094,0.035830372,0.063156408,0.039382356,0.073009972,0.068436852,0.06305926,0.077870332,0.045986414,0.05341644,0.03164477,0.08469432,0.006810791,0.077213605,0.046158109,0.225053407,0.222323661,0.235543113,0.260063683,0.242561954,0.151710275,0.298417283,0.33772394,0.225633253,0.242368553,0.201965983,0.167383414,0.188748356,0.120220359,0.28605943,0.224731279,0.2051861,0.246617176,0.236933465,0.232866978,0.066588204,0.237805886,0.335591485,0.331294333,0.29491811,0.293578423,0.211897681,0.34555631,0.245464579,0.204919,0.248150824,0.007049204,0.239347565,0.232910291,0.180084637,0.203099063,0.136940605,0.115224038,0.285577678,0.233707361,0.155979433,0.132443865,0.182328908,0.073166378,-0.004837952,0.077074644,0.09973428,0.040388603,0.018176067,0.106106662,0.061830744,0.074660877,0.062699466,0.036833837,0.049533409,0.02939949,0.046483349,0.117970341,0.078865398,0.033169643,0.84251261,0.891296116,0.900529931,0.962500756,0.984703821,0.991595429,1,0.998786241,0.995279877,0.987833659,0.948721075,0.949424,0.828011847,0.77502076,0.781314143
0.164106025,0.257494004,0.274561621,0.290061108,0.149963979,0.331023095,0.381073694,0.314024145,0.247977823,0.273134971,0.216369035,0.208852125,0.207120805,0.388200087,0.132524558,0.303923306,0.291332165,0.267547392,0.257084827,0.242101393,0.262722545,0.258719218,0.354317831,0.20429108,0.287544375,0.254913893,0.199610949,0.207441484,0.149298676,0.18208927,0.000124514,0.196230698,0.186070597,0.251711325,0.20683136,0.275112326,0.221176,0.228080526,0.338404488,0.252147409,0.205143331,0.159039061,0.171764511,0.08519907,0.258555338,0.041644982,0.046231762,0.051444005,0.088636673,0.020251682,0.077850462,0.061270701,0.102195073,0.051246295,0.038531463,0.146069569,0.023715703,0.002341292,0.122824413,0.07206367,0.231626805,0.229514276,0.264124027,0.203545633,-0.004037141,0.385738312,0.373835201,0.308223678,0.334651527,0.368270817,-0.047662111,0.218930389,0.244161999,0.206292731,0.259654865,0.345874279,0.267623147,0.275623525,0.274854955,0.253146743,0.335396197,0.346164445,0.144871571,0.339927855,0.354873323,0.269101033,0.211740495,0.277540353,0.25605624,0.201479806,0.325773923,0.243511953,0.240450281,0.288802174,0.225131055,0.222690189,0.230328378,0.238022147,0.230547801,0.257025522,0.26029758,0.153942247,0.192321762,0.061232869,0.016111422,0.06115858,0.059621129,0.092958889,0.101095821,0.081551934,0.08724106,0.077353355,0.049285704,0.044147594,0.075007632,0.048601171,0.013311329,0.029773746,0.073723813,-0.031913861,0.833411879,0.868722541,0.929009507,0.918317826,0.948597023,0.977543366,0.998786241,1,0.998625758,0.99548932,0.987769947,0.970615802,0.885711106,0.853993792,0.732666972
0.303051219,0.227466488,0.266477914,0.28406633,0.240697163,0.136629196,0.329244082,0.46458316,0.208935319,0.396981439,0.267555689,0.163367812,0.230699394,0.203929359,0.127696483,0.191598636,0.258784172,0.295847999,0.294490241,0.228832387,0.356022526,0.246241039,0.226405866,0.360104109,0.306338467,0.27474991,0.188418695,0.226255838,0.241075418,0.139340736,0.247903553,0.297824473,0.280257838,0.286738653,0.246866667,0.260896454,0.312217179,0.269983641,0.223408358,0.318587675,0.255416183,0.150593844,0.203286809,0.187802019,0.034301264,0.077088151,0.082075562,0.063959114,0.024451733,0.076503814,0.072250099,0.055154717,0.04003693,0.059026475,0.019121318,0.025365939,0.01924476,0.007293759,0.101250117,-0.030187182,0.290472643,0.205357355,0.172535664,0.290456893,0.24569312,0.254881909,0.343414854,0.377810602,0.270030403,0.323247725,0.202063095,0.207201201,0.148919816,0.313873308,0.203346848,0.239245632,0.285262529,0.299612622,0.255169475,0.189668709,0.2556253,0.350812489,0.373617771,0.296550746,0.376664321,0.367488937,0.246929622,0.282507896,0.1910093,0.151582964,0.249363191,0.170921608,0.285701,0.279683637,0.245446903,0.218220274,0.144285398,0.254176401,0.235245301,0.260161962,0.192207494,0.148887948,0.135503176,0.081113362,-0.087600902,0.026366367,0.071393283,0.053416152,0.011653533,0.035641391,0.074760449,0.103155628,0.050492387,0.069417687,0.070586712,0.000758908,-0.038061975,-0.035818858,0.039123763,0.065554567,0.85696172,0.879588085,0.833217964,0.915463539,0.947573679,0.932901018,0.995279877,0.998625758,1,0.998741129,0.993802697,0.959854815,0.921528349,0.864297,0.776333498
0.300024085,0.265687866,0.294367414,0.324794034,0.252313245,0.288070534,0.266852328,0.406061419,0.2716897,0.299217661,0.325829999,0.216167081,0.194627922,0.181224596,0.141817942,0.311844211,0.303697917,0.318395128,0.327313089,0.240989032,0.103766343,0.115208135,0.275946074,0.289958641,0.295911962,0.309477109,0.206278288,0.298181768,0.211678831,0.217334573,0.256671647,0.241545328,0.276190206,0.295558567,0.258925007,0.231338313,0.324817242,0.335944988,0.290383934,0.279843893,0.316698914,0.190898594,0.131609679,0.303979723,0.033002057,0.110623465,0.033695676,0.085852053,0.07440149,0.090832746,0.055596461,0.071951283,0.068856653,0.061121208,0.036291931,0.1018132,0.015273425,0.019478269,0.029305133,-0.00144771,0.311121453,0.331596736,0.290441051,0.317110286,0.234048313,0.284731142,0.382638901,0.365123776,0.160683182,0.378246289,0.214107815,0.270037509,0.310740838,0.227660694,0.192187032,0.28844639,0.287356668,0.315567501,0.32071855,0.26074023,0.273129912,0.311873681,0.386459058,0.212467024,0.324091409,0.309419779,0.207874025,0.278487802,0.242889098,0.161555869,0.319914199,0.295579386,0.314420632,0.292233848,0.236931776,0.2541613,0.306389946,0.323420223,0.277746967,0.253987578,0.246052053,0.159488124,0.095262855,0.152061918,-0.032347804,0.030318122,0.075944567,0.086117007,0.067857696,0.070965368,0.067312551,0.049203927,0.073897252,0.049696453,0.037142904,0.018416858,0.034995971,0.031080503,0.045573632,0.051966079,0.823705214,0.843075036,0.785733319,0.853682644,0.903493911,0.927900267,0.987833659,0.99548932,0.998741129,1,0.998790652,0.975709408,0.950124644,0.891985763,0.829873591
0.324978486,0.295546581,0.315360239,0.294202118,0.270737658,0.311601465,0.318287605,0.363042282,0.332697771,0.301158173,0.354905468,0.222148672,0.302559998,0.223595011,0.061392142,0.329508312,0.260600768,0.323096801,0.337424093,0.236581432,0.264910224,0.318993759,0.305573729,0.303117014,0.364118662,0.115622857,0.209570135,0.295758175,0.229067944,0.196529045,0.360780906,0.278806575,0.297770048,0.321882985,0.259069231,0.228070337,0.194548472,0.29130703,0.313587808,0.319271973,0.110293996,0.213401681,0.199311891,0.188368694,-0.072320647,0.078815782,0.090137769,0.060548474,0.037360865,0.073016993,-0.023306012,0.052630172,0.070976499,-0.012179214,-0.0135083,0.040921609,0.058115894,0.032474886,-0.01357798,0.053169525,0.298903699,0.305384698,0.307191494,0.349421759,0.280800455,0.300157195,0.377619279,0.419665445,0.397853524,0.321207911,0.336834544,0.282698448,0.328768327,0.3452959,0.169117531,0.310278438,0.311595495,0.320556712,0.317350709,0.294618841,0.291347644,0.335692694,0.27069915,0.316603865,0.366575561,0.42680092,0.225137484,0.298229343,0.257632064,0.156039561,0.349747478,0.248207584,0.302048928,0.313806833,0.240754872,0.260066335,0.319944239,0.301962688,0.276465796,0.305681903,0.233885596,0.164477477,0.183282986,0.09717574,-0.084836848,0.060187619,0.074169695,0.037651533,0.036933142,0.043950308,0.037260837,0.035704519,0.062557307,0.029773312,0.011542483,0.047625535,0.081387793,0.019562456,0.046698204,0.04049171,0.734982125,0.768690572,0.837599197,0.809326029,0.832865873,0.921854756,0.948721075,0.987769947,0.993802697,0.998790652,1,0.991495287,0.979443807,0.920303356,0.907518384
0.368626121,0.359539926,0.344659473,0.357214281,0.307813135,0.343646658,0.307589224,0.220130378,0.367338481,0.270802159,0.346263785,0.251547327,0.273215913,0.196442266,0.170801458,0.240750829,0.336493787,0.356354342,0.34388821,0.269634748,0.385586028,0.267882114,0.328004181,0.389852123,0.324803253,0.298006713,0.175011761,0.306368024,0.298475016,0.120410966,0.301049616,0.33121579,0.337713831,0.342243661,0.304198591,0.248244504,0.34064072,0.348985036,0.291823619,0.242545081,0.29603652,0.199245543,0.094578597,0.176458554,0.128711995,0.066974286,0.037509303,0.085471003,0.003092202,0.02704608,0.052534023,0.04352511,0.06812325,0.049319188,0.0428644,0.014916729,0.016933362,-0.007484914,0.104365893,-0.009540538,0.275538792,0.38578296,0.357398404,0.371558776,0.302241025,0.317000186,0.379425643,0.389294979,0.371465057,0.351726936,0.364048413,0.274237658,0.307872499,0.229535875,0.071212103,0.34733964,0.307136891,0.368235007,0.356607805,0.307081195,0.364314183,0.377560234,0.366476709,0.361381391,0.246026346,0.335193149,0.295540989,0.311424476,0.135098761,0.226767308,0.334287511,0.30257956,0.327429903,0.348207053,0.293144783,0.286264548,0.465214681,0.304957346,0.303922818,0.259439932,0.22480525,0.186298713,0.188226728,0.064188086,0.037901518,0.058071653,0.054078835,0.039662632,0.046801322,0.025486073,0.051912363,0.034220002,0.03974101,0.043224453,0.04919305,0.009247322,0.001135855,-0.009612108,0.009502823,0.048700826,0.75322922,0.776714803,0.805824447,0.767888916,0.838744754,0.948408661,0.949424,0.970615802,0.959854815,0.975709408,0.991495287,1,0.987057401,0.96036354,0.821514319
0.320406322,0.34361713,0.372868774,0.385182213,0.302606918,0.307553437,0.364913551,0.323125708,0.385466107,0.312696409,0.392934327,0.256327749,0.259229365,0.130236659,0.135929218,0.380167651,0.31503676,0.369254052,0.390843365,0.295935756,0.332506502,0.208942958,0.31021048,0.345582203,0.350157184,0.324751506,0.235342264,0.271641718,0.188449989,0.196202089,0.331657962,0.332698307,0.370891313,0.369334923,0.277395432,0.299594793,0.329287081,0.338951662,0.286663969,0.325886405,0.279407541,0.226272973,0.231014119,0.263671016,0.025780679,0.070175399,0.029030212,0.094563206,0.051775108,0.100257354,0.038775074,0.028734599,0.083046834,0.010766778,0.020699033,0.010046107,0.091578469,-0.025966506,0.023934672,-0.015901863,0.316625076,0.330534745,0.398321677,0.363166563,0.326529456,0.330729828,0.355436461,0.288493201,0.377595569,0.387875179,0.282229522,0.281339954,0.300224328,0.319525216,0.192556745,0.309245156,0.276425086,0.36464154,0.369912739,0.350873406,0.370777196,0.352099195,0.356265999,0.405620713,0.375560075,0.315366939,0.302160254,0.245247668,0.322052475,0.275913516,0.333751438,0.338922675,0.375030541,0.343489404,0.316600276,0.28970592,0.366842474,0.30652097,0.340785063,0.304519532,0.264193326,0.198091875,0.214263503,0.034334461,0.045797292,0.026746969,0.026427813,-0.036741477,0.013038929,0.10290003,0.117590547,0.056475061,0.056090115,0.030689272,0.058396995,0.026235679,0.04582932,0.009604493,0.074204976,0.026105949,0.652662639,0.587175407,0.760207155,0.792664138,0.734084743,0.818358108,0.828011847,0.885711106,0.921528349,0.950124644,0.979443807,0.987057401,1,0.975603597,0.947470696
0.371389979,0.359982058,0.394621016,0.399169851,0.336158638,0.351222906,0.386398077,0.448737103,0.402681214,0.326432735,0.592301262,0.292992757,0.242166914,0.295320309,0.100917333,0.342323399,0.323231579,0.391851439,0.390197649,0.327122655,0.351736664,0.395723476,0.352702201,0.341578213,0.328147753,0.351101826,0.321008454,0.319383936,0.421869906,0.138277106,0.310797804,0.340904587,0.358390024,0.389843924,0.319487415,0.327571597,0.320953648,0.320546298,0.328557515,0.248075731,0.327922725,0.238428879,0.183935416,0.044714587,-0.022444489,-0.013357099,0.045474438,0.033709389,0.030898137,0.044199299,0.047124967,0.029591655,0.028642154,0.040388349,-0.076591139,0.036414991,-0.032136778,0.029195365,-0.000858142,-0.026261752,0.364927155,0.334988384,0.402927867,0.381261592,0.34387882,0.329820549,0.356037356,0.372012962,0.405695245,0.341787083,0.328684067,0.29300526,0.288491187,0.191765921,0.251834347,0.378421587,0.361705414,0.382290554,0.411179501,0.318107163,0.327907257,0.431523701,0.385559223,0.358900945,0.406295945,0.355703236,0.293470193,0.28493242,0.27967666,0.253498302,0.326582052,0.345503879,0.38505144,0.360781265,0.322779373,0.318759295,0.437010498,0.337228055,0.386657631,0.297916598,0.272928509,0.229419779,0.157975092,0.081518168,0.005865179,0.034226194,0.043150273,0.093414263,0.052693654,0.040883909,-0.042681747,0.016486621,0.022981144,0.007378461,0.041868922,0.040594754,0.014862522,0.00463045,-0.072222543,0.078725339,0.699492669,0.691016274,0.735104966,0.755758449,0.788717981,0.782261341,0.77502076,0.853993792,0.864297,0.891985763,0.920303356,0.96036354,0.975603597,1,0.986896
0.373896376,0.320040954,0.441019488,0.420220598,0.325276234,0.424333953,0.362932557,0.364447878,0.358862666,0.405801286,0.315876785,0.28970446,0.291018207,0.246039829,0.186818721,0.37892436,0.384754611,0.420458821,0.399566683,0.357128024,0.30791998,0.37967605,0.367692259,0.40369931,0.399726821,0.358292885,0.249095883,0.26067783,0.228633507,0.155929899,0.38153557,0.345524601,0.400229677,0.445707566,0.354170014,0.318069865,0.44525162,0.341996241,0.340281165,0.349001272,0.29011006,0.272879786,0.25537872,0.168826354,0.007433225,0.035999097,0.080847992,0.073126924,0.018935327,0.033024955,0.03799571,0.025461964,0.03886912,0.010597528,-0.000719795,0.001592933,-0.020094576,-0.039909148,-0.015199525,0.038284948,0.353540669,0.370921125,0.411881549,0.415620615,0.331693264,0.371222581,0.376856561,0.386303252,0.411184042,0.418195121,0.375252061,0.338266187,0.420406251,0.339841941,0.285401729,0.431613633,0.334128159,0.402320205,0.412372544,0.331695472,0.399157111,0.380787286,0.341730242,0.392367907,0.384291222,0.408045297,0.297976468,0.326211654,0.272915919,0.195537679,0.344866989,0.346029098,0.479373436,0.362260556,0.401650116,0.307600385,0.363389676,0.366712357,0.334116701,0.32704114,0.324963922,0.210076829,0.184254427,0.153797777,0.007740585,0.032613777,0.062804887,0.012381777,0.038549219,0.026321996,0.061260972,0.021960129,0.044121362,0.005652154,0.032906913,-0.001566908,0.019421457,0.017833136,-0.009780024,0.006698038,0.674512332,0.708212381,0.592356926,0.720020616,0.732138254,0.77925207,0.781314143,0.732666972,0.776333498,0.829873591,0.907518384,0.821514319,0.947470696,0.986896,1